2026-06-13 00:00:00.737 DEBUG [DiscoveryClient-CacheRefreshExecutor-0] c.n.d.s.t.d.SessionedEurekaHttpClient - Ending a session and starting anew
2026-06-13 00:00:00.808 DEBUG [DiscoveryClient-HeartbeatExecutor-0] c.netflix.discovery.DiscoveryClient - DiscoveryClient_CHATBOT-MICROSERVICE/chatbot-microservice:f7ea7abaac0af316d677d10b7c409315 - Heartbeat status: 200
2026-06-13 00:00:01.202 DEBUG [DiscoveryClient-CacheRefreshExecutor-0] c.n.d.s.t.d.RedirectingEurekaHttpClient - Pinning to endpoint null
2026-06-13 00:00:01.202 DEBUG [DiscoveryClient-CacheRefreshExecutor-0] c.netflix.discovery.DiscoveryClient - Got delta update with apps hashcode UP_6_
2026-06-13 00:00:01.202 DEBUG [DiscoveryClient-CacheRefreshExecutor-0] c.netflix.discovery.DiscoveryClient - The total number of instances fetched by the delta processor : 0
2026-06-13 00:00:01.202 DEBUG [DiscoveryClient-CacheRefreshExecutor-0] c.netflix.discovery.DiscoveryClient - The total number of all instances in the client now is 6
2026-06-13 00:00:01.202 DEBUG [DiscoveryClient-CacheRefreshExecutor-0] c.netflix.discovery.DiscoveryClient - Completed cache refresh task for discovery. All Apps hash code is Local region apps hashcode: UP_6_, is fetching remote regions? false 
2026-06-13 00:00:03.193 DEBUG [http-nio-8086-exec-3] c.c.c.service.ChatSessionService - Session 0fe739eca83141d9ac26d844ba8d226a found in cache
2026-06-13 00:00:03.195 DEBUG [http-nio-8086-exec-3] c.c.c.service.ChatSessionService - Extended session 0fe739eca83141d9ac26d844ba8d226a
2026-06-13 00:00:23.203 DEBUG [http-nio-8086-exec-10] c.c.c.service.ChatSessionService - Session 0fe739eca83141d9ac26d844ba8d226a found in cache
2026-06-13 00:00:23.207 DEBUG [http-nio-8086-exec-10] c.c.c.service.ChatSessionService - Extended session 0fe739eca83141d9ac26d844ba8d226a
2026-06-13 00:00:29.216 DEBUG [http-nio-8086-exec-9] c.c.c.service.ChatSessionService - Session 0fe739eca83141d9ac26d844ba8d226a found in cache
2026-06-13 00:00:29.216 DEBUG [http-nio-8086-exec-9] c.c.c.service.ChatSessionService - Extended session 0fe739eca83141d9ac26d844ba8d226a
2026-06-13 00:00:31.153 DEBUG [DiscoveryClient-HeartbeatExecutor-0] c.netflix.discovery.DiscoveryClient - DiscoveryClient_CHATBOT-MICROSERVICE/chatbot-microservice:f7ea7abaac0af316d677d10b7c409315 - Heartbeat status: 200
2026-06-13 00:00:31.217 DEBUG [DiscoveryClient-CacheRefreshExecutor-0] c.netflix.discovery.DiscoveryClient - Got delta update with apps hashcode UP_6_
2026-06-13 00:00:31.217 DEBUG [DiscoveryClient-CacheRefreshExecutor-0] c.netflix.discovery.DiscoveryClient - The total number of instances fetched by the delta processor : 0
2026-06-13 00:00:31.217 DEBUG [DiscoveryClient-CacheRefreshExecutor-0] c.netflix.discovery.DiscoveryClient - The total number of all instances in the client now is 6
2026-06-13 00:00:31.217 DEBUG [DiscoveryClient-CacheRefreshExecutor-0] c.netflix.discovery.DiscoveryClient - Completed cache refresh task for discovery. All Apps hash code is Local region apps hashcode: UP_6_, is fetching remote regions? false 
2026-06-13 00:00:53.216 DEBUG [http-nio-8086-exec-8] c.c.c.service.ChatSessionService - Session 0fe739eca83141d9ac26d844ba8d226a found in cache
2026-06-13 00:00:53.218 DEBUG [http-nio-8086-exec-8] c.c.c.service.ChatSessionService - Extended session 0fe739eca83141d9ac26d844ba8d226a
2026-06-13 00:01:01.190 DEBUG [DiscoveryClient-HeartbeatExecutor-0] c.netflix.discovery.DiscoveryClient - DiscoveryClient_CHATBOT-MICROSERVICE/chatbot-microservice:f7ea7abaac0af316d677d10b7c409315 - Heartbeat status: 200
2026-06-13 00:01:01.222 DEBUG [DiscoveryClient-CacheRefreshExecutor-0] c.netflix.discovery.DiscoveryClient - Got delta update with apps hashcode UP_6_
2026-06-13 00:01:01.222 DEBUG [DiscoveryClient-CacheRefreshExecutor-0] c.netflix.discovery.DiscoveryClient - The total number of instances fetched by the delta processor : 0
2026-06-13 00:01:01.223 DEBUG [DiscoveryClient-CacheRefreshExecutor-0] c.netflix.discovery.DiscoveryClient - The total number of all instances in the client now is 6
2026-06-13 00:01:01.223 DEBUG [DiscoveryClient-CacheRefreshExecutor-0] c.netflix.discovery.DiscoveryClient - Completed cache refresh task for discovery. All Apps hash code is Local region apps hashcode: UP_6_, is fetching remote regions? false 
2026-06-13 00:01:16.313 INFO  [AsyncResolver-bootstrap-executor-0] c.n.d.s.r.aws.ConfigClusterResolver - Resolving eureka endpoints via configuration
2026-06-13 00:01:16.314 DEBUG [AsyncResolver-bootstrap-executor-0] c.n.discovery.endpoint.EndpointUtils - The availability zone for the given region us-east-1 are [defaultZone]
2026-06-13 00:01:16.315 DEBUG [AsyncResolver-bootstrap-executor-0] c.n.d.s.r.aws.ConfigClusterResolver - Config resolved to [AwsEndpoint{ serviceUrl='http://localhost:8761/eureka/', region='us-east-1', zone='defaultZone'}]
2026-06-13 00:01:16.316 DEBUG [AsyncResolver-bootstrap-executor-0] c.n.d.s.r.a.ZoneAffinityClusterResolver - Local zone=defaultZone; resolved to: [AwsEndpoint{ serviceUrl='http://localhost:8761/eureka/', region='us-east-1', zone='defaultZone'}]
2026-06-13 00:01:16.316 DEBUG [AsyncResolver-bootstrap-executor-0] c.n.d.shared.resolver.AsyncResolver - Resolved to [AwsEndpoint{ serviceUrl='http://localhost:8761/eureka/', region='us-east-1', zone='defaultZone'}]
2026-06-13 00:01:18.181 DEBUG [http-nio-8086-exec-6] c.c.c.service.ChatSessionService - Session 0fe739eca83141d9ac26d844ba8d226a found in cache
2026-06-13 00:01:18.185 DEBUG [http-nio-8086-exec-6] c.c.c.service.ChatSessionService - Extended session 0fe739eca83141d9ac26d844ba8d226a
2026-06-13 00:01:23.231 DEBUG [http-nio-8086-exec-3] c.c.c.service.ChatSessionService - Session 0fe739eca83141d9ac26d844ba8d226a found in cache
2026-06-13 00:01:23.231 DEBUG [http-nio-8086-exec-3] c.c.c.service.ChatSessionService - Extended session 0fe739eca83141d9ac26d844ba8d226a
2026-06-13 00:01:31.241 DEBUG [DiscoveryClient-HeartbeatExecutor-0] c.netflix.discovery.DiscoveryClient - DiscoveryClient_CHATBOT-MICROSERVICE/chatbot-microservice:f7ea7abaac0af316d677d10b7c409315 - Heartbeat status: 200
2026-06-13 00:01:31.249 DEBUG [DiscoveryClient-CacheRefreshExecutor-0] c.netflix.discovery.DiscoveryClient - Got delta update with apps hashcode UP_6_
2026-06-13 00:01:31.249 DEBUG [DiscoveryClient-CacheRefreshExecutor-0] c.netflix.discovery.DiscoveryClient - The total number of instances fetched by the delta processor : 0
2026-06-13 00:01:31.249 DEBUG [DiscoveryClient-CacheRefreshExecutor-0] c.netflix.discovery.DiscoveryClient - The total number of all instances in the client now is 6
2026-06-13 00:01:31.249 DEBUG [DiscoveryClient-CacheRefreshExecutor-0] c.netflix.discovery.DiscoveryClient - Completed cache refresh task for discovery. All Apps hash code is Local region apps hashcode: UP_6_, is fetching remote regions? false 
2026-06-13 00:01:32.880 DEBUG [http-nio-8086-exec-10] c.c.c.service.ChatSessionService - Session 105f38b13d9e495785061e29600283e6 found in cache
2026-06-13 00:01:32.883 DEBUG [http-nio-8086-exec-10] c.c.c.service.ChatSessionService - Extended session 105f38b13d9e495785061e29600283e6
2026-06-13 00:01:40.673 DEBUG [http-nio-8086-exec-9] c.c.c.service.ChatSessionService - Session 105f38b13d9e495785061e29600283e6 found in cache
2026-06-13 00:01:40.673 DEBUG [http-nio-8086-exec-9] c.c.c.service.ChatSessionService - Extended session 105f38b13d9e495785061e29600283e6
2026-06-13 00:01:42.401 DEBUG [http-nio-8086-exec-4] c.c.c.service.ChatSessionService - Session 0fe739eca83141d9ac26d844ba8d226a found in cache
2026-06-13 00:01:42.409 DEBUG [http-nio-8086-exec-4] c.c.c.service.ChatSessionService - Extended session 0fe739eca83141d9ac26d844ba8d226a
2026-06-13 00:02:01.269 DEBUG [DiscoveryClient-CacheRefreshExecutor-0] c.netflix.discovery.DiscoveryClient - Got delta update with apps hashcode UP_6_
2026-06-13 00:02:01.269 DEBUG [DiscoveryClient-CacheRefreshExecutor-0] c.netflix.discovery.DiscoveryClient - The total number of instances fetched by the delta processor : 0
2026-06-13 00:02:01.269 DEBUG [DiscoveryClient-HeartbeatExecutor-0] c.netflix.discovery.DiscoveryClient - DiscoveryClient_CHATBOT-MICROSERVICE/chatbot-microservice:f7ea7abaac0af316d677d10b7c409315 - Heartbeat status: 200
2026-06-13 00:02:01.270 DEBUG [DiscoveryClient-CacheRefreshExecutor-0] c.netflix.discovery.DiscoveryClient - The total number of all instances in the client now is 6
2026-06-13 00:02:01.270 DEBUG [DiscoveryClient-CacheRefreshExecutor-0] c.netflix.discovery.DiscoveryClient - Completed cache refresh task for discovery. All Apps hash code is Local region apps hashcode: UP_6_, is fetching remote regions? false 
2026-06-13 00:02:08.222 DEBUG [http-nio-8086-exec-2] c.c.c.service.ChatSessionService - Session 0fe739eca83141d9ac26d844ba8d226a found in cache
2026-06-13 00:02:08.224 DEBUG [http-nio-8086-exec-2] c.c.c.service.ChatSessionService - Extended session 0fe739eca83141d9ac26d844ba8d226a
2026-06-13 00:02:23.236 DEBUG [http-nio-8086-exec-5] c.c.c.service.ChatSessionService - Session 0fe739eca83141d9ac26d844ba8d226a found in cache
2026-06-13 00:02:23.238 DEBUG [http-nio-8086-exec-5] c.c.c.service.ChatSessionService - Extended session 0fe739eca83141d9ac26d844ba8d226a
2026-06-13 00:02:31.289 DEBUG [DiscoveryClient-HeartbeatExecutor-0] c.netflix.discovery.DiscoveryClient - DiscoveryClient_CHATBOT-MICROSERVICE/chatbot-microservice:f7ea7abaac0af316d677d10b7c409315 - Heartbeat status: 200
2026-06-13 00:02:31.289 DEBUG [DiscoveryClient-CacheRefreshExecutor-0] c.netflix.discovery.DiscoveryClient - Got delta update with apps hashcode UP_6_
2026-06-13 00:02:31.290 DEBUG [DiscoveryClient-CacheRefreshExecutor-0] c.netflix.discovery.DiscoveryClient - The total number of instances fetched by the delta processor : 0
2026-06-13 00:02:31.290 DEBUG [DiscoveryClient-CacheRefreshExecutor-0] c.netflix.discovery.DiscoveryClient - The total number of all instances in the client now is 6
2026-06-13 00:02:31.290 DEBUG [DiscoveryClient-CacheRefreshExecutor-0] c.netflix.discovery.DiscoveryClient - Completed cache refresh task for discovery. All Apps hash code is Local region apps hashcode: UP_6_, is fetching remote regions? false 
2026-06-13 00:02:33.184 DEBUG [http-nio-8086-exec-1] c.c.c.service.ChatSessionService - Session 0fe739eca83141d9ac26d844ba8d226a found in cache
2026-06-13 00:02:33.188 DEBUG [http-nio-8086-exec-1] c.c.c.service.ChatSessionService - Extended session 0fe739eca83141d9ac26d844ba8d226a
2026-06-13 00:02:34.630 DEBUG [http-nio-8086-exec-10] c.c.c.service.ChatSessionService - Session 105f38b13d9e495785061e29600283e6 found in cache
2026-06-13 00:02:34.632 DEBUG [http-nio-8086-exec-10] c.c.c.service.ChatSessionService - Extended session 105f38b13d9e495785061e29600283e6
2026-06-13 00:02:58.203 DEBUG [http-nio-8086-exec-9] c.c.c.service.ChatSessionService - Session 0fe739eca83141d9ac26d844ba8d226a found in cache
2026-06-13 00:02:58.208 DEBUG [http-nio-8086-exec-9] c.c.c.service.ChatSessionService - Extended session 0fe739eca83141d9ac26d844ba8d226a
2026-06-13 00:03:01.320 DEBUG [DiscoveryClient-HeartbeatExecutor-0] c.netflix.discovery.DiscoveryClient - DiscoveryClient_CHATBOT-MICROSERVICE/chatbot-microservice:f7ea7abaac0af316d677d10b7c409315 - Heartbeat status: 200
2026-06-13 00:03:01.320 DEBUG [DiscoveryClient-CacheRefreshExecutor-0] c.netflix.discovery.DiscoveryClient - Got delta update with apps hashcode UP_6_
2026-06-13 00:03:01.321 DEBUG [DiscoveryClient-CacheRefreshExecutor-0] c.netflix.discovery.DiscoveryClient - The total number of instances fetched by the delta processor : 0
2026-06-13 00:03:01.321 DEBUG [DiscoveryClient-CacheRefreshExecutor-0] c.netflix.discovery.DiscoveryClient - The total number of all instances in the client now is 6
2026-06-13 00:03:01.321 DEBUG [DiscoveryClient-CacheRefreshExecutor-0] c.netflix.discovery.DiscoveryClient - Completed cache refresh task for discovery. All Apps hash code is Local region apps hashcode: UP_6_, is fetching remote regions? false 
2026-06-13 00:03:07.905 DEBUG [http-nio-8086-exec-8] c.c.c.service.ChatSessionService - Session 0fe739eca83141d9ac26d844ba8d226a found in cache
2026-06-13 00:03:08.030 DEBUG [http-nio-8086-exec-2] c.c.c.service.ChatSessionService - Session 0fe739eca83141d9ac26d844ba8d226a found in cache
2026-06-13 00:03:10.437 DEBUG [http-nio-8086-exec-6] c.c.c.service.ChatSessionService - Session 105f38b13d9e495785061e29600283e6 found in cache
2026-06-13 00:03:10.467 DEBUG [http-nio-8086-exec-6] c.c.c.service.ChatSessionService - Extended session 105f38b13d9e495785061e29600283e6
2026-06-13 00:03:14.724 DEBUG [http-nio-8086-exec-5] c.c.c.service.ChatSessionService - Session 105f38b13d9e495785061e29600283e6 found in cache
2026-06-13 00:03:14.848 DEBUG [http-nio-8086-exec-3] c.c.c.service.ChatSessionService - Session 105f38b13d9e495785061e29600283e6 found in cache
2026-06-13 00:03:23.190 DEBUG [http-nio-8086-exec-10] c.c.c.service.ChatSessionService - Session 0fe739eca83141d9ac26d844ba8d226a found in cache
2026-06-13 00:03:23.190 DEBUG [http-nio-8086-exec-10] c.c.c.service.ChatSessionService - Extended session 0fe739eca83141d9ac26d844ba8d226a
2026-06-13 00:03:31.363 DEBUG [DiscoveryClient-HeartbeatExecutor-0] c.netflix.discovery.DiscoveryClient - DiscoveryClient_CHATBOT-MICROSERVICE/chatbot-microservice:f7ea7abaac0af316d677d10b7c409315 - Heartbeat status: 200
2026-06-13 00:03:31.363 DEBUG [DiscoveryClient-CacheRefreshExecutor-0] c.netflix.discovery.DiscoveryClient - Got delta update with apps hashcode UP_6_
2026-06-13 00:03:31.364 DEBUG [DiscoveryClient-CacheRefreshExecutor-0] c.netflix.discovery.DiscoveryClient - The total number of instances fetched by the delta processor : 0
2026-06-13 00:03:31.365 DEBUG [DiscoveryClient-CacheRefreshExecutor-0] c.netflix.discovery.DiscoveryClient - The total number of all instances in the client now is 6
2026-06-13 00:03:31.365 DEBUG [DiscoveryClient-CacheRefreshExecutor-0] c.netflix.discovery.DiscoveryClient - Completed cache refresh task for discovery. All Apps hash code is Local region apps hashcode: UP_6_, is fetching remote regions? false 
2026-06-13 00:03:33.223 DEBUG [http-nio-8086-exec-9] c.c.c.service.ChatSessionService - Session 0fe739eca83141d9ac26d844ba8d226a found in cache
2026-06-13 00:03:33.227 DEBUG [http-nio-8086-exec-9] c.c.c.service.ChatSessionService - Extended session 0fe739eca83141d9ac26d844ba8d226a
2026-06-13 00:03:58.200 DEBUG [http-nio-8086-exec-8] c.c.c.service.ChatSessionService - Session 0fe739eca83141d9ac26d844ba8d226a found in cache
2026-06-13 00:03:58.203 DEBUG [http-nio-8086-exec-8] c.c.c.service.ChatSessionService - Extended session 0fe739eca83141d9ac26d844ba8d226a
2026-06-13 00:04:01.384 DEBUG [DiscoveryClient-CacheRefreshExecutor-0] c.netflix.discovery.DiscoveryClient - Got delta update with apps hashcode UP_6_
2026-06-13 00:04:01.384 DEBUG [DiscoveryClient-CacheRefreshExecutor-0] c.netflix.discovery.DiscoveryClient - The total number of instances fetched by the delta processor : 0
2026-06-13 00:04:01.384 DEBUG [DiscoveryClient-CacheRefreshExecutor-0] c.netflix.discovery.DiscoveryClient - The total number of all instances in the client now is 6
2026-06-13 00:04:01.384 DEBUG [DiscoveryClient-CacheRefreshExecutor-0] c.netflix.discovery.DiscoveryClient - Completed cache refresh task for discovery. All Apps hash code is Local region apps hashcode: UP_6_, is fetching remote regions? false 
2026-06-13 00:04:01.384 DEBUG [DiscoveryClient-HeartbeatExecutor-0] c.netflix.discovery.DiscoveryClient - DiscoveryClient_CHATBOT-MICROSERVICE/chatbot-microservice:f7ea7abaac0af316d677d10b7c409315 - Heartbeat status: 200
2026-06-13 00:04:23.204 DEBUG [http-nio-8086-exec-6] c.c.c.service.ChatSessionService - Session 0fe739eca83141d9ac26d844ba8d226a found in cache
2026-06-13 00:04:23.213 DEBUG [http-nio-8086-exec-6] c.c.c.service.ChatSessionService - Extended session 0fe739eca83141d9ac26d844ba8d226a
2026-06-13 00:04:23.225 DEBUG [http-nio-8086-exec-5] c.c.c.service.ChatSessionService - Session 0fe739eca83141d9ac26d844ba8d226a found in cache
2026-06-13 00:04:23.244 DEBUG [http-nio-8086-exec-5] c.c.c.service.ChatSessionService - Extended session 0fe739eca83141d9ac26d844ba8d226a
2026-06-13 00:04:31.402 DEBUG [DiscoveryClient-CacheRefreshExecutor-0] c.netflix.discovery.DiscoveryClient - Got delta update with apps hashcode UP_6_
2026-06-13 00:04:31.401 DEBUG [DiscoveryClient-HeartbeatExecutor-0] c.netflix.discovery.DiscoveryClient - DiscoveryClient_CHATBOT-MICROSERVICE/chatbot-microservice:f7ea7abaac0af316d677d10b7c409315 - Heartbeat status: 200
2026-06-13 00:04:31.403 DEBUG [DiscoveryClient-CacheRefreshExecutor-0] c.netflix.discovery.DiscoveryClient - The total number of instances fetched by the delta processor : 0
2026-06-13 00:04:31.403 DEBUG [DiscoveryClient-CacheRefreshExecutor-0] c.netflix.discovery.DiscoveryClient - The total number of all instances in the client now is 6
2026-06-13 00:04:31.403 DEBUG [DiscoveryClient-CacheRefreshExecutor-0] c.netflix.discovery.DiscoveryClient - Completed cache refresh task for discovery. All Apps hash code is Local region apps hashcode: UP_6_, is fetching remote regions? false 
2026-06-13 00:04:48.178 DEBUG [http-nio-8086-exec-10] c.c.c.service.ChatSessionService - Session 0fe739eca83141d9ac26d844ba8d226a found in cache
2026-06-13 00:04:48.182 DEBUG [http-nio-8086-exec-10] c.c.c.service.ChatSessionService - Extended session 0fe739eca83141d9ac26d844ba8d226a
2026-06-13 00:05:01.436 DEBUG [DiscoveryClient-CacheRefreshExecutor-0] c.netflix.discovery.DiscoveryClient - Got delta update with apps hashcode UP_6_
2026-06-13 00:05:01.436 DEBUG [DiscoveryClient-CacheRefreshExecutor-0] c.netflix.discovery.DiscoveryClient - The total number of instances fetched by the delta processor : 0
2026-06-13 00:05:01.436 DEBUG [DiscoveryClient-CacheRefreshExecutor-0] c.netflix.discovery.DiscoveryClient - The total number of all instances in the client now is 6
2026-06-13 00:05:01.436 DEBUG [DiscoveryClient-CacheRefreshExecutor-0] c.netflix.discovery.DiscoveryClient - Completed cache refresh task for discovery. All Apps hash code is Local region apps hashcode: UP_6_, is fetching remote regions? false 
2026-06-13 00:05:01.436 DEBUG [DiscoveryClient-HeartbeatExecutor-0] c.netflix.discovery.DiscoveryClient - DiscoveryClient_CHATBOT-MICROSERVICE/chatbot-microservice:f7ea7abaac0af316d677d10b7c409315 - Heartbeat status: 200
2026-06-13 00:05:13.178 DEBUG [http-nio-8086-exec-9] c.c.c.service.ChatSessionService - Session 0fe739eca83141d9ac26d844ba8d226a found in cache
2026-06-13 00:05:13.178 DEBUG [http-nio-8086-exec-9] c.c.c.service.ChatSessionService - Extended session 0fe739eca83141d9ac26d844ba8d226a
2026-06-13 00:05:24.163 DEBUG [http-nio-8086-exec-8] c.c.c.service.ChatSessionService - Session 0fe739eca83141d9ac26d844ba8d226a found in cache
2026-06-13 00:05:24.163 DEBUG [http-nio-8086-exec-8] c.c.c.service.ChatSessionService - Extended session 0fe739eca83141d9ac26d844ba8d226a
2026-06-13 00:05:31.464 DEBUG [DiscoveryClient-CacheRefreshExecutor-0] c.netflix.discovery.DiscoveryClient - Got delta update with apps hashcode UP_6_
2026-06-13 00:05:31.464 DEBUG [DiscoveryClient-CacheRefreshExecutor-0] c.netflix.discovery.DiscoveryClient - The total number of instances fetched by the delta processor : 0
2026-06-13 00:05:31.465 DEBUG [DiscoveryClient-CacheRefreshExecutor-0] c.netflix.discovery.DiscoveryClient - The total number of all instances in the client now is 6
2026-06-13 00:05:31.465 DEBUG [DiscoveryClient-CacheRefreshExecutor-0] c.netflix.discovery.DiscoveryClient - Completed cache refresh task for discovery. All Apps hash code is Local region apps hashcode: UP_6_, is fetching remote regions? false 
2026-06-13 00:05:31.466 DEBUG [DiscoveryClient-HeartbeatExecutor-0] c.netflix.discovery.DiscoveryClient - DiscoveryClient_CHATBOT-MICROSERVICE/chatbot-microservice:f7ea7abaac0af316d677d10b7c409315 - Heartbeat status: 200
2026-06-13 00:05:40.510 DEBUG [http-nio-8086-exec-6] c.c.c.service.ChatSessionService - Session 0fe739eca83141d9ac26d844ba8d226a found in cache
2026-06-13 00:05:40.510 DEBUG [http-nio-8086-exec-6] c.c.c.service.ChatSessionService - Extended session 0fe739eca83141d9ac26d844ba8d226a
2026-06-13 00:06:01.483 DEBUG [DiscoveryClient-CacheRefreshExecutor-0] c.netflix.discovery.DiscoveryClient - Got delta update with apps hashcode UP_6_
2026-06-13 00:06:01.483 DEBUG [DiscoveryClient-CacheRefreshExecutor-0] c.netflix.discovery.DiscoveryClient - The total number of instances fetched by the delta processor : 0
2026-06-13 00:06:01.483 DEBUG [DiscoveryClient-CacheRefreshExecutor-0] c.netflix.discovery.DiscoveryClient - The total number of all instances in the client now is 6
2026-06-13 00:06:01.483 DEBUG [DiscoveryClient-HeartbeatExecutor-0] c.netflix.discovery.DiscoveryClient - DiscoveryClient_CHATBOT-MICROSERVICE/chatbot-microservice:f7ea7abaac0af316d677d10b7c409315 - Heartbeat status: 200
2026-06-13 00:06:01.483 DEBUG [DiscoveryClient-CacheRefreshExecutor-0] c.netflix.discovery.DiscoveryClient - Completed cache refresh task for discovery. All Apps hash code is Local region apps hashcode: UP_6_, is fetching remote regions? false 
2026-06-13 00:06:03.178 DEBUG [http-nio-8086-exec-3] c.c.c.service.ChatSessionService - Session 0fe739eca83141d9ac26d844ba8d226a found in cache
2026-06-13 00:06:03.181 DEBUG [http-nio-8086-exec-3] c.c.c.service.ChatSessionService - Extended session 0fe739eca83141d9ac26d844ba8d226a
2026-06-13 00:06:16.305 INFO  [AsyncResolver-bootstrap-executor-0] c.n.d.s.r.aws.ConfigClusterResolver - Resolving eureka endpoints via configuration
2026-06-13 00:06:16.305 DEBUG [AsyncResolver-bootstrap-executor-0] c.n.discovery.endpoint.EndpointUtils - The availability zone for the given region us-east-1 are [defaultZone]
2026-06-13 00:06:16.305 DEBUG [AsyncResolver-bootstrap-executor-0] c.n.d.s.r.aws.ConfigClusterResolver - Config resolved to [AwsEndpoint{ serviceUrl='http://localhost:8761/eureka/', region='us-east-1', zone='defaultZone'}]
2026-06-13 00:06:16.305 DEBUG [AsyncResolver-bootstrap-executor-0] c.n.d.s.r.a.ZoneAffinityClusterResolver - Local zone=defaultZone; resolved to: [AwsEndpoint{ serviceUrl='http://localhost:8761/eureka/', region='us-east-1', zone='defaultZone'}]
2026-06-13 00:06:16.305 DEBUG [AsyncResolver-bootstrap-executor-0] c.n.d.shared.resolver.AsyncResolver - Resolved to [AwsEndpoint{ serviceUrl='http://localhost:8761/eureka/', region='us-east-1', zone='defaultZone'}]
2026-06-13 00:06:25.257 DEBUG [http-nio-8086-exec-10] c.c.c.service.ChatSessionService - Session 0fe739eca83141d9ac26d844ba8d226a found in cache
2026-06-13 00:06:25.257 DEBUG [http-nio-8086-exec-10] c.c.c.service.ChatSessionService - Extended session 0fe739eca83141d9ac26d844ba8d226a
2026-06-13 00:06:31.511 DEBUG [DiscoveryClient-HeartbeatExecutor-0] c.netflix.discovery.DiscoveryClient - DiscoveryClient_CHATBOT-MICROSERVICE/chatbot-microservice:f7ea7abaac0af316d677d10b7c409315 - Heartbeat status: 200
2026-06-13 00:06:31.511 DEBUG [DiscoveryClient-CacheRefreshExecutor-0] c.netflix.discovery.DiscoveryClient - Got delta update with apps hashcode UP_6_
2026-06-13 00:06:31.511 DEBUG [DiscoveryClient-CacheRefreshExecutor-0] c.netflix.discovery.DiscoveryClient - The total number of instances fetched by the delta processor : 0
2026-06-13 00:06:31.511 DEBUG [DiscoveryClient-CacheRefreshExecutor-0] c.netflix.discovery.DiscoveryClient - The total number of all instances in the client now is 6
2026-06-13 00:06:31.511 DEBUG [DiscoveryClient-CacheRefreshExecutor-0] c.netflix.discovery.DiscoveryClient - Completed cache refresh task for discovery. All Apps hash code is Local region apps hashcode: UP_6_, is fetching remote regions? false 
2026-06-13 00:07:01.544 DEBUG [DiscoveryClient-HeartbeatExecutor-0] c.netflix.discovery.DiscoveryClient - DiscoveryClient_CHATBOT-MICROSERVICE/chatbot-microservice:f7ea7abaac0af316d677d10b7c409315 - Heartbeat status: 200
2026-06-13 00:07:01.544 DEBUG [DiscoveryClient-CacheRefreshExecutor-0] c.netflix.discovery.DiscoveryClient - Got delta update with apps hashcode UP_6_
2026-06-13 00:07:01.545 DEBUG [DiscoveryClient-CacheRefreshExecutor-0] c.netflix.discovery.DiscoveryClient - The total number of instances fetched by the delta processor : 0
2026-06-13 00:07:01.545 DEBUG [DiscoveryClient-CacheRefreshExecutor-0] c.netflix.discovery.DiscoveryClient - The total number of all instances in the client now is 6
2026-06-13 00:07:01.545 DEBUG [DiscoveryClient-CacheRefreshExecutor-0] c.netflix.discovery.DiscoveryClient - Completed cache refresh task for discovery. All Apps hash code is Local region apps hashcode: UP_6_, is fetching remote regions? false 
2026-06-13 00:07:04.170 DEBUG [http-nio-8086-exec-9] c.c.c.service.ChatSessionService - Session 0fe739eca83141d9ac26d844ba8d226a found in cache
2026-06-13 00:07:04.170 DEBUG [http-nio-8086-exec-9] c.c.c.service.ChatSessionService - Extended session 0fe739eca83141d9ac26d844ba8d226a
2026-06-13 00:07:23.181 DEBUG [http-nio-8086-exec-8] c.c.c.service.ChatSessionService - Session 0fe739eca83141d9ac26d844ba8d226a found in cache
2026-06-13 00:07:23.184 DEBUG [http-nio-8086-exec-8] c.c.c.service.ChatSessionService - Extended session 0fe739eca83141d9ac26d844ba8d226a
2026-06-13 00:07:23.192 DEBUG [http-nio-8086-exec-2] c.c.c.service.ChatSessionService - Session 0fe739eca83141d9ac26d844ba8d226a found in cache
2026-06-13 00:07:23.194 DEBUG [http-nio-8086-exec-2] c.c.c.service.ChatSessionService - Extended session 0fe739eca83141d9ac26d844ba8d226a
2026-06-13 00:07:31.573 DEBUG [DiscoveryClient-HeartbeatExecutor-0] c.netflix.discovery.DiscoveryClient - DiscoveryClient_CHATBOT-MICROSERVICE/chatbot-microservice:f7ea7abaac0af316d677d10b7c409315 - Heartbeat status: 200
2026-06-13 00:07:31.573 DEBUG [DiscoveryClient-CacheRefreshExecutor-0] c.netflix.discovery.DiscoveryClient - Got delta update with apps hashcode UP_6_
2026-06-13 00:07:31.573 DEBUG [DiscoveryClient-CacheRefreshExecutor-0] c.netflix.discovery.DiscoveryClient - The total number of instances fetched by the delta processor : 0
2026-06-13 00:07:31.573 DEBUG [DiscoveryClient-CacheRefreshExecutor-0] c.netflix.discovery.DiscoveryClient - The total number of all instances in the client now is 6
2026-06-13 00:07:31.573 DEBUG [DiscoveryClient-CacheRefreshExecutor-0] c.netflix.discovery.DiscoveryClient - Completed cache refresh task for discovery. All Apps hash code is Local region apps hashcode: UP_6_, is fetching remote regions? false 
2026-06-13 00:08:01.595 DEBUG [DiscoveryClient-CacheRefreshExecutor-0] c.netflix.discovery.DiscoveryClient - Got delta update with apps hashcode UP_6_
2026-06-13 00:08:01.595 DEBUG [DiscoveryClient-CacheRefreshExecutor-0] c.netflix.discovery.DiscoveryClient - The total number of instances fetched by the delta processor : 0
2026-06-13 00:08:01.595 DEBUG [DiscoveryClient-HeartbeatExecutor-0] c.netflix.discovery.DiscoveryClient - DiscoveryClient_CHATBOT-MICROSERVICE/chatbot-microservice:f7ea7abaac0af316d677d10b7c409315 - Heartbeat status: 200
2026-06-13 00:08:01.595 DEBUG [DiscoveryClient-CacheRefreshExecutor-0] c.netflix.discovery.DiscoveryClient - The total number of all instances in the client now is 6
2026-06-13 00:08:01.595 DEBUG [DiscoveryClient-CacheRefreshExecutor-0] c.netflix.discovery.DiscoveryClient - Completed cache refresh task for discovery. All Apps hash code is Local region apps hashcode: UP_6_, is fetching remote regions? false 
2026-06-13 00:08:23.132 DEBUG [http-nio-8086-exec-3] c.c.c.service.ChatSessionService - Session 0fe739eca83141d9ac26d844ba8d226a found in cache
2026-06-13 00:08:25.000 DEBUG [http-nio-8086-exec-1] c.c.c.service.ChatSessionService - Session 0fe739eca83141d9ac26d844ba8d226a found in cache
2026-06-13 00:08:25.828 DEBUG [http-nio-8086-exec-10] c.c.c.service.ChatSessionService - Session 0fe739eca83141d9ac26d844ba8d226a found in cache
2026-06-13 00:08:26.355 DEBUG [http-nio-8086-exec-7] c.c.c.service.ChatSessionService - Session 0fe739eca83141d9ac26d844ba8d226a found in cache
2026-06-13 00:08:31.629 DEBUG [DiscoveryClient-CacheRefreshExecutor-0] c.netflix.discovery.DiscoveryClient - Got delta update with apps hashcode UP_6_
2026-06-13 00:08:31.630 DEBUG [DiscoveryClient-CacheRefreshExecutor-0] c.netflix.discovery.DiscoveryClient - The total number of instances fetched by the delta processor : 0
2026-06-13 00:08:31.630 DEBUG [DiscoveryClient-HeartbeatExecutor-0] c.netflix.discovery.DiscoveryClient - DiscoveryClient_CHATBOT-MICROSERVICE/chatbot-microservice:f7ea7abaac0af316d677d10b7c409315 - Heartbeat status: 200
2026-06-13 00:08:31.630 DEBUG [DiscoveryClient-CacheRefreshExecutor-0] c.netflix.discovery.DiscoveryClient - The total number of all instances in the client now is 6
2026-06-13 00:08:31.630 DEBUG [DiscoveryClient-CacheRefreshExecutor-0] c.netflix.discovery.DiscoveryClient - Completed cache refresh task for discovery. All Apps hash code is Local region apps hashcode: UP_6_, is fetching remote regions? false 
2026-06-13 00:08:50.179 DEBUG [http-nio-8086-exec-4] c.c.c.service.ChatSessionService - Session 0fe739eca83141d9ac26d844ba8d226a found in cache
2026-06-13 00:08:50.181 DEBUG [http-nio-8086-exec-4] c.c.c.service.ChatSessionService - Extended session 0fe739eca83141d9ac26d844ba8d226a
2026-06-13 00:08:51.163 DEBUG [http-nio-8086-exec-8] c.c.c.service.ChatSessionService - Session 0fe739eca83141d9ac26d844ba8d226a found in cache
2026-06-13 00:08:51.166 DEBUG [http-nio-8086-exec-8] c.c.c.service.ChatSessionService - Extended session 0fe739eca83141d9ac26d844ba8d226a
2026-06-13 00:09:01.645 DEBUG [DiscoveryClient-CacheRefreshExecutor-0] c.netflix.discovery.DiscoveryClient - Got delta update with apps hashcode UP_6_
2026-06-13 00:09:01.645 DEBUG [DiscoveryClient-CacheRefreshExecutor-0] c.netflix.discovery.DiscoveryClient - The total number of instances fetched by the delta processor : 0
2026-06-13 00:09:01.645 DEBUG [DiscoveryClient-CacheRefreshExecutor-0] c.netflix.discovery.DiscoveryClient - The total number of all instances in the client now is 6
2026-06-13 00:09:01.647 DEBUG [DiscoveryClient-HeartbeatExecutor-0] c.netflix.discovery.DiscoveryClient - DiscoveryClient_CHATBOT-MICROSERVICE/chatbot-microservice:f7ea7abaac0af316d677d10b7c409315 - Heartbeat status: 200
2026-06-13 00:09:01.647 DEBUG [DiscoveryClient-CacheRefreshExecutor-0] c.netflix.discovery.DiscoveryClient - Completed cache refresh task for discovery. All Apps hash code is Local region apps hashcode: UP_6_, is fetching remote regions? false 
2026-06-13 00:09:02.949 DEBUG [http-nio-8086-exec-5] c.c.c.service.ChatSessionService - Session 0fe739eca83141d9ac26d844ba8d226a found in cache
2026-06-13 00:09:04.100 DEBUG [http-nio-8086-exec-6] c.c.c.service.ChatSessionService - Session 0fe739eca83141d9ac26d844ba8d226a found in cache
2026-06-13 00:09:04.297 DEBUG [http-nio-8086-exec-3] c.c.c.service.ChatSessionService - Session 0fe739eca83141d9ac26d844ba8d226a found in cache
2026-06-13 00:09:04.368 DEBUG [http-nio-8086-exec-1] c.c.c.service.ChatSessionService - Session 0fe739eca83141d9ac26d844ba8d226a found in cache
2026-06-13 00:09:06.520 DEBUG [http-nio-8086-exec-10] c.c.c.service.ChatSessionService - Session 0fe739eca83141d9ac26d844ba8d226a found in cache
2026-06-13 00:09:06.531 DEBUG [http-nio-8086-exec-10] c.c.c.service.ChatSessionService - Updated context for session 0fe739eca83141d9ac26d844ba8d226a
2026-06-13 00:09:17.337 DEBUG [http-nio-8086-exec-9] c.c.c.service.ChatSessionService - Session 105f38b13d9e495785061e29600283e6 found in cache
2026-06-13 00:09:17.449 DEBUG [http-nio-8086-exec-4] c.c.c.service.ChatSessionService - Session 105f38b13d9e495785061e29600283e6 found in cache
2026-06-13 00:09:28.179 DEBUG [http-nio-8086-exec-2] c.c.c.service.ChatSessionService - Session 0fe739eca83141d9ac26d844ba8d226a found in cache
2026-06-13 00:09:28.181 DEBUG [http-nio-8086-exec-2] c.c.c.service.ChatSessionService - Extended session 0fe739eca83141d9ac26d844ba8d226a
2026-06-13 00:09:30.175 DEBUG [http-nio-8086-exec-5] c.c.c.service.ChatSessionService - Session 0fe739eca83141d9ac26d844ba8d226a found in cache
2026-06-13 00:09:30.181 DEBUG [http-nio-8086-exec-5] c.c.c.service.ChatSessionService - Extended session 0fe739eca83141d9ac26d844ba8d226a
2026-06-13 00:09:31.672 DEBUG [DiscoveryClient-HeartbeatExecutor-0] c.netflix.discovery.DiscoveryClient - DiscoveryClient_CHATBOT-MICROSERVICE/chatbot-microservice:f7ea7abaac0af316d677d10b7c409315 - Heartbeat status: 200
2026-06-13 00:09:31.674 DEBUG [DiscoveryClient-CacheRefreshExecutor-0] c.netflix.discovery.DiscoveryClient - Got delta update with apps hashcode UP_6_
2026-06-13 00:09:31.675 DEBUG [DiscoveryClient-CacheRefreshExecutor-0] c.netflix.discovery.DiscoveryClient - The total number of instances fetched by the delta processor : 0
2026-06-13 00:09:31.675 DEBUG [DiscoveryClient-CacheRefreshExecutor-0] c.netflix.discovery.DiscoveryClient - The total number of all instances in the client now is 6
2026-06-13 00:09:31.675 DEBUG [DiscoveryClient-CacheRefreshExecutor-0] c.netflix.discovery.DiscoveryClient - Completed cache refresh task for discovery. All Apps hash code is Local region apps hashcode: UP_6_, is fetching remote regions? false 
2026-06-13 00:09:42.453 DEBUG [http-nio-8086-exec-3] c.c.c.service.ChatSessionService - Session 105f38b13d9e495785061e29600283e6 found in cache
2026-06-13 00:09:42.455 DEBUG [http-nio-8086-exec-3] c.c.c.service.ChatSessionService - Extended session 105f38b13d9e495785061e29600283e6
2026-06-13 00:09:56.023 DEBUG [http-nio-8086-exec-10] c.c.c.service.ChatSessionService - Session 0fe739eca83141d9ac26d844ba8d226a found in cache
2026-06-13 00:09:56.025 DEBUG [http-nio-8086-exec-10] c.c.c.service.ChatSessionService - Extended session 0fe739eca83141d9ac26d844ba8d226a
2026-06-13 00:09:56.605 DEBUG [http-nio-8086-exec-7] c.c.c.service.ChatSessionService - Session 0fe739eca83141d9ac26d844ba8d226a found in cache
2026-06-13 00:09:56.607 DEBUG [http-nio-8086-exec-7] c.c.c.service.ChatSessionService - Extended session 0fe739eca83141d9ac26d844ba8d226a
2026-06-13 00:10:01.705 DEBUG [DiscoveryClient-HeartbeatExecutor-0] c.netflix.discovery.DiscoveryClient - DiscoveryClient_CHATBOT-MICROSERVICE/chatbot-microservice:f7ea7abaac0af316d677d10b7c409315 - Heartbeat status: 200
2026-06-13 00:10:01.705 DEBUG [DiscoveryClient-CacheRefreshExecutor-0] c.netflix.discovery.DiscoveryClient - Got delta update with apps hashcode UP_6_
2026-06-13 00:10:01.705 DEBUG [DiscoveryClient-CacheRefreshExecutor-0] c.netflix.discovery.DiscoveryClient - The total number of instances fetched by the delta processor : 0
2026-06-13 00:10:01.705 DEBUG [DiscoveryClient-CacheRefreshExecutor-0] c.netflix.discovery.DiscoveryClient - The total number of all instances in the client now is 6
2026-06-13 00:10:01.705 DEBUG [DiscoveryClient-CacheRefreshExecutor-0] c.netflix.discovery.DiscoveryClient - Completed cache refresh task for discovery. All Apps hash code is Local region apps hashcode: UP_6_, is fetching remote regions? false 
2026-06-13 00:10:10.696 DEBUG [http-nio-8086-exec-4] c.c.c.service.ChatSessionService - Session 105f38b13d9e495785061e29600283e6 found in cache
2026-06-13 00:10:10.698 DEBUG [http-nio-8086-exec-4] c.c.c.service.ChatSessionService - Extended session 105f38b13d9e495785061e29600283e6
2026-06-13 00:10:18.170 DEBUG [http-nio-8086-exec-2] c.c.c.service.ChatSessionService - Session 0fe739eca83141d9ac26d844ba8d226a found in cache
2026-06-13 00:10:18.171 DEBUG [http-nio-8086-exec-2] c.c.c.service.ChatSessionService - Extended session 0fe739eca83141d9ac26d844ba8d226a
2026-06-13 00:10:20.172 DEBUG [http-nio-8086-exec-5] c.c.c.service.ChatSessionService - Session 0fe739eca83141d9ac26d844ba8d226a found in cache
2026-06-13 00:10:20.175 DEBUG [http-nio-8086-exec-5] c.c.c.service.ChatSessionService - Extended session 0fe739eca83141d9ac26d844ba8d226a
2026-06-13 00:10:31.737 DEBUG [DiscoveryClient-HeartbeatExecutor-0] c.netflix.discovery.DiscoveryClient - DiscoveryClient_CHATBOT-MICROSERVICE/chatbot-microservice:f7ea7abaac0af316d677d10b7c409315 - Heartbeat status: 200
2026-06-13 00:10:31.738 DEBUG [DiscoveryClient-CacheRefreshExecutor-0] c.netflix.discovery.DiscoveryClient - Got delta update with apps hashcode UP_6_
2026-06-13 00:10:31.738 DEBUG [DiscoveryClient-CacheRefreshExecutor-0] c.netflix.discovery.DiscoveryClient - The total number of instances fetched by the delta processor : 0
2026-06-13 00:10:31.738 DEBUG [DiscoveryClient-CacheRefreshExecutor-0] c.netflix.discovery.DiscoveryClient - The total number of all instances in the client now is 6
2026-06-13 00:10:31.739 DEBUG [DiscoveryClient-CacheRefreshExecutor-0] c.netflix.discovery.DiscoveryClient - Completed cache refresh task for discovery. All Apps hash code is Local region apps hashcode: UP_6_, is fetching remote regions? false 
2026-06-13 00:10:43.176 DEBUG [http-nio-8086-exec-3] c.c.c.service.ChatSessionService - Session 0fe739eca83141d9ac26d844ba8d226a found in cache
2026-06-13 00:10:43.178 DEBUG [http-nio-8086-exec-3] c.c.c.service.ChatSessionService - Extended session 0fe739eca83141d9ac26d844ba8d226a
2026-06-13 00:10:45.176 DEBUG [http-nio-8086-exec-1] c.c.c.service.ChatSessionService - Session 0fe739eca83141d9ac26d844ba8d226a found in cache
2026-06-13 00:10:45.180 DEBUG [http-nio-8086-exec-1] c.c.c.service.ChatSessionService - Extended session 0fe739eca83141d9ac26d844ba8d226a
2026-06-13 00:10:57.090 DEBUG [http-nio-8086-exec-7] c.c.c.service.ChatSessionService - Session 105f38b13d9e495785061e29600283e6 found in cache
2026-06-13 00:10:57.097 DEBUG [http-nio-8086-exec-7] c.c.c.service.ChatSessionService - Extended session 105f38b13d9e495785061e29600283e6
2026-06-13 00:11:01.767 DEBUG [DiscoveryClient-CacheRefreshExecutor-0] c.netflix.discovery.DiscoveryClient - Got delta update with apps hashcode UP_6_
2026-06-13 00:11:01.767 DEBUG [DiscoveryClient-CacheRefreshExecutor-0] c.netflix.discovery.DiscoveryClient - The total number of instances fetched by the delta processor : 0
2026-06-13 00:11:01.766 DEBUG [DiscoveryClient-HeartbeatExecutor-0] c.netflix.discovery.DiscoveryClient - DiscoveryClient_CHATBOT-MICROSERVICE/chatbot-microservice:f7ea7abaac0af316d677d10b7c409315 - Heartbeat status: 200
2026-06-13 00:11:01.767 DEBUG [DiscoveryClient-CacheRefreshExecutor-0] c.netflix.discovery.DiscoveryClient - The total number of all instances in the client now is 6
2026-06-13 00:11:01.767 DEBUG [DiscoveryClient-CacheRefreshExecutor-0] c.netflix.discovery.DiscoveryClient - Completed cache refresh task for discovery. All Apps hash code is Local region apps hashcode: UP_6_, is fetching remote regions? false 
2026-06-13 00:11:10.122 DEBUG [http-nio-8086-exec-4] c.c.c.service.ChatSessionService - Session 0fe739eca83141d9ac26d844ba8d226a found in cache
2026-06-13 00:11:10.124 DEBUG [http-nio-8086-exec-4] c.c.c.service.ChatSessionService - Extended session 0fe739eca83141d9ac26d844ba8d226a
2026-06-13 00:11:11.066 DEBUG [http-nio-8086-exec-8] c.c.c.service.ChatSessionService - Session 0fe739eca83141d9ac26d844ba8d226a found in cache
2026-06-13 00:11:11.066 DEBUG [http-nio-8086-exec-8] c.c.c.service.ChatSessionService - Extended session 0fe739eca83141d9ac26d844ba8d226a
2026-06-13 00:11:16.307 INFO  [AsyncResolver-bootstrap-executor-0] c.n.d.s.r.aws.ConfigClusterResolver - Resolving eureka endpoints via configuration
2026-06-13 00:11:16.307 DEBUG [AsyncResolver-bootstrap-executor-0] c.n.discovery.endpoint.EndpointUtils - The availability zone for the given region us-east-1 are [defaultZone]
2026-06-13 00:11:16.307 DEBUG [AsyncResolver-bootstrap-executor-0] c.n.d.s.r.aws.ConfigClusterResolver - Config resolved to [AwsEndpoint{ serviceUrl='http://localhost:8761/eureka/', region='us-east-1', zone='defaultZone'}]
2026-06-13 00:11:16.307 DEBUG [AsyncResolver-bootstrap-executor-0] c.n.d.s.r.a.ZoneAffinityClusterResolver - Local zone=defaultZone; resolved to: [AwsEndpoint{ serviceUrl='http://localhost:8761/eureka/', region='us-east-1', zone='defaultZone'}]
2026-06-13 00:11:16.307 DEBUG [AsyncResolver-bootstrap-executor-0] c.n.d.shared.resolver.AsyncResolver - Resolved to [AwsEndpoint{ serviceUrl='http://localhost:8761/eureka/', region='us-east-1', zone='defaultZone'}]
2026-06-13 00:11:26.186 DEBUG [http-nio-8086-exec-5] c.c.c.service.ChatSessionService - Session 105f38b13d9e495785061e29600283e6 found in cache
2026-06-13 00:11:26.188 DEBUG [http-nio-8086-exec-5] c.c.c.service.ChatSessionService - Extended session 105f38b13d9e495785061e29600283e6
2026-06-13 00:11:31.799 DEBUG [DiscoveryClient-HeartbeatExecutor-0] c.netflix.discovery.DiscoveryClient - DiscoveryClient_CHATBOT-MICROSERVICE/chatbot-microservice:f7ea7abaac0af316d677d10b7c409315 - Heartbeat status: 200
2026-06-13 00:11:31.800 DEBUG [DiscoveryClient-CacheRefreshExecutor-0] c.netflix.discovery.DiscoveryClient - Got delta update with apps hashcode UP_6_
2026-06-13 00:11:31.800 DEBUG [DiscoveryClient-CacheRefreshExecutor-0] c.netflix.discovery.DiscoveryClient - The total number of instances fetched by the delta processor : 0
2026-06-13 00:11:31.801 DEBUG [DiscoveryClient-CacheRefreshExecutor-0] c.netflix.discovery.DiscoveryClient - The total number of all instances in the client now is 6
2026-06-13 00:11:31.801 DEBUG [DiscoveryClient-CacheRefreshExecutor-0] c.netflix.discovery.DiscoveryClient - Completed cache refresh task for discovery. All Apps hash code is Local region apps hashcode: UP_6_, is fetching remote regions? false 
2026-06-13 00:11:33.183 DEBUG [http-nio-8086-exec-3] c.c.c.service.ChatSessionService - Session 0fe739eca83141d9ac26d844ba8d226a found in cache
2026-06-13 00:11:33.185 DEBUG [http-nio-8086-exec-3] c.c.c.service.ChatSessionService - Extended session 0fe739eca83141d9ac26d844ba8d226a
2026-06-13 00:11:35.169 DEBUG [http-nio-8086-exec-1] c.c.c.service.ChatSessionService - Session 0fe739eca83141d9ac26d844ba8d226a found in cache
2026-06-13 00:11:35.175 DEBUG [http-nio-8086-exec-1] c.c.c.service.ChatSessionService - Extended session 0fe739eca83141d9ac26d844ba8d226a
2026-06-13 00:12:00.178 DEBUG [http-nio-8086-exec-7] c.c.c.service.ChatSessionService - Session 0fe739eca83141d9ac26d844ba8d226a found in cache
2026-06-13 00:12:00.180 DEBUG [http-nio-8086-exec-7] c.c.c.service.ChatSessionService - Extended session 0fe739eca83141d9ac26d844ba8d226a
2026-06-13 00:12:01.830 DEBUG [DiscoveryClient-HeartbeatExecutor-0] c.netflix.discovery.DiscoveryClient - DiscoveryClient_CHATBOT-MICROSERVICE/chatbot-microservice:f7ea7abaac0af316d677d10b7c409315 - Heartbeat status: 200
2026-06-13 00:12:01.832 DEBUG [DiscoveryClient-CacheRefreshExecutor-0] c.netflix.discovery.DiscoveryClient - Got delta update with apps hashcode UP_6_
2026-06-13 00:12:01.832 DEBUG [DiscoveryClient-CacheRefreshExecutor-0] c.netflix.discovery.DiscoveryClient - The total number of instances fetched by the delta processor : 0
2026-06-13 00:12:01.832 DEBUG [DiscoveryClient-CacheRefreshExecutor-0] c.netflix.discovery.DiscoveryClient - The total number of all instances in the client now is 6
2026-06-13 00:12:01.833 DEBUG [DiscoveryClient-CacheRefreshExecutor-0] c.netflix.discovery.DiscoveryClient - Completed cache refresh task for discovery. All Apps hash code is Local region apps hashcode: UP_6_, is fetching remote regions? false 
2026-06-13 00:12:23.252 DEBUG [http-nio-8086-exec-4] c.c.c.service.ChatSessionService - Session 0fe739eca83141d9ac26d844ba8d226a found in cache
2026-06-13 00:12:23.253 DEBUG [http-nio-8086-exec-4] c.c.c.service.ChatSessionService - Extended session 0fe739eca83141d9ac26d844ba8d226a
2026-06-13 00:12:24.979 DEBUG [http-nio-8086-exec-8] c.c.c.service.ChatSessionService - Session 0fe739eca83141d9ac26d844ba8d226a found in cache
2026-06-13 00:12:24.981 DEBUG [http-nio-8086-exec-8] c.c.c.service.ChatSessionService - Extended session 0fe739eca83141d9ac26d844ba8d226a
2026-06-13 00:12:28.553 DEBUG [http-nio-8086-exec-2] c.c.c.service.ChatSessionService - Session 0fe739eca83141d9ac26d844ba8d226a found in cache
2026-06-13 00:12:28.555 DEBUG [http-nio-8086-exec-2] c.c.c.service.ChatSessionService - Updated context for session 0fe739eca83141d9ac26d844ba8d226a
2026-06-13 00:12:31.848 DEBUG [DiscoveryClient-HeartbeatExecutor-0] c.netflix.discovery.DiscoveryClient - DiscoveryClient_CHATBOT-MICROSERVICE/chatbot-microservice:f7ea7abaac0af316d677d10b7c409315 - Heartbeat status: 200
2026-06-13 00:12:31.848 DEBUG [DiscoveryClient-CacheRefreshExecutor-0] c.netflix.discovery.DiscoveryClient - Got delta update with apps hashcode UP_6_
2026-06-13 00:12:31.848 DEBUG [DiscoveryClient-CacheRefreshExecutor-0] c.netflix.discovery.DiscoveryClient - The total number of instances fetched by the delta processor : 0
2026-06-13 00:12:31.848 DEBUG [DiscoveryClient-CacheRefreshExecutor-0] c.netflix.discovery.DiscoveryClient - The total number of all instances in the client now is 6
2026-06-13 00:12:31.852 DEBUG [DiscoveryClient-CacheRefreshExecutor-0] c.netflix.discovery.DiscoveryClient - Completed cache refresh task for discovery. All Apps hash code is Local region apps hashcode: UP_6_, is fetching remote regions? false 
2026-06-13 00:12:49.306 DEBUG [http-nio-8086-exec-6] c.c.c.service.ChatSessionService - Session 0fe739eca83141d9ac26d844ba8d226a found in cache
2026-06-13 00:12:49.311 DEBUG [http-nio-8086-exec-6] c.c.c.service.ChatSessionService - Extended session 0fe739eca83141d9ac26d844ba8d226a
2026-06-13 00:13:01.865 DEBUG [DiscoveryClient-HeartbeatExecutor-0] c.netflix.discovery.DiscoveryClient - DiscoveryClient_CHATBOT-MICROSERVICE/chatbot-microservice:f7ea7abaac0af316d677d10b7c409315 - Heartbeat status: 200
2026-06-13 00:13:01.865 DEBUG [DiscoveryClient-CacheRefreshExecutor-0] c.netflix.discovery.DiscoveryClient - Got delta update with apps hashcode UP_6_
2026-06-13 00:13:01.865 DEBUG [DiscoveryClient-CacheRefreshExecutor-0] c.netflix.discovery.DiscoveryClient - The total number of instances fetched by the delta processor : 0
2026-06-13 00:13:01.865 DEBUG [DiscoveryClient-CacheRefreshExecutor-0] c.netflix.discovery.DiscoveryClient - The total number of all instances in the client now is 6
2026-06-13 00:13:01.865 DEBUG [DiscoveryClient-CacheRefreshExecutor-0] c.netflix.discovery.DiscoveryClient - Completed cache refresh task for discovery. All Apps hash code is Local region apps hashcode: UP_6_, is fetching remote regions? false 
2026-06-13 00:13:14.302 DEBUG [http-nio-8086-exec-1] c.c.c.service.ChatSessionService - Session 0fe739eca83141d9ac26d844ba8d226a found in cache
2026-06-13 00:13:14.302 DEBUG [http-nio-8086-exec-1] c.c.c.service.ChatSessionService - Extended session 0fe739eca83141d9ac26d844ba8d226a
2026-06-13 00:13:27.633 DEBUG [http-nio-8086-exec-7] c.c.c.service.ChatSessionService - Session 0fe739eca83141d9ac26d844ba8d226a found in cache
2026-06-13 00:13:27.633 DEBUG [http-nio-8086-exec-7] c.c.c.service.ChatSessionService - Extended session 0fe739eca83141d9ac26d844ba8d226a
2026-06-13 00:13:31.895 DEBUG [DiscoveryClient-HeartbeatExecutor-0] c.netflix.discovery.DiscoveryClient - DiscoveryClient_CHATBOT-MICROSERVICE/chatbot-microservice:f7ea7abaac0af316d677d10b7c409315 - Heartbeat status: 200
2026-06-13 00:13:31.898 DEBUG [DiscoveryClient-CacheRefreshExecutor-0] c.netflix.discovery.DiscoveryClient - Got delta update with apps hashcode UP_6_
2026-06-13 00:13:31.898 DEBUG [DiscoveryClient-CacheRefreshExecutor-0] c.netflix.discovery.DiscoveryClient - The total number of instances fetched by the delta processor : 0
2026-06-13 00:13:31.898 DEBUG [DiscoveryClient-CacheRefreshExecutor-0] c.netflix.discovery.DiscoveryClient - The total number of all instances in the client now is 6
2026-06-13 00:13:31.898 DEBUG [DiscoveryClient-CacheRefreshExecutor-0] c.netflix.discovery.DiscoveryClient - Completed cache refresh task for discovery. All Apps hash code is Local region apps hashcode: UP_6_, is fetching remote regions? false 
2026-06-13 00:13:40.287 DEBUG [http-nio-8086-exec-4] c.c.c.service.ChatSessionService - Session 0fe739eca83141d9ac26d844ba8d226a found in cache
2026-06-13 00:13:40.303 DEBUG [http-nio-8086-exec-4] c.c.c.service.ChatSessionService - Extended session 0fe739eca83141d9ac26d844ba8d226a
2026-06-13 00:14:01.921 DEBUG [DiscoveryClient-CacheRefreshExecutor-0] c.netflix.discovery.DiscoveryClient - Got delta update with apps hashcode UP_6_
2026-06-13 00:14:01.921 DEBUG [DiscoveryClient-CacheRefreshExecutor-0] c.netflix.discovery.DiscoveryClient - The total number of instances fetched by the delta processor : 0
2026-06-13 00:14:01.921 DEBUG [DiscoveryClient-HeartbeatExecutor-0] c.netflix.discovery.DiscoveryClient - DiscoveryClient_CHATBOT-MICROSERVICE/chatbot-microservice:f7ea7abaac0af316d677d10b7c409315 - Heartbeat status: 200
2026-06-13 00:14:01.921 DEBUG [DiscoveryClient-CacheRefreshExecutor-0] c.netflix.discovery.DiscoveryClient - The total number of all instances in the client now is 6
2026-06-13 00:14:01.921 DEBUG [DiscoveryClient-CacheRefreshExecutor-0] c.netflix.discovery.DiscoveryClient - Completed cache refresh task for discovery. All Apps hash code is Local region apps hashcode: UP_6_, is fetching remote regions? false 
2026-06-13 00:14:04.307 DEBUG [http-nio-8086-exec-2] c.c.c.service.ChatSessionService - Session 0fe739eca83141d9ac26d844ba8d226a found in cache
2026-06-13 00:14:04.308 DEBUG [http-nio-8086-exec-2] c.c.c.service.ChatSessionService - Extended session 0fe739eca83141d9ac26d844ba8d226a
2026-06-13 00:14:23.307 DEBUG [http-nio-8086-exec-6] c.c.c.service.ChatSessionService - Session 0fe739eca83141d9ac26d844ba8d226a found in cache
2026-06-13 00:14:23.309 DEBUG [http-nio-8086-exec-6] c.c.c.service.ChatSessionService - Extended session 0fe739eca83141d9ac26d844ba8d226a
2026-06-13 00:14:29.306 DEBUG [http-nio-8086-exec-1] c.c.c.service.ChatSessionService - Session 0fe739eca83141d9ac26d844ba8d226a found in cache
2026-06-13 00:14:29.309 DEBUG [http-nio-8086-exec-1] c.c.c.service.ChatSessionService - Extended session 0fe739eca83141d9ac26d844ba8d226a
2026-06-13 00:14:31.944 DEBUG [DiscoveryClient-CacheRefreshExecutor-0] c.netflix.discovery.DiscoveryClient - Got delta update with apps hashcode UP_6_
2026-06-13 00:14:31.944 DEBUG [DiscoveryClient-HeartbeatExecutor-0] c.netflix.discovery.DiscoveryClient - DiscoveryClient_CHATBOT-MICROSERVICE/chatbot-microservice:f7ea7abaac0af316d677d10b7c409315 - Heartbeat status: 200
2026-06-13 00:14:31.944 DEBUG [DiscoveryClient-CacheRefreshExecutor-0] c.netflix.discovery.DiscoveryClient - The total number of instances fetched by the delta processor : 0
2026-06-13 00:14:31.945 DEBUG [DiscoveryClient-CacheRefreshExecutor-0] c.netflix.discovery.DiscoveryClient - The total number of all instances in the client now is 6
2026-06-13 00:14:31.945 DEBUG [DiscoveryClient-CacheRefreshExecutor-0] c.netflix.discovery.DiscoveryClient - Completed cache refresh task for discovery. All Apps hash code is Local region apps hashcode: UP_6_, is fetching remote regions? false 
2026-06-13 00:14:54.296 DEBUG [http-nio-8086-exec-7] c.c.c.service.ChatSessionService - Session 0fe739eca83141d9ac26d844ba8d226a found in cache
2026-06-13 00:14:54.296 DEBUG [http-nio-8086-exec-7] c.c.c.service.ChatSessionService - Extended session 0fe739eca83141d9ac26d844ba8d226a
2026-06-13 00:15:01.949 DEBUG [DiscoveryClient-HeartbeatExecutor-0] c.netflix.discovery.DiscoveryClient - DiscoveryClient_CHATBOT-MICROSERVICE/chatbot-microservice:f7ea7abaac0af316d677d10b7c409315 - Heartbeat status: 200
2026-06-13 00:15:01.963 DEBUG [DiscoveryClient-CacheRefreshExecutor-0] c.netflix.discovery.DiscoveryClient - Got delta update with apps hashcode UP_6_
2026-06-13 00:15:01.963 DEBUG [DiscoveryClient-CacheRefreshExecutor-0] c.netflix.discovery.DiscoveryClient - The total number of instances fetched by the delta processor : 0
2026-06-13 00:15:01.963 DEBUG [DiscoveryClient-CacheRefreshExecutor-0] c.netflix.discovery.DiscoveryClient - The total number of all instances in the client now is 6
2026-06-13 00:15:01.963 DEBUG [DiscoveryClient-CacheRefreshExecutor-0] c.netflix.discovery.DiscoveryClient - Completed cache refresh task for discovery. All Apps hash code is Local region apps hashcode: UP_6_, is fetching remote regions? false 
2026-06-13 00:15:19.494 DEBUG [http-nio-8086-exec-4] c.c.c.service.ChatSessionService - Session 0fe739eca83141d9ac26d844ba8d226a found in cache
2026-06-13 00:15:19.499 DEBUG [http-nio-8086-exec-4] c.c.c.service.ChatSessionService - Extended session 0fe739eca83141d9ac26d844ba8d226a
2026-06-13 00:15:23.224 DEBUG [http-nio-8086-exec-2] c.c.c.service.ChatSessionService - Session 0fe739eca83141d9ac26d844ba8d226a found in cache
2026-06-13 00:15:23.228 DEBUG [http-nio-8086-exec-2] c.c.c.service.ChatSessionService - Extended session 0fe739eca83141d9ac26d844ba8d226a
2026-06-13 00:15:31.976 DEBUG [DiscoveryClient-HeartbeatExecutor-0] c.netflix.discovery.DiscoveryClient - DiscoveryClient_CHATBOT-MICROSERVICE/chatbot-microservice:f7ea7abaac0af316d677d10b7c409315 - Heartbeat status: 200
2026-06-13 00:15:31.982 DEBUG [DiscoveryClient-CacheRefreshExecutor-0] c.netflix.discovery.DiscoveryClient - Got delta update with apps hashcode UP_6_
2026-06-13 00:15:31.982 DEBUG [DiscoveryClient-CacheRefreshExecutor-0] c.netflix.discovery.DiscoveryClient - The total number of instances fetched by the delta processor : 0
2026-06-13 00:15:31.982 DEBUG [DiscoveryClient-CacheRefreshExecutor-0] c.netflix.discovery.DiscoveryClient - The total number of all instances in the client now is 6
2026-06-13 00:15:31.983 DEBUG [DiscoveryClient-CacheRefreshExecutor-0] c.netflix.discovery.DiscoveryClient - Completed cache refresh task for discovery. All Apps hash code is Local region apps hashcode: UP_6_, is fetching remote regions? false 
2026-06-13 00:15:44.302 DEBUG [http-nio-8086-exec-6] c.c.c.service.ChatSessionService - Session 0fe739eca83141d9ac26d844ba8d226a found in cache
2026-06-13 00:15:44.302 DEBUG [http-nio-8086-exec-6] c.c.c.service.ChatSessionService - Extended session 0fe739eca83141d9ac26d844ba8d226a
2026-06-13 00:15:56.574 DEBUG [http-nio-8086-exec-1] c.c.c.service.ChatSessionService - Session 0fe739eca83141d9ac26d844ba8d226a found in cache
2026-06-13 00:15:57.703 DEBUG [http-nio-8086-exec-10] c.c.c.service.ChatSessionService - Session 0fe739eca83141d9ac26d844ba8d226a found in cache
2026-06-13 00:15:59.132 DEBUG [http-nio-8086-exec-7] c.c.c.service.ChatSessionService - Session 0fe739eca83141d9ac26d844ba8d226a found in cache
2026-06-13 00:16:00.598 DEBUG [http-nio-8086-exec-9] c.c.c.service.ChatSessionService - Session 0fe739eca83141d9ac26d844ba8d226a found in cache
2026-06-13 00:16:02.011 DEBUG [DiscoveryClient-HeartbeatExecutor-0] c.netflix.discovery.DiscoveryClient - DiscoveryClient_CHATBOT-MICROSERVICE/chatbot-microservice:f7ea7abaac0af316d677d10b7c409315 - Heartbeat status: 200
2026-06-13 00:16:02.014 DEBUG [DiscoveryClient-CacheRefreshExecutor-0] c.netflix.discovery.DiscoveryClient - Got delta update with apps hashcode UP_6_
2026-06-13 00:16:02.014 DEBUG [DiscoveryClient-CacheRefreshExecutor-0] c.netflix.discovery.DiscoveryClient - The total number of instances fetched by the delta processor : 0
2026-06-13 00:16:02.015 DEBUG [DiscoveryClient-CacheRefreshExecutor-0] c.netflix.discovery.DiscoveryClient - The total number of all instances in the client now is 6
2026-06-13 00:16:02.016 DEBUG [DiscoveryClient-CacheRefreshExecutor-0] c.netflix.discovery.DiscoveryClient - Completed cache refresh task for discovery. All Apps hash code is Local region apps hashcode: UP_6_, is fetching remote regions? false 
2026-06-13 00:16:08.565 DEBUG [http-nio-8086-exec-8] c.c.c.service.ChatSessionService - Session 0fe739eca83141d9ac26d844ba8d226a found in cache
2026-06-13 00:16:08.581 DEBUG [http-nio-8086-exec-8] c.c.c.service.ChatSessionService - Updated context for session 0fe739eca83141d9ac26d844ba8d226a
2026-06-13 00:16:14.779 DEBUG [http-nio-8086-exec-5] c.c.c.service.ChatSessionService - Session 0fe739eca83141d9ac26d844ba8d226a found in cache
2026-06-13 00:16:15.606 DEBUG [http-nio-8086-exec-6] c.c.c.service.ChatSessionService - Session 0fe739eca83141d9ac26d844ba8d226a found in cache
2026-06-13 00:16:16.309 INFO  [AsyncResolver-bootstrap-executor-0] c.n.d.s.r.aws.ConfigClusterResolver - Resolving eureka endpoints via configuration
2026-06-13 00:16:16.310 DEBUG [AsyncResolver-bootstrap-executor-0] c.n.discovery.endpoint.EndpointUtils - The availability zone for the given region us-east-1 are [defaultZone]
2026-06-13 00:16:16.314 DEBUG [AsyncResolver-bootstrap-executor-0] c.n.d.s.r.aws.ConfigClusterResolver - Config resolved to [AwsEndpoint{ serviceUrl='http://localhost:8761/eureka/', region='us-east-1', zone='defaultZone'}]
2026-06-13 00:16:16.314 DEBUG [AsyncResolver-bootstrap-executor-0] c.n.d.s.r.a.ZoneAffinityClusterResolver - Local zone=defaultZone; resolved to: [AwsEndpoint{ serviceUrl='http://localhost:8761/eureka/', region='us-east-1', zone='defaultZone'}]
2026-06-13 00:16:16.315 DEBUG [AsyncResolver-bootstrap-executor-0] c.n.d.shared.resolver.AsyncResolver - Resolved to [AwsEndpoint{ serviceUrl='http://localhost:8761/eureka/', region='us-east-1', zone='defaultZone'}]
2026-06-13 00:16:16.789 DEBUG [http-nio-8086-exec-3] c.c.c.service.ChatSessionService - Session 0fe739eca83141d9ac26d844ba8d226a found in cache
2026-06-13 00:16:23.627 DEBUG [http-nio-8086-exec-10] c.c.c.service.ChatSessionService - Session 0fe739eca83141d9ac26d844ba8d226a found in cache
2026-06-13 00:16:24.558 DEBUG [http-nio-8086-exec-7] c.c.c.service.ChatSessionService - Session 0fe739eca83141d9ac26d844ba8d226a found in cache
2026-06-13 00:16:24.559 DEBUG [http-nio-8086-exec-7] c.c.c.service.ChatSessionService - Updated context for session 0fe739eca83141d9ac26d844ba8d226a
2026-06-13 00:16:29.250 DEBUG [http-nio-8086-exec-9] c.c.c.service.ChatSessionService - Session 105f38b13d9e495785061e29600283e6 found in cache
2026-06-13 00:16:29.257 DEBUG [http-nio-8086-exec-9] c.c.c.service.ChatSessionService - Extended session 105f38b13d9e495785061e29600283e6
2026-06-13 00:16:30.923 DEBUG [http-nio-8086-exec-4] c.c.c.service.ChatSessionService - Session 105f38b13d9e495785061e29600283e6 found in cache
2026-06-13 00:16:31.072 DEBUG [http-nio-8086-exec-8] c.c.c.service.ChatSessionService - Session 105f38b13d9e495785061e29600283e6 found in cache
2026-06-13 00:16:32.018 DEBUG [DiscoveryClient-HeartbeatExecutor-0] c.netflix.discovery.DiscoveryClient - DiscoveryClient_CHATBOT-MICROSERVICE/chatbot-microservice:f7ea7abaac0af316d677d10b7c409315 - Heartbeat status: 200
2026-06-13 00:16:32.023 DEBUG [DiscoveryClient-CacheRefreshExecutor-0] c.netflix.discovery.DiscoveryClient - Got delta update with apps hashcode UP_6_
2026-06-13 00:16:32.023 DEBUG [DiscoveryClient-CacheRefreshExecutor-0] c.netflix.discovery.DiscoveryClient - The total number of instances fetched by the delta processor : 0
2026-06-13 00:16:32.023 DEBUG [DiscoveryClient-CacheRefreshExecutor-0] c.netflix.discovery.DiscoveryClient - The total number of all instances in the client now is 6
2026-06-13 00:16:32.024 DEBUG [DiscoveryClient-CacheRefreshExecutor-0] c.netflix.discovery.DiscoveryClient - Completed cache refresh task for discovery. All Apps hash code is Local region apps hashcode: UP_6_, is fetching remote regions? false 
2026-06-13 00:16:37.363 DEBUG [http-nio-8086-exec-5] c.c.c.service.ChatSessionService - Session 0fe739eca83141d9ac26d844ba8d226a found in cache
2026-06-13 00:16:37.529 DEBUG [http-nio-8086-exec-6] c.c.c.service.ChatSessionService - Session 0fe739eca83141d9ac26d844ba8d226a found in cache
2026-06-13 00:16:48.260 DEBUG [http-nio-8086-exec-1] c.c.c.service.ChatSessionService - Session 0fe739eca83141d9ac26d844ba8d226a found in cache
2026-06-13 00:16:48.260 DEBUG [http-nio-8086-exec-1] c.c.c.service.ChatSessionService - Extended session 0fe739eca83141d9ac26d844ba8d226a
2026-06-13 00:17:02.048 DEBUG [DiscoveryClient-HeartbeatExecutor-0] c.netflix.discovery.DiscoveryClient - DiscoveryClient_CHATBOT-MICROSERVICE/chatbot-microservice:f7ea7abaac0af316d677d10b7c409315 - Heartbeat status: 200
2026-06-13 00:17:02.048 DEBUG [DiscoveryClient-CacheRefreshExecutor-0] c.netflix.discovery.DiscoveryClient - Got delta update with apps hashcode UP_6_
2026-06-13 00:17:02.048 DEBUG [DiscoveryClient-CacheRefreshExecutor-0] c.netflix.discovery.DiscoveryClient - The total number of instances fetched by the delta processor : 0
2026-06-13 00:17:02.048 DEBUG [DiscoveryClient-CacheRefreshExecutor-0] c.netflix.discovery.DiscoveryClient - The total number of all instances in the client now is 6
2026-06-13 00:17:02.048 DEBUG [DiscoveryClient-CacheRefreshExecutor-0] c.netflix.discovery.DiscoveryClient - Completed cache refresh task for discovery. All Apps hash code is Local region apps hashcode: UP_6_, is fetching remote regions? false 
2026-06-13 00:17:02.461 DEBUG [http-nio-8086-exec-7] c.c.c.service.ChatSessionService - Session 0fe739eca83141d9ac26d844ba8d226a found in cache
2026-06-13 00:17:02.474 DEBUG [http-nio-8086-exec-7] c.c.c.service.ChatSessionService - Extended session 0fe739eca83141d9ac26d844ba8d226a
2026-06-13 00:17:13.539 DEBUG [http-nio-8086-exec-4] c.c.c.service.ChatSessionService - Session 0fe739eca83141d9ac26d844ba8d226a found in cache
2026-06-13 00:17:13.548 DEBUG [http-nio-8086-exec-4] c.c.c.service.ChatSessionService - Extended session 0fe739eca83141d9ac26d844ba8d226a
2026-06-13 00:17:27.466 DEBUG [http-nio-8086-exec-2] c.c.c.service.ChatSessionService - Session 0fe739eca83141d9ac26d844ba8d226a found in cache
2026-06-13 00:17:27.471 DEBUG [http-nio-8086-exec-2] c.c.c.service.ChatSessionService - Extended session 0fe739eca83141d9ac26d844ba8d226a
2026-06-13 00:17:32.066 DEBUG [DiscoveryClient-HeartbeatExecutor-0] c.netflix.discovery.DiscoveryClient - DiscoveryClient_CHATBOT-MICROSERVICE/chatbot-microservice:f7ea7abaac0af316d677d10b7c409315 - Heartbeat status: 200
2026-06-13 00:17:32.066 DEBUG [DiscoveryClient-CacheRefreshExecutor-0] c.netflix.discovery.DiscoveryClient - Got delta update with apps hashcode UP_6_
2026-06-13 00:17:32.066 DEBUG [DiscoveryClient-CacheRefreshExecutor-0] c.netflix.discovery.DiscoveryClient - The total number of instances fetched by the delta processor : 0
2026-06-13 00:17:32.066 DEBUG [DiscoveryClient-CacheRefreshExecutor-0] c.netflix.discovery.DiscoveryClient - The total number of all instances in the client now is 6
2026-06-13 00:17:32.066 DEBUG [DiscoveryClient-CacheRefreshExecutor-0] c.netflix.discovery.DiscoveryClient - Completed cache refresh task for discovery. All Apps hash code is Local region apps hashcode: UP_6_, is fetching remote regions? false 
2026-06-13 00:17:38.775 DEBUG [http-nio-8086-exec-6] c.c.c.service.ChatSessionService - Session 0fe739eca83141d9ac26d844ba8d226a found in cache
2026-06-13 00:17:38.799 DEBUG [http-nio-8086-exec-6] c.c.c.service.ChatSessionService - Extended session 0fe739eca83141d9ac26d844ba8d226a
2026-06-13 00:17:54.317 DEBUG [http-nio-8086-exec-1] c.c.c.service.ChatSessionService - Session 0fe739eca83141d9ac26d844ba8d226a found in cache
2026-06-13 00:17:54.318 DEBUG [http-nio-8086-exec-1] c.c.c.service.ChatSessionService - Extended session 0fe739eca83141d9ac26d844ba8d226a
2026-06-13 00:18:02.094 DEBUG [DiscoveryClient-HeartbeatExecutor-0] c.netflix.discovery.DiscoveryClient - DiscoveryClient_CHATBOT-MICROSERVICE/chatbot-microservice:f7ea7abaac0af316d677d10b7c409315 - Heartbeat status: 200
2026-06-13 00:18:02.096 DEBUG [DiscoveryClient-CacheRefreshExecutor-0] c.netflix.discovery.DiscoveryClient - Got delta update with apps hashcode UP_6_
2026-06-13 00:18:02.096 DEBUG [DiscoveryClient-CacheRefreshExecutor-0] c.netflix.discovery.DiscoveryClient - The total number of instances fetched by the delta processor : 0
2026-06-13 00:18:02.096 DEBUG [DiscoveryClient-CacheRefreshExecutor-0] c.netflix.discovery.DiscoveryClient - The total number of all instances in the client now is 6
2026-06-13 00:18:02.098 DEBUG [DiscoveryClient-CacheRefreshExecutor-0] c.netflix.discovery.DiscoveryClient - Completed cache refresh task for discovery. All Apps hash code is Local region apps hashcode: UP_6_, is fetching remote regions? false 
2026-06-13 00:18:03.176 DEBUG [http-nio-8086-exec-7] c.c.c.service.ChatSessionService - Session 0fe739eca83141d9ac26d844ba8d226a found in cache
2026-06-13 00:18:03.189 DEBUG [http-nio-8086-exec-7] c.c.c.service.ChatSessionService - Extended session 0fe739eca83141d9ac26d844ba8d226a
2026-06-13 00:18:17.486 DEBUG [http-nio-8086-exec-4] c.c.c.service.ChatSessionService - Session 0fe739eca83141d9ac26d844ba8d226a found in cache
2026-06-13 00:18:17.490 DEBUG [http-nio-8086-exec-4] c.c.c.service.ChatSessionService - Extended session 0fe739eca83141d9ac26d844ba8d226a
2026-06-13 00:18:29.316 DEBUG [http-nio-8086-exec-2] c.c.c.service.ChatSessionService - Session 0fe739eca83141d9ac26d844ba8d226a found in cache
2026-06-13 00:18:29.319 DEBUG [http-nio-8086-exec-2] c.c.c.service.ChatSessionService - Extended session 0fe739eca83141d9ac26d844ba8d226a
2026-06-13 00:18:32.121 DEBUG [DiscoveryClient-CacheRefreshExecutor-0] c.netflix.discovery.DiscoveryClient - Got delta update with apps hashcode UP_6_
2026-06-13 00:18:32.122 DEBUG [DiscoveryClient-CacheRefreshExecutor-0] c.netflix.discovery.DiscoveryClient - The total number of instances fetched by the delta processor : 0
2026-06-13 00:18:32.121 DEBUG [DiscoveryClient-HeartbeatExecutor-0] c.netflix.discovery.DiscoveryClient - DiscoveryClient_CHATBOT-MICROSERVICE/chatbot-microservice:f7ea7abaac0af316d677d10b7c409315 - Heartbeat status: 200
2026-06-13 00:18:32.122 DEBUG [DiscoveryClient-CacheRefreshExecutor-0] c.netflix.discovery.DiscoveryClient - The total number of all instances in the client now is 6
2026-06-13 00:18:32.122 DEBUG [DiscoveryClient-CacheRefreshExecutor-0] c.netflix.discovery.DiscoveryClient - Completed cache refresh task for discovery. All Apps hash code is Local region apps hashcode: UP_6_, is fetching remote regions? false 
2026-06-13 00:18:42.477 DEBUG [http-nio-8086-exec-6] c.c.c.service.ChatSessionService - Session 0fe739eca83141d9ac26d844ba8d226a found in cache
2026-06-13 00:18:42.489 DEBUG [http-nio-8086-exec-6] c.c.c.service.ChatSessionService - Extended session 0fe739eca83141d9ac26d844ba8d226a
2026-06-13 00:18:53.275 DEBUG [http-nio-8086-exec-1] c.c.c.service.ChatSessionService - Session 0fe739eca83141d9ac26d844ba8d226a found in cache
2026-06-13 00:18:53.301 DEBUG [http-nio-8086-exec-1] c.c.c.service.ChatSessionService - Extended session 0fe739eca83141d9ac26d844ba8d226a
2026-06-13 00:19:02.139 DEBUG [DiscoveryClient-HeartbeatExecutor-0] c.netflix.discovery.DiscoveryClient - DiscoveryClient_CHATBOT-MICROSERVICE/chatbot-microservice:f7ea7abaac0af316d677d10b7c409315 - Heartbeat status: 200
2026-06-13 00:19:02.139 DEBUG [DiscoveryClient-CacheRefreshExecutor-0] c.netflix.discovery.DiscoveryClient - Got delta update with apps hashcode UP_6_
2026-06-13 00:19:02.139 DEBUG [DiscoveryClient-CacheRefreshExecutor-0] c.netflix.discovery.DiscoveryClient - The total number of instances fetched by the delta processor : 0
2026-06-13 00:19:02.139 DEBUG [DiscoveryClient-CacheRefreshExecutor-0] c.netflix.discovery.DiscoveryClient - The total number of all instances in the client now is 6
2026-06-13 00:19:02.139 DEBUG [DiscoveryClient-CacheRefreshExecutor-0] c.netflix.discovery.DiscoveryClient - Completed cache refresh task for discovery. All Apps hash code is Local region apps hashcode: UP_6_, is fetching remote regions? false 
2026-06-13 00:19:08.614 DEBUG [http-nio-8086-exec-7] c.c.c.service.ChatSessionService - Session 0fe739eca83141d9ac26d844ba8d226a found in cache
2026-06-13 00:19:08.646 DEBUG [http-nio-8086-exec-7] c.c.c.service.ChatSessionService - Extended session 0fe739eca83141d9ac26d844ba8d226a
2026-06-13 00:19:19.196 DEBUG [http-nio-8086-exec-4] c.c.c.service.ChatSessionService - Session 0fe739eca83141d9ac26d844ba8d226a found in cache
2026-06-13 00:19:19.369 DEBUG [http-nio-8086-exec-8] c.c.c.service.ChatSessionService - Session 0fe739eca83141d9ac26d844ba8d226a found in cache
2026-06-13 00:19:25.358 DEBUG [http-nio-8086-exec-5] c.c.c.service.ChatSessionService - Session 0fe739eca83141d9ac26d844ba8d226a found in cache
2026-06-13 00:19:25.358 DEBUG [http-nio-8086-exec-5] c.c.c.service.ChatSessionService - Extended session 0fe739eca83141d9ac26d844ba8d226a
2026-06-13 00:19:32.157 DEBUG [DiscoveryClient-HeartbeatExecutor-0] c.n.d.s.t.d.SessionedEurekaHttpClient - Ending a session and starting anew
2026-06-13 00:19:32.175 DEBUG [DiscoveryClient-CacheRefreshExecutor-0] c.netflix.discovery.DiscoveryClient - Got delta update with apps hashcode UP_6_
2026-06-13 00:19:32.175 DEBUG [DiscoveryClient-CacheRefreshExecutor-0] c.netflix.discovery.DiscoveryClient - The total number of instances fetched by the delta processor : 0
2026-06-13 00:19:32.175 DEBUG [DiscoveryClient-CacheRefreshExecutor-0] c.netflix.discovery.DiscoveryClient - The total number of all instances in the client now is 6
2026-06-13 00:19:32.175 DEBUG [DiscoveryClient-CacheRefreshExecutor-0] c.netflix.discovery.DiscoveryClient - Completed cache refresh task for discovery. All Apps hash code is Local region apps hashcode: UP_6_, is fetching remote regions? false 
2026-06-13 00:19:32.328 DEBUG [DiscoveryClient-HeartbeatExecutor-0] c.n.d.s.t.d.RedirectingEurekaHttpClient - Pinning to endpoint null
2026-06-13 00:19:32.328 DEBUG [DiscoveryClient-HeartbeatExecutor-0] c.netflix.discovery.DiscoveryClient - DiscoveryClient_CHATBOT-MICROSERVICE/chatbot-microservice:f7ea7abaac0af316d677d10b7c409315 - Heartbeat status: 200
2026-06-13 00:19:44.373 DEBUG [http-nio-8086-exec-3] c.c.c.service.ChatSessionService - Session 0fe739eca83141d9ac26d844ba8d226a found in cache
2026-06-13 00:19:44.386 DEBUG [http-nio-8086-exec-3] c.c.c.service.ChatSessionService - Extended session 0fe739eca83141d9ac26d844ba8d226a
2026-06-13 00:20:02.205 DEBUG [DiscoveryClient-CacheRefreshExecutor-0] c.netflix.discovery.DiscoveryClient - Got delta update with apps hashcode UP_6_
2026-06-13 00:20:02.205 DEBUG [DiscoveryClient-CacheRefreshExecutor-0] c.netflix.discovery.DiscoveryClient - The total number of instances fetched by the delta processor : 0
2026-06-13 00:20:02.205 DEBUG [DiscoveryClient-CacheRefreshExecutor-0] c.netflix.discovery.DiscoveryClient - The total number of all instances in the client now is 6
2026-06-13 00:20:02.205 DEBUG [DiscoveryClient-CacheRefreshExecutor-0] c.netflix.discovery.DiscoveryClient - Completed cache refresh task for discovery. All Apps hash code is Local region apps hashcode: UP_6_, is fetching remote regions? false 
2026-06-13 00:20:02.334 DEBUG [DiscoveryClient-HeartbeatExecutor-0] c.netflix.discovery.DiscoveryClient - DiscoveryClient_CHATBOT-MICROSERVICE/chatbot-microservice:f7ea7abaac0af316d677d10b7c409315 - Heartbeat status: 200
2026-06-13 00:20:09.614 DEBUG [http-nio-8086-exec-10] c.c.c.service.ChatSessionService - Session 0fe739eca83141d9ac26d844ba8d226a found in cache
2026-06-13 00:20:09.614 DEBUG [http-nio-8086-exec-10] c.c.c.service.ChatSessionService - Extended session 0fe739eca83141d9ac26d844ba8d226a
2026-06-13 00:20:32.237 DEBUG [DiscoveryClient-CacheRefreshExecutor-0] c.netflix.discovery.DiscoveryClient - Got delta update with apps hashcode UP_6_
2026-06-13 00:20:32.238 DEBUG [DiscoveryClient-CacheRefreshExecutor-0] c.netflix.discovery.DiscoveryClient - The total number of instances fetched by the delta processor : 0
2026-06-13 00:20:32.238 DEBUG [DiscoveryClient-CacheRefreshExecutor-0] c.netflix.discovery.DiscoveryClient - The total number of all instances in the client now is 6
2026-06-13 00:20:32.238 DEBUG [DiscoveryClient-CacheRefreshExecutor-0] c.netflix.discovery.DiscoveryClient - Completed cache refresh task for discovery. All Apps hash code is Local region apps hashcode: UP_6_, is fetching remote regions? false 
2026-06-13 00:20:32.353 DEBUG [DiscoveryClient-HeartbeatExecutor-0] c.netflix.discovery.DiscoveryClient - DiscoveryClient_CHATBOT-MICROSERVICE/chatbot-microservice:f7ea7abaac0af316d677d10b7c409315 - Heartbeat status: 200
2026-06-13 00:20:34.380 DEBUG [http-nio-8086-exec-9] c.c.c.service.ChatSessionService - Session 0fe739eca83141d9ac26d844ba8d226a found in cache
2026-06-13 00:20:34.384 DEBUG [http-nio-8086-exec-9] c.c.c.service.ChatSessionService - Extended session 0fe739eca83141d9ac26d844ba8d226a
2026-06-13 00:20:48.479 DEBUG [http-nio-8086-exec-8] c.c.c.service.ChatSessionService - Session 0fe739eca83141d9ac26d844ba8d226a found in cache
2026-06-13 00:20:48.481 DEBUG [http-nio-8086-exec-8] c.c.c.service.ChatSessionService - Extended session 0fe739eca83141d9ac26d844ba8d226a
2026-06-13 00:20:59.463 DEBUG [http-nio-8086-exec-5] c.c.c.service.ChatSessionService - Session 0fe739eca83141d9ac26d844ba8d226a found in cache
2026-06-13 00:20:59.468 DEBUG [http-nio-8086-exec-5] c.c.c.service.ChatSessionService - Extended session 0fe739eca83141d9ac26d844ba8d226a
2026-06-13 00:21:02.259 DEBUG [DiscoveryClient-CacheRefreshExecutor-0] c.netflix.discovery.DiscoveryClient - Got delta update with apps hashcode UP_6_
2026-06-13 00:21:02.259 DEBUG [DiscoveryClient-CacheRefreshExecutor-0] c.netflix.discovery.DiscoveryClient - The total number of instances fetched by the delta processor : 0
2026-06-13 00:21:02.259 DEBUG [DiscoveryClient-CacheRefreshExecutor-0] c.netflix.discovery.DiscoveryClient - The total number of all instances in the client now is 6
2026-06-13 00:21:02.259 DEBUG [DiscoveryClient-CacheRefreshExecutor-0] c.netflix.discovery.DiscoveryClient - Completed cache refresh task for discovery. All Apps hash code is Local region apps hashcode: UP_6_, is fetching remote regions? false 
2026-06-13 00:21:02.367 DEBUG [DiscoveryClient-HeartbeatExecutor-0] c.netflix.discovery.DiscoveryClient - DiscoveryClient_CHATBOT-MICROSERVICE/chatbot-microservice:f7ea7abaac0af316d677d10b7c409315 - Heartbeat status: 200
2026-06-13 00:21:16.319 INFO  [AsyncResolver-bootstrap-executor-0] c.n.d.s.r.aws.ConfigClusterResolver - Resolving eureka endpoints via configuration
2026-06-13 00:21:16.319 DEBUG [AsyncResolver-bootstrap-executor-0] c.n.discovery.endpoint.EndpointUtils - The availability zone for the given region us-east-1 are [defaultZone]
2026-06-13 00:21:16.323 DEBUG [AsyncResolver-bootstrap-executor-0] c.n.d.s.r.aws.ConfigClusterResolver - Config resolved to [AwsEndpoint{ serviceUrl='http://localhost:8761/eureka/', region='us-east-1', zone='defaultZone'}]
2026-06-13 00:21:16.326 DEBUG [AsyncResolver-bootstrap-executor-0] c.n.d.s.r.a.ZoneAffinityClusterResolver - Local zone=defaultZone; resolved to: [AwsEndpoint{ serviceUrl='http://localhost:8761/eureka/', region='us-east-1', zone='defaultZone'}]
2026-06-13 00:21:16.328 DEBUG [AsyncResolver-bootstrap-executor-0] c.n.d.shared.resolver.AsyncResolver - Resolved to [AwsEndpoint{ serviceUrl='http://localhost:8761/eureka/', region='us-east-1', zone='defaultZone'}]
2026-06-13 00:21:23.243 DEBUG [http-nio-8086-exec-3] c.c.c.service.ChatSessionService - Session 0fe739eca83141d9ac26d844ba8d226a found in cache
2026-06-13 00:21:23.247 DEBUG [http-nio-8086-exec-3] c.c.c.service.ChatSessionService - Extended session 0fe739eca83141d9ac26d844ba8d226a
2026-06-13 00:21:24.366 DEBUG [http-nio-8086-exec-1] c.c.c.service.ChatSessionService - Session 0fe739eca83141d9ac26d844ba8d226a found in cache
2026-06-13 00:21:24.368 DEBUG [http-nio-8086-exec-1] c.c.c.service.ChatSessionService - Extended session 0fe739eca83141d9ac26d844ba8d226a
2026-06-13 00:21:32.332 DEBUG [DiscoveryClient-CacheRefreshExecutor-0] c.netflix.discovery.DiscoveryClient - Got delta update with apps hashcode UP_6_
2026-06-13 00:21:32.332 DEBUG [DiscoveryClient-CacheRefreshExecutor-0] c.netflix.discovery.DiscoveryClient - The total number of instances fetched by the delta processor : 0
2026-06-13 00:21:32.332 DEBUG [DiscoveryClient-CacheRefreshExecutor-0] c.netflix.discovery.DiscoveryClient - The total number of all instances in the client now is 6
2026-06-13 00:21:32.332 DEBUG [DiscoveryClient-CacheRefreshExecutor-0] c.netflix.discovery.DiscoveryClient - Completed cache refresh task for discovery. All Apps hash code is Local region apps hashcode: UP_6_, is fetching remote regions? false 
2026-06-13 00:21:32.403 DEBUG [DiscoveryClient-HeartbeatExecutor-0] c.netflix.discovery.DiscoveryClient - DiscoveryClient_CHATBOT-MICROSERVICE/chatbot-microservice:f7ea7abaac0af316d677d10b7c409315 - Heartbeat status: 200
2026-06-13 00:21:49.381 DEBUG [http-nio-8086-exec-7] c.c.c.service.ChatSessionService - Session 0fe739eca83141d9ac26d844ba8d226a found in cache
2026-06-13 00:21:49.383 DEBUG [http-nio-8086-exec-7] c.c.c.service.ChatSessionService - Extended session 0fe739eca83141d9ac26d844ba8d226a
2026-06-13 00:22:02.359 DEBUG [DiscoveryClient-CacheRefreshExecutor-0] c.netflix.discovery.DiscoveryClient - Got delta update with apps hashcode UP_6_
2026-06-13 00:22:02.359 DEBUG [DiscoveryClient-CacheRefreshExecutor-0] c.netflix.discovery.DiscoveryClient - The total number of instances fetched by the delta processor : 0
2026-06-13 00:22:02.359 DEBUG [DiscoveryClient-CacheRefreshExecutor-0] c.netflix.discovery.DiscoveryClient - The total number of all instances in the client now is 6
2026-06-13 00:22:02.359 DEBUG [DiscoveryClient-CacheRefreshExecutor-0] c.netflix.discovery.DiscoveryClient - Completed cache refresh task for discovery. All Apps hash code is Local region apps hashcode: UP_6_, is fetching remote regions? false 
2026-06-13 00:22:02.409 DEBUG [DiscoveryClient-HeartbeatExecutor-0] c.netflix.discovery.DiscoveryClient - DiscoveryClient_CHATBOT-MICROSERVICE/chatbot-microservice:f7ea7abaac0af316d677d10b7c409315 - Heartbeat status: 200
2026-06-13 00:22:14.369 DEBUG [http-nio-8086-exec-4] c.c.c.service.ChatSessionService - Session 0fe739eca83141d9ac26d844ba8d226a found in cache
2026-06-13 00:22:14.372 DEBUG [http-nio-8086-exec-4] c.c.c.service.ChatSessionService - Extended session 0fe739eca83141d9ac26d844ba8d226a
2026-06-13 00:22:14.881 INFO  [MessageBroker-10] o.s.w.s.c.WebSocketMessageBrokerStats - WebSocketSession[0 current WS(0)-HttpStream(0)-HttpPoll(0), 0 total, 0 closed abnormally (0 connect failure, 0 send limit, 0 transport error)], stompSubProtocol[processed CONNECT(0)-CONNECTED(0)-DISCONNECT(0)], stompBrokerRelay[null], inboundChannel[pool size = 0, active threads = 0, queued tasks = 0, completed tasks = 0], outboundChannel[pool size = 0, active threads = 0, queued tasks = 0, completed tasks = 0], sockJsScheduler[pool size = 12, active threads = 1, queued tasks = 1, completed tasks = 21]
2026-06-13 00:22:23.246 DEBUG [http-nio-8086-exec-2] c.c.c.service.ChatSessionService - Session 0fe739eca83141d9ac26d844ba8d226a found in cache
2026-06-13 00:22:23.249 DEBUG [http-nio-8086-exec-2] c.c.c.service.ChatSessionService - Extended session 0fe739eca83141d9ac26d844ba8d226a
2026-06-13 00:22:32.383 DEBUG [DiscoveryClient-CacheRefreshExecutor-0] c.netflix.discovery.DiscoveryClient - Got delta update with apps hashcode UP_6_
2026-06-13 00:22:32.383 DEBUG [DiscoveryClient-CacheRefreshExecutor-0] c.netflix.discovery.DiscoveryClient - The total number of instances fetched by the delta processor : 0
2026-06-13 00:22:32.383 DEBUG [DiscoveryClient-CacheRefreshExecutor-0] c.netflix.discovery.DiscoveryClient - The total number of all instances in the client now is 6
2026-06-13 00:22:32.383 DEBUG [DiscoveryClient-CacheRefreshExecutor-0] c.netflix.discovery.DiscoveryClient - Completed cache refresh task for discovery. All Apps hash code is Local region apps hashcode: UP_6_, is fetching remote regions? false 
2026-06-13 00:22:32.422 DEBUG [DiscoveryClient-HeartbeatExecutor-0] c.netflix.discovery.DiscoveryClient - DiscoveryClient_CHATBOT-MICROSERVICE/chatbot-microservice:f7ea7abaac0af316d677d10b7c409315 - Heartbeat status: 200
2026-06-13 00:22:39.352 DEBUG [http-nio-8086-exec-6] c.c.c.service.ChatSessionService - Session 0fe739eca83141d9ac26d844ba8d226a found in cache
2026-06-13 00:22:39.352 DEBUG [http-nio-8086-exec-6] c.c.c.service.ChatSessionService - Extended session 0fe739eca83141d9ac26d844ba8d226a
2026-06-13 00:23:02.400 DEBUG [DiscoveryClient-CacheRefreshExecutor-0] c.netflix.discovery.DiscoveryClient - Got delta update with apps hashcode UP_6_
2026-06-13 00:23:02.401 DEBUG [DiscoveryClient-CacheRefreshExecutor-0] c.netflix.discovery.DiscoveryClient - The total number of instances fetched by the delta processor : 0
2026-06-13 00:23:02.401 DEBUG [DiscoveryClient-CacheRefreshExecutor-0] c.netflix.discovery.DiscoveryClient - The total number of all instances in the client now is 6
2026-06-13 00:23:02.401 DEBUG [DiscoveryClient-CacheRefreshExecutor-0] c.netflix.discovery.DiscoveryClient - Completed cache refresh task for discovery. All Apps hash code is Local region apps hashcode: UP_6_, is fetching remote regions? false 
2026-06-13 00:23:02.432 DEBUG [DiscoveryClient-HeartbeatExecutor-0] c.netflix.discovery.DiscoveryClient - DiscoveryClient_CHATBOT-MICROSERVICE/chatbot-microservice:f7ea7abaac0af316d677d10b7c409315 - Heartbeat status: 200
2026-06-13 00:23:04.363 DEBUG [http-nio-8086-exec-1] c.c.c.service.ChatSessionService - Session 0fe739eca83141d9ac26d844ba8d226a found in cache
2026-06-13 00:23:04.363 DEBUG [http-nio-8086-exec-1] c.c.c.service.ChatSessionService - Extended session 0fe739eca83141d9ac26d844ba8d226a
2026-06-13 00:23:23.265 DEBUG [http-nio-8086-exec-7] c.c.c.service.ChatSessionService - Session 0fe739eca83141d9ac26d844ba8d226a found in cache
2026-06-13 00:23:23.265 DEBUG [http-nio-8086-exec-7] c.c.c.service.ChatSessionService - Extended session 0fe739eca83141d9ac26d844ba8d226a
2026-06-13 00:23:30.130 DEBUG [http-nio-8086-exec-4] c.c.c.service.ChatSessionService - Session 0fe739eca83141d9ac26d844ba8d226a found in cache
2026-06-13 00:23:30.130 DEBUG [http-nio-8086-exec-4] c.c.c.service.ChatSessionService - Extended session 0fe739eca83141d9ac26d844ba8d226a
2026-06-13 00:23:32.424 DEBUG [DiscoveryClient-CacheRefreshExecutor-0] c.netflix.discovery.DiscoveryClient - Got delta update with apps hashcode UP_6_
2026-06-13 00:23:32.425 DEBUG [DiscoveryClient-CacheRefreshExecutor-0] c.netflix.discovery.DiscoveryClient - The total number of instances fetched by the delta processor : 0
2026-06-13 00:23:32.425 DEBUG [DiscoveryClient-CacheRefreshExecutor-0] c.netflix.discovery.DiscoveryClient - The total number of all instances in the client now is 6
2026-06-13 00:23:32.426 DEBUG [DiscoveryClient-CacheRefreshExecutor-0] c.netflix.discovery.DiscoveryClient - Completed cache refresh task for discovery. All Apps hash code is Local region apps hashcode: UP_6_, is fetching remote regions? false 
2026-06-13 00:23:32.440 DEBUG [DiscoveryClient-HeartbeatExecutor-0] c.netflix.discovery.DiscoveryClient - DiscoveryClient_CHATBOT-MICROSERVICE/chatbot-microservice:f7ea7abaac0af316d677d10b7c409315 - Heartbeat status: 200
2026-06-13 00:23:58.413 DEBUG [http-nio-8086-exec-2] c.c.c.service.ChatSessionService - Session 0fe739eca83141d9ac26d844ba8d226a found in cache
2026-06-13 00:23:58.421 DEBUG [http-nio-8086-exec-2] c.c.c.service.ChatSessionService - Extended session 0fe739eca83141d9ac26d844ba8d226a
2026-06-13 00:24:02.455 DEBUG [DiscoveryClient-CacheRefreshExecutor-0] c.netflix.discovery.DiscoveryClient - Got delta update with apps hashcode UP_6_
2026-06-13 00:24:02.455 DEBUG [DiscoveryClient-CacheRefreshExecutor-0] c.netflix.discovery.DiscoveryClient - The total number of instances fetched by the delta processor : 0
2026-06-13 00:24:02.461 DEBUG [DiscoveryClient-CacheRefreshExecutor-0] c.netflix.discovery.DiscoveryClient - The total number of all instances in the client now is 6
2026-06-13 00:24:02.461 DEBUG [DiscoveryClient-CacheRefreshExecutor-0] c.netflix.discovery.DiscoveryClient - Completed cache refresh task for discovery. All Apps hash code is Local region apps hashcode: UP_6_, is fetching remote regions? false 
2026-06-13 00:24:02.471 DEBUG [DiscoveryClient-HeartbeatExecutor-0] c.netflix.discovery.DiscoveryClient - DiscoveryClient_CHATBOT-MICROSERVICE/chatbot-microservice:f7ea7abaac0af316d677d10b7c409315 - Heartbeat status: 200
2026-06-13 00:24:23.130 DEBUG [http-nio-8086-exec-6] c.c.c.service.ChatSessionService - Session 0fe739eca83141d9ac26d844ba8d226a found in cache
2026-06-13 00:24:23.130 DEBUG [http-nio-8086-exec-6] c.c.c.service.ChatSessionService - Extended session 0fe739eca83141d9ac26d844ba8d226a
2026-06-13 00:24:23.258 DEBUG [http-nio-8086-exec-3] c.c.c.service.ChatSessionService - Session 0fe739eca83141d9ac26d844ba8d226a found in cache
2026-06-13 00:24:23.258 DEBUG [http-nio-8086-exec-3] c.c.c.service.ChatSessionService - Extended session 0fe739eca83141d9ac26d844ba8d226a
2026-06-13 00:24:32.480 DEBUG [DiscoveryClient-CacheRefreshExecutor-0] c.netflix.discovery.DiscoveryClient - Got delta update with apps hashcode UP_6_
2026-06-13 00:24:32.480 DEBUG [DiscoveryClient-CacheRefreshExecutor-0] c.netflix.discovery.DiscoveryClient - The total number of instances fetched by the delta processor : 0
2026-06-13 00:24:32.480 DEBUG [DiscoveryClient-CacheRefreshExecutor-0] c.netflix.discovery.DiscoveryClient - The total number of all instances in the client now is 6
2026-06-13 00:24:32.480 DEBUG [DiscoveryClient-CacheRefreshExecutor-0] c.netflix.discovery.DiscoveryClient - Completed cache refresh task for discovery. All Apps hash code is Local region apps hashcode: UP_6_, is fetching remote regions? false 
2026-06-13 00:24:32.486 DEBUG [DiscoveryClient-HeartbeatExecutor-0] c.netflix.discovery.DiscoveryClient - DiscoveryClient_CHATBOT-MICROSERVICE/chatbot-microservice:f7ea7abaac0af316d677d10b7c409315 - Heartbeat status: 200
2026-06-13 00:24:39.217 DEBUG [http-nio-8086-exec-10] c.c.c.service.ChatSessionService - Session 105f38b13d9e495785061e29600283e6 found in cache
2026-06-13 00:24:39.219 DEBUG [http-nio-8086-exec-10] c.c.c.service.ChatSessionService - Extended session 105f38b13d9e495785061e29600283e6
2026-06-13 00:24:44.351 DEBUG [http-nio-8086-exec-7] c.c.c.service.ChatSessionService - Session 0fe739eca83141d9ac26d844ba8d226a found in cache
2026-06-13 00:24:44.354 DEBUG [http-nio-8086-exec-7] c.c.c.service.ChatSessionService - Extended session 0fe739eca83141d9ac26d844ba8d226a
2026-06-13 00:25:02.495 DEBUG [DiscoveryClient-HeartbeatExecutor-0] c.netflix.discovery.DiscoveryClient - DiscoveryClient_CHATBOT-MICROSERVICE/chatbot-microservice:f7ea7abaac0af316d677d10b7c409315 - Heartbeat status: 200
2026-06-13 00:25:02.503 DEBUG [DiscoveryClient-CacheRefreshExecutor-0] c.netflix.discovery.DiscoveryClient - Got delta update with apps hashcode UP_6_
2026-06-13 00:25:02.503 DEBUG [DiscoveryClient-CacheRefreshExecutor-0] c.netflix.discovery.DiscoveryClient - The total number of instances fetched by the delta processor : 0
2026-06-13 00:25:02.503 DEBUG [DiscoveryClient-CacheRefreshExecutor-0] c.netflix.discovery.DiscoveryClient - The total number of all instances in the client now is 6
2026-06-13 00:25:02.503 DEBUG [DiscoveryClient-CacheRefreshExecutor-0] c.netflix.discovery.DiscoveryClient - Completed cache refresh task for discovery. All Apps hash code is Local region apps hashcode: UP_6_, is fetching remote regions? false 
2026-06-13 00:25:10.150 DEBUG [http-nio-8086-exec-4] c.c.c.service.ChatSessionService - Session 0fe739eca83141d9ac26d844ba8d226a found in cache
2026-06-13 00:25:10.150 DEBUG [http-nio-8086-exec-4] c.c.c.service.ChatSessionService - Extended session 0fe739eca83141d9ac26d844ba8d226a
2026-06-13 00:25:23.241 DEBUG [http-nio-8086-exec-2] c.c.c.service.ChatSessionService - Session 0fe739eca83141d9ac26d844ba8d226a found in cache
2026-06-13 00:25:23.244 DEBUG [http-nio-8086-exec-2] c.c.c.service.ChatSessionService - Extended session 0fe739eca83141d9ac26d844ba8d226a
2026-06-13 00:25:32.525 DEBUG [DiscoveryClient-CacheRefreshExecutor-0] c.netflix.discovery.DiscoveryClient - Got delta update with apps hashcode UP_6_
2026-06-13 00:25:32.525 DEBUG [DiscoveryClient-CacheRefreshExecutor-0] c.netflix.discovery.DiscoveryClient - The total number of instances fetched by the delta processor : 0
2026-06-13 00:25:32.526 DEBUG [DiscoveryClient-HeartbeatExecutor-0] c.netflix.discovery.DiscoveryClient - DiscoveryClient_CHATBOT-MICROSERVICE/chatbot-microservice:f7ea7abaac0af316d677d10b7c409315 - Heartbeat status: 200
2026-06-13 00:25:32.526 DEBUG [DiscoveryClient-CacheRefreshExecutor-0] c.netflix.discovery.DiscoveryClient - The total number of all instances in the client now is 6
2026-06-13 00:25:32.526 DEBUG [DiscoveryClient-CacheRefreshExecutor-0] c.netflix.discovery.DiscoveryClient - Completed cache refresh task for discovery. All Apps hash code is Local region apps hashcode: UP_6_, is fetching remote regions? false 
2026-06-13 00:25:35.146 DEBUG [http-nio-8086-exec-6] c.c.c.service.ChatSessionService - Session 0fe739eca83141d9ac26d844ba8d226a found in cache
2026-06-13 00:25:35.146 DEBUG [http-nio-8086-exec-6] c.c.c.service.ChatSessionService - Extended session 0fe739eca83141d9ac26d844ba8d226a
2026-06-13 00:26:02.536 DEBUG [DiscoveryClient-CacheRefreshExecutor-0] c.n.d.s.t.d.SessionedEurekaHttpClient - Ending a session and starting anew
2026-06-13 00:26:02.555 DEBUG [DiscoveryClient-HeartbeatExecutor-0] c.netflix.discovery.DiscoveryClient - DiscoveryClient_CHATBOT-MICROSERVICE/chatbot-microservice:f7ea7abaac0af316d677d10b7c409315 - Heartbeat status: 200
2026-06-13 00:26:02.649 DEBUG [DiscoveryClient-CacheRefreshExecutor-0] c.n.d.s.t.d.RedirectingEurekaHttpClient - Pinning to endpoint null
2026-06-13 00:26:02.649 DEBUG [DiscoveryClient-CacheRefreshExecutor-0] c.netflix.discovery.DiscoveryClient - Got delta update with apps hashcode UP_6_
2026-06-13 00:26:02.649 DEBUG [DiscoveryClient-CacheRefreshExecutor-0] c.netflix.discovery.DiscoveryClient - The total number of instances fetched by the delta processor : 0
2026-06-13 00:26:02.649 DEBUG [DiscoveryClient-CacheRefreshExecutor-0] c.netflix.discovery.DiscoveryClient - The total number of all instances in the client now is 6
2026-06-13 00:26:02.649 DEBUG [DiscoveryClient-CacheRefreshExecutor-0] c.netflix.discovery.DiscoveryClient - Completed cache refresh task for discovery. All Apps hash code is Local region apps hashcode: UP_6_, is fetching remote regions? false 
2026-06-13 00:26:16.335 INFO  [AsyncResolver-bootstrap-executor-0] c.n.d.s.r.aws.ConfigClusterResolver - Resolving eureka endpoints via configuration
2026-06-13 00:26:16.336 DEBUG [AsyncResolver-bootstrap-executor-0] c.n.discovery.endpoint.EndpointUtils - The availability zone for the given region us-east-1 are [defaultZone]
2026-06-13 00:26:16.336 DEBUG [AsyncResolver-bootstrap-executor-0] c.n.d.s.r.aws.ConfigClusterResolver - Config resolved to [AwsEndpoint{ serviceUrl='http://localhost:8761/eureka/', region='us-east-1', zone='defaultZone'}]
2026-06-13 00:26:16.336 DEBUG [AsyncResolver-bootstrap-executor-0] c.n.d.s.r.a.ZoneAffinityClusterResolver - Local zone=defaultZone; resolved to: [AwsEndpoint{ serviceUrl='http://localhost:8761/eureka/', region='us-east-1', zone='defaultZone'}]
2026-06-13 00:26:16.336 DEBUG [AsyncResolver-bootstrap-executor-0] c.n.d.shared.resolver.AsyncResolver - Resolved to [AwsEndpoint{ serviceUrl='http://localhost:8761/eureka/', region='us-east-1', zone='defaultZone'}]
2026-06-13 00:26:23.137 DEBUG [http-nio-8086-exec-1] c.c.c.service.ChatSessionService - Session 0fe739eca83141d9ac26d844ba8d226a found in cache
2026-06-13 00:26:23.137 DEBUG [http-nio-8086-exec-1] c.c.c.service.ChatSessionService - Extended session 0fe739eca83141d9ac26d844ba8d226a
2026-06-13 00:26:23.219 DEBUG [http-nio-8086-exec-10] c.c.c.service.ChatSessionService - Session 0fe739eca83141d9ac26d844ba8d226a found in cache
2026-06-13 00:26:23.219 DEBUG [http-nio-8086-exec-10] c.c.c.service.ChatSessionService - Extended session 0fe739eca83141d9ac26d844ba8d226a
2026-06-13 00:26:32.575 DEBUG [DiscoveryClient-HeartbeatExecutor-0] c.netflix.discovery.DiscoveryClient - DiscoveryClient_CHATBOT-MICROSERVICE/chatbot-microservice:f7ea7abaac0af316d677d10b7c409315 - Heartbeat status: 200
2026-06-13 00:26:32.671 DEBUG [DiscoveryClient-CacheRefreshExecutor-0] c.netflix.discovery.DiscoveryClient - Got delta update with apps hashcode UP_6_
2026-06-13 00:26:32.674 DEBUG [DiscoveryClient-CacheRefreshExecutor-0] c.netflix.discovery.DiscoveryClient - The total number of instances fetched by the delta processor : 0
2026-06-13 00:26:32.674 DEBUG [DiscoveryClient-CacheRefreshExecutor-0] c.netflix.discovery.DiscoveryClient - The total number of all instances in the client now is 6
2026-06-13 00:26:32.674 DEBUG [DiscoveryClient-CacheRefreshExecutor-0] c.netflix.discovery.DiscoveryClient - Completed cache refresh task for discovery. All Apps hash code is Local region apps hashcode: UP_6_, is fetching remote regions? false 
2026-06-13 00:27:02.605 DEBUG [DiscoveryClient-HeartbeatExecutor-0] c.netflix.discovery.DiscoveryClient - DiscoveryClient_CHATBOT-MICROSERVICE/chatbot-microservice:f7ea7abaac0af316d677d10b7c409315 - Heartbeat status: 200
2026-06-13 00:27:02.682 DEBUG [DiscoveryClient-CacheRefreshExecutor-0] c.netflix.discovery.DiscoveryClient - Got delta update with apps hashcode UP_6_
2026-06-13 00:27:02.682 DEBUG [DiscoveryClient-CacheRefreshExecutor-0] c.netflix.discovery.DiscoveryClient - The total number of instances fetched by the delta processor : 0
2026-06-13 00:27:02.682 DEBUG [DiscoveryClient-CacheRefreshExecutor-0] c.netflix.discovery.DiscoveryClient - The total number of all instances in the client now is 6
2026-06-13 00:27:02.682 DEBUG [DiscoveryClient-CacheRefreshExecutor-0] c.netflix.discovery.DiscoveryClient - Completed cache refresh task for discovery. All Apps hash code is Local region apps hashcode: UP_6_, is fetching remote regions? false 
2026-06-13 00:27:23.156 DEBUG [http-nio-8086-exec-9] c.c.c.service.ChatSessionService - Session 0fe739eca83141d9ac26d844ba8d226a found in cache
2026-06-13 00:27:23.159 DEBUG [http-nio-8086-exec-9] c.c.c.service.ChatSessionService - Extended session 0fe739eca83141d9ac26d844ba8d226a
2026-06-13 00:27:23.239 DEBUG [http-nio-8086-exec-4] c.c.c.service.ChatSessionService - Session 0fe739eca83141d9ac26d844ba8d226a found in cache
2026-06-13 00:27:23.239 DEBUG [http-nio-8086-exec-4] c.c.c.service.ChatSessionService - Extended session 0fe739eca83141d9ac26d844ba8d226a
2026-06-13 00:27:32.632 DEBUG [DiscoveryClient-HeartbeatExecutor-0] c.netflix.discovery.DiscoveryClient - DiscoveryClient_CHATBOT-MICROSERVICE/chatbot-microservice:f7ea7abaac0af316d677d10b7c409315 - Heartbeat status: 200
2026-06-13 00:27:32.695 DEBUG [DiscoveryClient-CacheRefreshExecutor-0] c.netflix.discovery.DiscoveryClient - Got delta update with apps hashcode UP_6_
2026-06-13 00:27:32.695 DEBUG [DiscoveryClient-CacheRefreshExecutor-0] c.netflix.discovery.DiscoveryClient - The total number of instances fetched by the delta processor : 0
2026-06-13 00:27:32.695 DEBUG [DiscoveryClient-CacheRefreshExecutor-0] c.netflix.discovery.DiscoveryClient - The total number of all instances in the client now is 6
2026-06-13 00:27:32.695 DEBUG [DiscoveryClient-CacheRefreshExecutor-0] c.netflix.discovery.DiscoveryClient - Completed cache refresh task for discovery. All Apps hash code is Local region apps hashcode: UP_6_, is fetching remote regions? false 
2026-06-13 00:28:02.652 DEBUG [DiscoveryClient-HeartbeatExecutor-0] c.netflix.discovery.DiscoveryClient - DiscoveryClient_CHATBOT-MICROSERVICE/chatbot-microservice:f7ea7abaac0af316d677d10b7c409315 - Heartbeat status: 200
2026-06-13 00:28:02.703 DEBUG [DiscoveryClient-CacheRefreshExecutor-0] c.netflix.discovery.DiscoveryClient - Got delta update with apps hashcode UP_6_
2026-06-13 00:28:02.703 DEBUG [DiscoveryClient-CacheRefreshExecutor-0] c.netflix.discovery.DiscoveryClient - The total number of instances fetched by the delta processor : 0
2026-06-13 00:28:02.703 DEBUG [DiscoveryClient-CacheRefreshExecutor-0] c.netflix.discovery.DiscoveryClient - The total number of all instances in the client now is 6
2026-06-13 00:28:02.703 DEBUG [DiscoveryClient-CacheRefreshExecutor-0] c.netflix.discovery.DiscoveryClient - Completed cache refresh task for discovery. All Apps hash code is Local region apps hashcode: UP_6_, is fetching remote regions? false 
2026-06-13 00:28:23.139 DEBUG [http-nio-8086-exec-2] c.c.c.service.ChatSessionService - Session 0fe739eca83141d9ac26d844ba8d226a found in cache
2026-06-13 00:28:23.140 DEBUG [http-nio-8086-exec-2] c.c.c.service.ChatSessionService - Extended session 0fe739eca83141d9ac26d844ba8d226a
2026-06-13 00:28:23.214 DEBUG [http-nio-8086-exec-5] c.c.c.service.ChatSessionService - Session 0fe739eca83141d9ac26d844ba8d226a found in cache
2026-06-13 00:28:23.216 DEBUG [http-nio-8086-exec-5] c.c.c.service.ChatSessionService - Extended session 0fe739eca83141d9ac26d844ba8d226a
2026-06-13 00:28:32.679 DEBUG [DiscoveryClient-HeartbeatExecutor-0] c.netflix.discovery.DiscoveryClient - DiscoveryClient_CHATBOT-MICROSERVICE/chatbot-microservice:f7ea7abaac0af316d677d10b7c409315 - Heartbeat status: 200
2026-06-13 00:28:32.708 DEBUG [DiscoveryClient-CacheRefreshExecutor-0] c.netflix.discovery.DiscoveryClient - Got delta update with apps hashcode UP_6_
2026-06-13 00:28:32.708 DEBUG [DiscoveryClient-CacheRefreshExecutor-0] c.netflix.discovery.DiscoveryClient - The total number of instances fetched by the delta processor : 0
2026-06-13 00:28:32.708 DEBUG [DiscoveryClient-CacheRefreshExecutor-0] c.netflix.discovery.DiscoveryClient - The total number of all instances in the client now is 6
2026-06-13 00:28:32.708 DEBUG [DiscoveryClient-CacheRefreshExecutor-0] c.netflix.discovery.DiscoveryClient - Completed cache refresh task for discovery. All Apps hash code is Local region apps hashcode: UP_6_, is fetching remote regions? false 
2026-06-13 00:29:02.692 DEBUG [DiscoveryClient-HeartbeatExecutor-0] c.netflix.discovery.DiscoveryClient - DiscoveryClient_CHATBOT-MICROSERVICE/chatbot-microservice:f7ea7abaac0af316d677d10b7c409315 - Heartbeat status: 200
2026-06-13 00:29:02.723 DEBUG [DiscoveryClient-CacheRefreshExecutor-0] c.netflix.discovery.DiscoveryClient - Got delta update with apps hashcode UP_6_
2026-06-13 00:29:02.723 DEBUG [DiscoveryClient-CacheRefreshExecutor-0] c.netflix.discovery.DiscoveryClient - The total number of instances fetched by the delta processor : 0
2026-06-13 00:29:02.723 DEBUG [DiscoveryClient-CacheRefreshExecutor-0] c.netflix.discovery.DiscoveryClient - The total number of all instances in the client now is 6
2026-06-13 00:29:02.723 DEBUG [DiscoveryClient-CacheRefreshExecutor-0] c.netflix.discovery.DiscoveryClient - Completed cache refresh task for discovery. All Apps hash code is Local region apps hashcode: UP_6_, is fetching remote regions? false 
2026-06-13 00:29:23.127 DEBUG [http-nio-8086-exec-3] c.c.c.service.ChatSessionService - Session 0fe739eca83141d9ac26d844ba8d226a found in cache
2026-06-13 00:29:23.127 DEBUG [http-nio-8086-exec-3] c.c.c.service.ChatSessionService - Extended session 0fe739eca83141d9ac26d844ba8d226a
2026-06-13 00:29:23.229 DEBUG [http-nio-8086-exec-1] c.c.c.service.ChatSessionService - Session 0fe739eca83141d9ac26d844ba8d226a found in cache
2026-06-13 00:29:23.237 DEBUG [http-nio-8086-exec-1] c.c.c.service.ChatSessionService - Extended session 0fe739eca83141d9ac26d844ba8d226a
2026-06-13 00:29:32.713 DEBUG [DiscoveryClient-HeartbeatExecutor-0] c.netflix.discovery.DiscoveryClient - DiscoveryClient_CHATBOT-MICROSERVICE/chatbot-microservice:f7ea7abaac0af316d677d10b7c409315 - Heartbeat status: 200
2026-06-13 00:29:32.731 DEBUG [DiscoveryClient-CacheRefreshExecutor-0] c.netflix.discovery.DiscoveryClient - Got delta update with apps hashcode UP_6_
2026-06-13 00:29:32.731 DEBUG [DiscoveryClient-CacheRefreshExecutor-0] c.netflix.discovery.DiscoveryClient - The total number of instances fetched by the delta processor : 0
2026-06-13 00:29:32.731 DEBUG [DiscoveryClient-CacheRefreshExecutor-0] c.netflix.discovery.DiscoveryClient - The total number of all instances in the client now is 6
2026-06-13 00:29:32.731 DEBUG [DiscoveryClient-CacheRefreshExecutor-0] c.netflix.discovery.DiscoveryClient - Completed cache refresh task for discovery. All Apps hash code is Local region apps hashcode: UP_6_, is fetching remote regions? false 
2026-06-13 00:30:02.750 DEBUG [DiscoveryClient-HeartbeatExecutor-0] c.netflix.discovery.DiscoveryClient - DiscoveryClient_CHATBOT-MICROSERVICE/chatbot-microservice:f7ea7abaac0af316d677d10b7c409315 - Heartbeat status: 200
2026-06-13 00:30:02.754 DEBUG [DiscoveryClient-CacheRefreshExecutor-0] c.netflix.discovery.DiscoveryClient - Got delta update with apps hashcode UP_6_
2026-06-13 00:30:02.756 DEBUG [DiscoveryClient-CacheRefreshExecutor-0] c.netflix.discovery.DiscoveryClient - The total number of instances fetched by the delta processor : 0
2026-06-13 00:30:02.757 DEBUG [DiscoveryClient-CacheRefreshExecutor-0] c.netflix.discovery.DiscoveryClient - The total number of all instances in the client now is 6
2026-06-13 00:30:02.757 DEBUG [DiscoveryClient-CacheRefreshExecutor-0] c.netflix.discovery.DiscoveryClient - Completed cache refresh task for discovery. All Apps hash code is Local region apps hashcode: UP_6_, is fetching remote regions? false 
2026-06-13 00:30:23.127 DEBUG [http-nio-8086-exec-7] c.c.c.service.ChatSessionService - Session 0fe739eca83141d9ac26d844ba8d226a found in cache
2026-06-13 00:30:23.127 DEBUG [http-nio-8086-exec-7] c.c.c.service.ChatSessionService - Extended session 0fe739eca83141d9ac26d844ba8d226a
2026-06-13 00:30:23.204 DEBUG [http-nio-8086-exec-9] c.c.c.service.ChatSessionService - Session 0fe739eca83141d9ac26d844ba8d226a found in cache
2026-06-13 00:30:23.206 DEBUG [http-nio-8086-exec-9] c.c.c.service.ChatSessionService - Extended session 0fe739eca83141d9ac26d844ba8d226a
2026-06-13 00:30:32.780 DEBUG [DiscoveryClient-HeartbeatExecutor-0] c.netflix.discovery.DiscoveryClient - DiscoveryClient_CHATBOT-MICROSERVICE/chatbot-microservice:f7ea7abaac0af316d677d10b7c409315 - Heartbeat status: 200
2026-06-13 00:30:32.780 DEBUG [DiscoveryClient-CacheRefreshExecutor-0] c.netflix.discovery.DiscoveryClient - Got delta update with apps hashcode UP_6_
2026-06-13 00:30:32.780 DEBUG [DiscoveryClient-CacheRefreshExecutor-0] c.netflix.discovery.DiscoveryClient - The total number of instances fetched by the delta processor : 0
2026-06-13 00:30:32.780 DEBUG [DiscoveryClient-CacheRefreshExecutor-0] c.netflix.discovery.DiscoveryClient - The total number of all instances in the client now is 6
2026-06-13 00:30:32.780 DEBUG [DiscoveryClient-CacheRefreshExecutor-0] c.netflix.discovery.DiscoveryClient - Completed cache refresh task for discovery. All Apps hash code is Local region apps hashcode: UP_6_, is fetching remote regions? false 
2026-06-13 00:31:02.805 DEBUG [DiscoveryClient-HeartbeatExecutor-0] c.netflix.discovery.DiscoveryClient - DiscoveryClient_CHATBOT-MICROSERVICE/chatbot-microservice:f7ea7abaac0af316d677d10b7c409315 - Heartbeat status: 200
2026-06-13 00:31:02.805 DEBUG [DiscoveryClient-CacheRefreshExecutor-0] c.netflix.discovery.DiscoveryClient - Got delta update with apps hashcode UP_6_
2026-06-13 00:31:02.805 DEBUG [DiscoveryClient-CacheRefreshExecutor-0] c.netflix.discovery.DiscoveryClient - The total number of instances fetched by the delta processor : 0
2026-06-13 00:31:02.805 DEBUG [DiscoveryClient-CacheRefreshExecutor-0] c.netflix.discovery.DiscoveryClient - The total number of all instances in the client now is 6
2026-06-13 00:31:02.805 DEBUG [DiscoveryClient-CacheRefreshExecutor-0] c.netflix.discovery.DiscoveryClient - Completed cache refresh task for discovery. All Apps hash code is Local region apps hashcode: UP_6_, is fetching remote regions? false 
2026-06-13 00:31:16.338 INFO  [AsyncResolver-bootstrap-executor-0] c.n.d.s.r.aws.ConfigClusterResolver - Resolving eureka endpoints via configuration
2026-06-13 00:31:16.338 DEBUG [AsyncResolver-bootstrap-executor-0] c.n.discovery.endpoint.EndpointUtils - The availability zone for the given region us-east-1 are [defaultZone]
2026-06-13 00:31:16.338 DEBUG [AsyncResolver-bootstrap-executor-0] c.n.d.s.r.aws.ConfigClusterResolver - Config resolved to [AwsEndpoint{ serviceUrl='http://localhost:8761/eureka/', region='us-east-1', zone='defaultZone'}]
2026-06-13 00:31:16.338 DEBUG [AsyncResolver-bootstrap-executor-0] c.n.d.s.r.a.ZoneAffinityClusterResolver - Local zone=defaultZone; resolved to: [AwsEndpoint{ serviceUrl='http://localhost:8761/eureka/', region='us-east-1', zone='defaultZone'}]
2026-06-13 00:31:16.338 DEBUG [AsyncResolver-bootstrap-executor-0] c.n.d.shared.resolver.AsyncResolver - Resolved to [AwsEndpoint{ serviceUrl='http://localhost:8761/eureka/', region='us-east-1', zone='defaultZone'}]
2026-06-13 00:31:23.139 DEBUG [http-nio-8086-exec-8] c.c.c.service.ChatSessionService - Session 0fe739eca83141d9ac26d844ba8d226a found in cache
2026-06-13 00:31:23.147 DEBUG [http-nio-8086-exec-8] c.c.c.service.ChatSessionService - Extended session 0fe739eca83141d9ac26d844ba8d226a
2026-06-13 00:31:23.202 DEBUG [http-nio-8086-exec-2] c.c.c.service.ChatSessionService - Session 0fe739eca83141d9ac26d844ba8d226a found in cache
2026-06-13 00:31:23.202 DEBUG [http-nio-8086-exec-2] c.c.c.service.ChatSessionService - Extended session 0fe739eca83141d9ac26d844ba8d226a
2026-06-13 00:31:32.839 DEBUG [DiscoveryClient-HeartbeatExecutor-0] c.netflix.discovery.DiscoveryClient - DiscoveryClient_CHATBOT-MICROSERVICE/chatbot-microservice:f7ea7abaac0af316d677d10b7c409315 - Heartbeat status: 200
2026-06-13 00:31:32.840 DEBUG [DiscoveryClient-CacheRefreshExecutor-0] c.netflix.discovery.DiscoveryClient - Got delta update with apps hashcode UP_6_
2026-06-13 00:31:32.840 DEBUG [DiscoveryClient-CacheRefreshExecutor-0] c.netflix.discovery.DiscoveryClient - The total number of instances fetched by the delta processor : 0
2026-06-13 00:31:32.841 DEBUG [DiscoveryClient-CacheRefreshExecutor-0] c.netflix.discovery.DiscoveryClient - The total number of all instances in the client now is 6
2026-06-13 00:31:32.841 DEBUG [DiscoveryClient-CacheRefreshExecutor-0] c.netflix.discovery.DiscoveryClient - Completed cache refresh task for discovery. All Apps hash code is Local region apps hashcode: UP_6_, is fetching remote regions? false 
2026-06-13 00:31:34.163 DEBUG [http-nio-8086-exec-6] c.c.c.service.ChatSessionService - Session 105f38b13d9e495785061e29600283e6 found in cache
2026-06-13 00:31:34.163 DEBUG [http-nio-8086-exec-6] c.c.c.service.ChatSessionService - Extended session 105f38b13d9e495785061e29600283e6
2026-06-13 00:31:50.126 DEBUG [http-nio-8086-exec-1] c.c.c.service.ChatSessionService - Session 0fe739eca83141d9ac26d844ba8d226a found in cache
2026-06-13 00:31:50.127 DEBUG [http-nio-8086-exec-1] c.c.c.service.ChatSessionService - Extended session 0fe739eca83141d9ac26d844ba8d226a
2026-06-13 00:32:02.868 DEBUG [DiscoveryClient-HeartbeatExecutor-0] c.netflix.discovery.DiscoveryClient - DiscoveryClient_CHATBOT-MICROSERVICE/chatbot-microservice:f7ea7abaac0af316d677d10b7c409315 - Heartbeat status: 200
2026-06-13 00:32:02.870 DEBUG [DiscoveryClient-CacheRefreshExecutor-0] c.netflix.discovery.DiscoveryClient - Got delta update with apps hashcode UP_6_
2026-06-13 00:32:02.870 DEBUG [DiscoveryClient-CacheRefreshExecutor-0] c.netflix.discovery.DiscoveryClient - The total number of instances fetched by the delta processor : 0
2026-06-13 00:32:02.870 DEBUG [DiscoveryClient-CacheRefreshExecutor-0] c.netflix.discovery.DiscoveryClient - The total number of all instances in the client now is 6
2026-06-13 00:32:02.870 DEBUG [DiscoveryClient-CacheRefreshExecutor-0] c.netflix.discovery.DiscoveryClient - Completed cache refresh task for discovery. All Apps hash code is Local region apps hashcode: UP_6_, is fetching remote regions? false 
2026-06-13 00:32:15.140 DEBUG [http-nio-8086-exec-7] c.c.c.service.ChatSessionService - Session 0fe739eca83141d9ac26d844ba8d226a found in cache
2026-06-13 00:32:15.140 DEBUG [http-nio-8086-exec-7] c.c.c.service.ChatSessionService - Extended session 0fe739eca83141d9ac26d844ba8d226a
2026-06-13 00:32:23.189 DEBUG [http-nio-8086-exec-4] c.c.c.service.ChatSessionService - Session 0fe739eca83141d9ac26d844ba8d226a found in cache
2026-06-13 00:32:23.189 DEBUG [http-nio-8086-exec-4] c.c.c.service.ChatSessionService - Extended session 0fe739eca83141d9ac26d844ba8d226a
2026-06-13 00:32:32.895 DEBUG [DiscoveryClient-CacheRefreshExecutor-0] c.netflix.discovery.DiscoveryClient - Got delta update with apps hashcode UP_6_
2026-06-13 00:32:32.900 DEBUG [DiscoveryClient-CacheRefreshExecutor-0] c.netflix.discovery.DiscoveryClient - The total number of instances fetched by the delta processor : 0
2026-06-13 00:32:32.900 DEBUG [DiscoveryClient-CacheRefreshExecutor-0] c.netflix.discovery.DiscoveryClient - The total number of all instances in the client now is 6
2026-06-13 00:32:32.900 DEBUG [DiscoveryClient-CacheRefreshExecutor-0] c.netflix.discovery.DiscoveryClient - Completed cache refresh task for discovery. All Apps hash code is Local region apps hashcode: UP_6_, is fetching remote regions? false 
2026-06-13 00:32:32.895 DEBUG [DiscoveryClient-HeartbeatExecutor-0] c.netflix.discovery.DiscoveryClient - DiscoveryClient_CHATBOT-MICROSERVICE/chatbot-microservice:f7ea7abaac0af316d677d10b7c409315 - Heartbeat status: 200
2026-06-13 00:32:40.134 DEBUG [http-nio-8086-exec-2] c.c.c.service.ChatSessionService - Session 0fe739eca83141d9ac26d844ba8d226a found in cache
2026-06-13 00:32:40.134 DEBUG [http-nio-8086-exec-2] c.c.c.service.ChatSessionService - Extended session 0fe739eca83141d9ac26d844ba8d226a
2026-06-13 00:33:02.931 DEBUG [DiscoveryClient-HeartbeatExecutor-0] c.netflix.discovery.DiscoveryClient - DiscoveryClient_CHATBOT-MICROSERVICE/chatbot-microservice:f7ea7abaac0af316d677d10b7c409315 - Heartbeat status: 200
2026-06-13 00:33:02.931 DEBUG [DiscoveryClient-CacheRefreshExecutor-0] c.netflix.discovery.DiscoveryClient - Got delta update with apps hashcode UP_6_
2026-06-13 00:33:02.931 DEBUG [DiscoveryClient-CacheRefreshExecutor-0] c.netflix.discovery.DiscoveryClient - The total number of instances fetched by the delta processor : 0
2026-06-13 00:33:02.936 DEBUG [DiscoveryClient-CacheRefreshExecutor-0] c.netflix.discovery.DiscoveryClient - The total number of all instances in the client now is 6
2026-06-13 00:33:02.936 DEBUG [DiscoveryClient-CacheRefreshExecutor-0] c.netflix.discovery.DiscoveryClient - Completed cache refresh task for discovery. All Apps hash code is Local region apps hashcode: UP_6_, is fetching remote regions? false 
2026-06-13 00:33:05.126 DEBUG [http-nio-8086-exec-6] c.c.c.service.ChatSessionService - Session 0fe739eca83141d9ac26d844ba8d226a found in cache
2026-06-13 00:33:05.126 DEBUG [http-nio-8086-exec-6] c.c.c.service.ChatSessionService - Extended session 0fe739eca83141d9ac26d844ba8d226a
2026-06-13 00:33:23.194 DEBUG [http-nio-8086-exec-1] c.c.c.service.ChatSessionService - Session 0fe739eca83141d9ac26d844ba8d226a found in cache
2026-06-13 00:33:23.194 DEBUG [http-nio-8086-exec-1] c.c.c.service.ChatSessionService - Extended session 0fe739eca83141d9ac26d844ba8d226a
2026-06-13 00:33:32.961 DEBUG [DiscoveryClient-HeartbeatExecutor-0] c.netflix.discovery.DiscoveryClient - DiscoveryClient_CHATBOT-MICROSERVICE/chatbot-microservice:f7ea7abaac0af316d677d10b7c409315 - Heartbeat status: 200
2026-06-13 00:33:32.962 DEBUG [DiscoveryClient-CacheRefreshExecutor-0] c.netflix.discovery.DiscoveryClient - Got delta update with apps hashcode UP_6_
2026-06-13 00:33:32.962 DEBUG [DiscoveryClient-CacheRefreshExecutor-0] c.netflix.discovery.DiscoveryClient - The total number of instances fetched by the delta processor : 0
2026-06-13 00:33:32.962 DEBUG [DiscoveryClient-CacheRefreshExecutor-0] c.netflix.discovery.DiscoveryClient - The total number of all instances in the client now is 6
2026-06-13 00:33:32.962 DEBUG [DiscoveryClient-CacheRefreshExecutor-0] c.netflix.discovery.DiscoveryClient - Completed cache refresh task for discovery. All Apps hash code is Local region apps hashcode: UP_6_, is fetching remote regions? false 
2026-06-13 00:34:02.989 DEBUG [DiscoveryClient-HeartbeatExecutor-0] c.netflix.discovery.DiscoveryClient - DiscoveryClient_CHATBOT-MICROSERVICE/chatbot-microservice:f7ea7abaac0af316d677d10b7c409315 - Heartbeat status: 200
2026-06-13 00:34:02.989 DEBUG [DiscoveryClient-CacheRefreshExecutor-0] c.netflix.discovery.DiscoveryClient - Got delta update with apps hashcode UP_6_
2026-06-13 00:34:02.989 DEBUG [DiscoveryClient-CacheRefreshExecutor-0] c.netflix.discovery.DiscoveryClient - The total number of instances fetched by the delta processor : 0
2026-06-13 00:34:02.989 DEBUG [DiscoveryClient-CacheRefreshExecutor-0] c.netflix.discovery.DiscoveryClient - The total number of all instances in the client now is 6
2026-06-13 00:34:02.989 DEBUG [DiscoveryClient-CacheRefreshExecutor-0] c.netflix.discovery.DiscoveryClient - Completed cache refresh task for discovery. All Apps hash code is Local region apps hashcode: UP_6_, is fetching remote regions? false 
2026-06-13 00:34:23.124 DEBUG [http-nio-8086-exec-7] c.c.c.service.ChatSessionService - Session 0fe739eca83141d9ac26d844ba8d226a found in cache
2026-06-13 00:34:23.124 DEBUG [http-nio-8086-exec-7] c.c.c.service.ChatSessionService - Extended session 0fe739eca83141d9ac26d844ba8d226a
2026-06-13 00:34:23.190 DEBUG [http-nio-8086-exec-9] c.c.c.service.ChatSessionService - Session 0fe739eca83141d9ac26d844ba8d226a found in cache
2026-06-13 00:34:23.190 DEBUG [http-nio-8086-exec-9] c.c.c.service.ChatSessionService - Extended session 0fe739eca83141d9ac26d844ba8d226a
2026-06-13 00:34:33.018 DEBUG [DiscoveryClient-HeartbeatExecutor-0] c.netflix.discovery.DiscoveryClient - DiscoveryClient_CHATBOT-MICROSERVICE/chatbot-microservice:f7ea7abaac0af316d677d10b7c409315 - Heartbeat status: 200
2026-06-13 00:34:33.018 DEBUG [DiscoveryClient-CacheRefreshExecutor-0] c.netflix.discovery.DiscoveryClient - Got delta update with apps hashcode UP_6_
2026-06-13 00:34:33.019 DEBUG [DiscoveryClient-CacheRefreshExecutor-0] c.netflix.discovery.DiscoveryClient - The total number of instances fetched by the delta processor : 0
2026-06-13 00:34:33.019 DEBUG [DiscoveryClient-CacheRefreshExecutor-0] c.netflix.discovery.DiscoveryClient - The total number of all instances in the client now is 6
2026-06-13 00:34:33.019 DEBUG [DiscoveryClient-CacheRefreshExecutor-0] c.netflix.discovery.DiscoveryClient - Completed cache refresh task for discovery. All Apps hash code is Local region apps hashcode: UP_6_, is fetching remote regions? false 
2026-06-13 00:35:03.042 DEBUG [DiscoveryClient-CacheRefreshExecutor-0] c.netflix.discovery.DiscoveryClient - Got delta update with apps hashcode UP_6_
2026-06-13 00:35:03.042 DEBUG [DiscoveryClient-CacheRefreshExecutor-0] c.netflix.discovery.DiscoveryClient - The total number of instances fetched by the delta processor : 0
2026-06-13 00:35:03.042 DEBUG [DiscoveryClient-HeartbeatExecutor-0] c.netflix.discovery.DiscoveryClient - DiscoveryClient_CHATBOT-MICROSERVICE/chatbot-microservice:f7ea7abaac0af316d677d10b7c409315 - Heartbeat status: 200
2026-06-13 00:35:03.042 DEBUG [DiscoveryClient-CacheRefreshExecutor-0] c.netflix.discovery.DiscoveryClient - The total number of all instances in the client now is 6
2026-06-13 00:35:03.042 DEBUG [DiscoveryClient-CacheRefreshExecutor-0] c.netflix.discovery.DiscoveryClient - Completed cache refresh task for discovery. All Apps hash code is Local region apps hashcode: UP_6_, is fetching remote regions? false 
2026-06-13 00:35:23.123 DEBUG [http-nio-8086-exec-8] c.c.c.service.ChatSessionService - Session 0fe739eca83141d9ac26d844ba8d226a found in cache
2026-06-13 00:35:23.125 DEBUG [http-nio-8086-exec-8] c.c.c.service.ChatSessionService - Extended session 0fe739eca83141d9ac26d844ba8d226a
2026-06-13 00:35:23.219 DEBUG [http-nio-8086-exec-2] c.c.c.service.ChatSessionService - Session 0fe739eca83141d9ac26d844ba8d226a found in cache
2026-06-13 00:35:23.221 DEBUG [http-nio-8086-exec-2] c.c.c.service.ChatSessionService - Extended session 0fe739eca83141d9ac26d844ba8d226a
2026-06-13 00:35:33.066 DEBUG [DiscoveryClient-HeartbeatExecutor-0] c.netflix.discovery.DiscoveryClient - DiscoveryClient_CHATBOT-MICROSERVICE/chatbot-microservice:f7ea7abaac0af316d677d10b7c409315 - Heartbeat status: 200
2026-06-13 00:35:33.069 DEBUG [DiscoveryClient-CacheRefreshExecutor-0] c.netflix.discovery.DiscoveryClient - Got delta update with apps hashcode UP_6_
2026-06-13 00:35:33.069 DEBUG [DiscoveryClient-CacheRefreshExecutor-0] c.netflix.discovery.DiscoveryClient - The total number of instances fetched by the delta processor : 0
2026-06-13 00:35:33.070 DEBUG [DiscoveryClient-CacheRefreshExecutor-0] c.netflix.discovery.DiscoveryClient - The total number of all instances in the client now is 6
2026-06-13 00:35:33.070 DEBUG [DiscoveryClient-CacheRefreshExecutor-0] c.netflix.discovery.DiscoveryClient - Completed cache refresh task for discovery. All Apps hash code is Local region apps hashcode: UP_6_, is fetching remote regions? false 
2026-06-13 00:36:03.099 DEBUG [DiscoveryClient-HeartbeatExecutor-0] c.netflix.discovery.DiscoveryClient - DiscoveryClient_CHATBOT-MICROSERVICE/chatbot-microservice:f7ea7abaac0af316d677d10b7c409315 - Heartbeat status: 200
2026-06-13 00:36:03.099 DEBUG [DiscoveryClient-CacheRefreshExecutor-0] c.netflix.discovery.DiscoveryClient - Got delta update with apps hashcode UP_6_
2026-06-13 00:36:03.099 DEBUG [DiscoveryClient-CacheRefreshExecutor-0] c.netflix.discovery.DiscoveryClient - The total number of instances fetched by the delta processor : 0
2026-06-13 00:36:03.099 DEBUG [DiscoveryClient-CacheRefreshExecutor-0] c.netflix.discovery.DiscoveryClient - The total number of all instances in the client now is 6
2026-06-13 00:36:03.099 DEBUG [DiscoveryClient-CacheRefreshExecutor-0] c.netflix.discovery.DiscoveryClient - Completed cache refresh task for discovery. All Apps hash code is Local region apps hashcode: UP_6_, is fetching remote regions? false 
2026-06-13 00:36:16.341 INFO  [AsyncResolver-bootstrap-executor-0] c.n.d.s.r.aws.ConfigClusterResolver - Resolving eureka endpoints via configuration
2026-06-13 00:36:16.342 DEBUG [AsyncResolver-bootstrap-executor-0] c.n.discovery.endpoint.EndpointUtils - The availability zone for the given region us-east-1 are [defaultZone]
2026-06-13 00:36:16.342 DEBUG [AsyncResolver-bootstrap-executor-0] c.n.d.s.r.aws.ConfigClusterResolver - Config resolved to [AwsEndpoint{ serviceUrl='http://localhost:8761/eureka/', region='us-east-1', zone='defaultZone'}]
2026-06-13 00:36:16.344 DEBUG [AsyncResolver-bootstrap-executor-0] c.n.d.s.r.a.ZoneAffinityClusterResolver - Local zone=defaultZone; resolved to: [AwsEndpoint{ serviceUrl='http://localhost:8761/eureka/', region='us-east-1', zone='defaultZone'}]
2026-06-13 00:36:16.344 DEBUG [AsyncResolver-bootstrap-executor-0] c.n.d.shared.resolver.AsyncResolver - Resolved to [AwsEndpoint{ serviceUrl='http://localhost:8761/eureka/', region='us-east-1', zone='defaultZone'}]
2026-06-13 00:36:23.114 DEBUG [http-nio-8086-exec-6] c.c.c.service.ChatSessionService - Session 0fe739eca83141d9ac26d844ba8d226a found in cache
2026-06-13 00:36:23.117 DEBUG [http-nio-8086-exec-6] c.c.c.service.ChatSessionService - Extended session 0fe739eca83141d9ac26d844ba8d226a
2026-06-13 00:36:23.174 DEBUG [http-nio-8086-exec-3] c.c.c.service.ChatSessionService - Session 0fe739eca83141d9ac26d844ba8d226a found in cache
2026-06-13 00:36:23.186 DEBUG [http-nio-8086-exec-3] c.c.c.service.ChatSessionService - Extended session 0fe739eca83141d9ac26d844ba8d226a
2026-06-13 00:36:33.122 DEBUG [DiscoveryClient-HeartbeatExecutor-0] c.netflix.discovery.DiscoveryClient - DiscoveryClient_CHATBOT-MICROSERVICE/chatbot-microservice:f7ea7abaac0af316d677d10b7c409315 - Heartbeat status: 200
2026-06-13 00:36:33.122 DEBUG [DiscoveryClient-CacheRefreshExecutor-0] c.netflix.discovery.DiscoveryClient - Got delta update with apps hashcode UP_6_
2026-06-13 00:36:33.122 DEBUG [DiscoveryClient-CacheRefreshExecutor-0] c.netflix.discovery.DiscoveryClient - The total number of instances fetched by the delta processor : 0
2026-06-13 00:36:33.122 DEBUG [DiscoveryClient-CacheRefreshExecutor-0] c.netflix.discovery.DiscoveryClient - The total number of all instances in the client now is 6
2026-06-13 00:36:33.122 DEBUG [DiscoveryClient-CacheRefreshExecutor-0] c.netflix.discovery.DiscoveryClient - Completed cache refresh task for discovery. All Apps hash code is Local region apps hashcode: UP_6_, is fetching remote regions? false 
2026-06-13 00:37:03.151 DEBUG [DiscoveryClient-CacheRefreshExecutor-0] c.netflix.discovery.DiscoveryClient - Got delta update with apps hashcode UP_6_
2026-06-13 00:37:03.151 DEBUG [DiscoveryClient-CacheRefreshExecutor-0] c.netflix.discovery.DiscoveryClient - The total number of instances fetched by the delta processor : 0
2026-06-13 00:37:03.151 DEBUG [DiscoveryClient-CacheRefreshExecutor-0] c.netflix.discovery.DiscoveryClient - The total number of all instances in the client now is 6
2026-06-13 00:37:03.151 DEBUG [DiscoveryClient-CacheRefreshExecutor-0] c.netflix.discovery.DiscoveryClient - Completed cache refresh task for discovery. All Apps hash code is Local region apps hashcode: UP_6_, is fetching remote regions? false 
2026-06-13 00:37:03.165 DEBUG [DiscoveryClient-HeartbeatExecutor-0] c.netflix.discovery.DiscoveryClient - DiscoveryClient_CHATBOT-MICROSERVICE/chatbot-microservice:f7ea7abaac0af316d677d10b7c409315 - Heartbeat status: 200
2026-06-13 00:37:23.129 DEBUG [http-nio-8086-exec-10] c.c.c.service.ChatSessionService - Session 0fe739eca83141d9ac26d844ba8d226a found in cache
2026-06-13 00:37:23.132 DEBUG [http-nio-8086-exec-10] c.c.c.service.ChatSessionService - Extended session 0fe739eca83141d9ac26d844ba8d226a
2026-06-13 00:37:23.204 DEBUG [http-nio-8086-exec-7] c.c.c.service.ChatSessionService - Session 0fe739eca83141d9ac26d844ba8d226a found in cache
2026-06-13 00:37:23.204 DEBUG [http-nio-8086-exec-7] c.c.c.service.ChatSessionService - Extended session 0fe739eca83141d9ac26d844ba8d226a
2026-06-13 00:37:33.183 DEBUG [DiscoveryClient-CacheRefreshExecutor-0] c.netflix.discovery.DiscoveryClient - Got delta update with apps hashcode UP_6_
2026-06-13 00:37:33.183 DEBUG [DiscoveryClient-CacheRefreshExecutor-0] c.netflix.discovery.DiscoveryClient - The total number of instances fetched by the delta processor : 0
2026-06-13 00:37:33.184 DEBUG [DiscoveryClient-CacheRefreshExecutor-0] c.netflix.discovery.DiscoveryClient - The total number of all instances in the client now is 6
2026-06-13 00:37:33.185 DEBUG [DiscoveryClient-CacheRefreshExecutor-0] c.netflix.discovery.DiscoveryClient - Completed cache refresh task for discovery. All Apps hash code is Local region apps hashcode: UP_6_, is fetching remote regions? false 
2026-06-13 00:37:33.197 DEBUG [DiscoveryClient-HeartbeatExecutor-0] c.netflix.discovery.DiscoveryClient - DiscoveryClient_CHATBOT-MICROSERVICE/chatbot-microservice:f7ea7abaac0af316d677d10b7c409315 - Heartbeat status: 200
2026-06-13 00:38:03.207 DEBUG [DiscoveryClient-CacheRefreshExecutor-0] c.netflix.discovery.DiscoveryClient - Got delta update with apps hashcode UP_6_
2026-06-13 00:38:03.207 DEBUG [DiscoveryClient-CacheRefreshExecutor-0] c.netflix.discovery.DiscoveryClient - The total number of instances fetched by the delta processor : 0
2026-06-13 00:38:03.207 DEBUG [DiscoveryClient-CacheRefreshExecutor-0] c.netflix.discovery.DiscoveryClient - The total number of all instances in the client now is 6
2026-06-13 00:38:03.207 DEBUG [DiscoveryClient-CacheRefreshExecutor-0] c.netflix.discovery.DiscoveryClient - Completed cache refresh task for discovery. All Apps hash code is Local region apps hashcode: UP_6_, is fetching remote regions? false 
2026-06-13 00:38:03.211 DEBUG [DiscoveryClient-HeartbeatExecutor-0] c.netflix.discovery.DiscoveryClient - DiscoveryClient_CHATBOT-MICROSERVICE/chatbot-microservice:f7ea7abaac0af316d677d10b7c409315 - Heartbeat status: 200
2026-06-13 00:38:23.143 DEBUG [http-nio-8086-exec-4] c.c.c.service.ChatSessionService - Session 0fe739eca83141d9ac26d844ba8d226a found in cache
2026-06-13 00:38:23.146 DEBUG [http-nio-8086-exec-4] c.c.c.service.ChatSessionService - Extended session 0fe739eca83141d9ac26d844ba8d226a
2026-06-13 00:38:23.239 DEBUG [http-nio-8086-exec-8] c.c.c.service.ChatSessionService - Session 0fe739eca83141d9ac26d844ba8d226a found in cache
2026-06-13 00:38:23.241 DEBUG [http-nio-8086-exec-8] c.c.c.service.ChatSessionService - Extended session 0fe739eca83141d9ac26d844ba8d226a
2026-06-13 00:38:33.225 DEBUG [DiscoveryClient-CacheRefreshExecutor-0] c.netflix.discovery.DiscoveryClient - Got delta update with apps hashcode UP_6_
2026-06-13 00:38:33.226 DEBUG [DiscoveryClient-CacheRefreshExecutor-0] c.netflix.discovery.DiscoveryClient - The total number of instances fetched by the delta processor : 0
2026-06-13 00:38:33.226 DEBUG [DiscoveryClient-CacheRefreshExecutor-0] c.netflix.discovery.DiscoveryClient - The total number of all instances in the client now is 6
2026-06-13 00:38:33.226 DEBUG [DiscoveryClient-CacheRefreshExecutor-0] c.netflix.discovery.DiscoveryClient - Completed cache refresh task for discovery. All Apps hash code is Local region apps hashcode: UP_6_, is fetching remote regions? false 
2026-06-13 00:38:33.227 DEBUG [DiscoveryClient-HeartbeatExecutor-0] c.netflix.discovery.DiscoveryClient - DiscoveryClient_CHATBOT-MICROSERVICE/chatbot-microservice:f7ea7abaac0af316d677d10b7c409315 - Heartbeat status: 200
2026-06-13 00:39:03.240 DEBUG [DiscoveryClient-HeartbeatExecutor-0] c.netflix.discovery.DiscoveryClient - DiscoveryClient_CHATBOT-MICROSERVICE/chatbot-microservice:f7ea7abaac0af316d677d10b7c409315 - Heartbeat status: 200
2026-06-13 00:39:03.240 DEBUG [DiscoveryClient-CacheRefreshExecutor-0] c.netflix.discovery.DiscoveryClient - Got delta update with apps hashcode UP_6_
2026-06-13 00:39:03.240 DEBUG [DiscoveryClient-CacheRefreshExecutor-0] c.netflix.discovery.DiscoveryClient - The total number of instances fetched by the delta processor : 0
2026-06-13 00:39:03.240 DEBUG [DiscoveryClient-CacheRefreshExecutor-0] c.netflix.discovery.DiscoveryClient - The total number of all instances in the client now is 6
2026-06-13 00:39:03.241 DEBUG [DiscoveryClient-CacheRefreshExecutor-0] c.netflix.discovery.DiscoveryClient - Completed cache refresh task for discovery. All Apps hash code is Local region apps hashcode: UP_6_, is fetching remote regions? false 
2026-06-13 00:39:23.105 DEBUG [http-nio-8086-exec-5] c.c.c.service.ChatSessionService - Session 0fe739eca83141d9ac26d844ba8d226a found in cache
2026-06-13 00:39:23.115 DEBUG [http-nio-8086-exec-5] c.c.c.service.ChatSessionService - Extended session 0fe739eca83141d9ac26d844ba8d226a
2026-06-13 00:39:23.199 DEBUG [http-nio-8086-exec-6] c.c.c.service.ChatSessionService - Session 0fe739eca83141d9ac26d844ba8d226a found in cache
2026-06-13 00:39:23.199 DEBUG [http-nio-8086-exec-6] c.c.c.service.ChatSessionService - Extended session 0fe739eca83141d9ac26d844ba8d226a
2026-06-13 00:39:33.265 DEBUG [DiscoveryClient-HeartbeatExecutor-0] c.netflix.discovery.DiscoveryClient - DiscoveryClient_CHATBOT-MICROSERVICE/chatbot-microservice:f7ea7abaac0af316d677d10b7c409315 - Heartbeat status: 200
2026-06-13 00:39:33.265 DEBUG [DiscoveryClient-CacheRefreshExecutor-0] c.netflix.discovery.DiscoveryClient - Got delta update with apps hashcode UP_6_
2026-06-13 00:39:33.265 DEBUG [DiscoveryClient-CacheRefreshExecutor-0] c.netflix.discovery.DiscoveryClient - The total number of instances fetched by the delta processor : 0
2026-06-13 00:39:33.265 DEBUG [DiscoveryClient-CacheRefreshExecutor-0] c.netflix.discovery.DiscoveryClient - The total number of all instances in the client now is 6
2026-06-13 00:39:33.265 DEBUG [DiscoveryClient-CacheRefreshExecutor-0] c.netflix.discovery.DiscoveryClient - Completed cache refresh task for discovery. All Apps hash code is Local region apps hashcode: UP_6_, is fetching remote regions? false 
2026-06-13 00:40:03.286 DEBUG [DiscoveryClient-HeartbeatExecutor-0] c.netflix.discovery.DiscoveryClient - DiscoveryClient_CHATBOT-MICROSERVICE/chatbot-microservice:f7ea7abaac0af316d677d10b7c409315 - Heartbeat status: 200
2026-06-13 00:40:03.305 DEBUG [DiscoveryClient-CacheRefreshExecutor-0] c.netflix.discovery.DiscoveryClient - Got delta update with apps hashcode UP_6_
2026-06-13 00:40:03.305 DEBUG [DiscoveryClient-CacheRefreshExecutor-0] c.netflix.discovery.DiscoveryClient - The total number of instances fetched by the delta processor : 0
2026-06-13 00:40:03.307 DEBUG [DiscoveryClient-CacheRefreshExecutor-0] c.netflix.discovery.DiscoveryClient - The total number of all instances in the client now is 6
2026-06-13 00:40:03.307 DEBUG [DiscoveryClient-CacheRefreshExecutor-0] c.netflix.discovery.DiscoveryClient - Completed cache refresh task for discovery. All Apps hash code is Local region apps hashcode: UP_6_, is fetching remote regions? false 
2026-06-13 00:40:23.118 DEBUG [http-nio-8086-exec-1] c.c.c.service.ChatSessionService - Session 0fe739eca83141d9ac26d844ba8d226a found in cache
2026-06-13 00:40:23.118 DEBUG [http-nio-8086-exec-1] c.c.c.service.ChatSessionService - Extended session 0fe739eca83141d9ac26d844ba8d226a
2026-06-13 00:40:23.175 DEBUG [http-nio-8086-exec-10] c.c.c.service.ChatSessionService - Session 0fe739eca83141d9ac26d844ba8d226a found in cache
2026-06-13 00:40:23.175 DEBUG [http-nio-8086-exec-10] c.c.c.service.ChatSessionService - Extended session 0fe739eca83141d9ac26d844ba8d226a
2026-06-13 00:40:33.305 DEBUG [DiscoveryClient-HeartbeatExecutor-0] c.n.d.s.t.d.SessionedEurekaHttpClient - Ending a session and starting anew
2026-06-13 00:40:33.335 DEBUG [DiscoveryClient-CacheRefreshExecutor-0] c.netflix.discovery.DiscoveryClient - Got delta update with apps hashcode UP_6_
2026-06-13 00:40:33.335 DEBUG [DiscoveryClient-CacheRefreshExecutor-0] c.netflix.discovery.DiscoveryClient - The total number of instances fetched by the delta processor : 0
2026-06-13 00:40:33.335 DEBUG [DiscoveryClient-CacheRefreshExecutor-0] c.netflix.discovery.DiscoveryClient - The total number of all instances in the client now is 6
2026-06-13 00:40:33.335 DEBUG [DiscoveryClient-CacheRefreshExecutor-0] c.netflix.discovery.DiscoveryClient - Completed cache refresh task for discovery. All Apps hash code is Local region apps hashcode: UP_6_, is fetching remote regions? false 
2026-06-13 00:40:33.343 DEBUG [DiscoveryClient-HeartbeatExecutor-0] c.n.d.s.t.d.RedirectingEurekaHttpClient - Pinning to endpoint null
2026-06-13 00:40:33.343 DEBUG [DiscoveryClient-HeartbeatExecutor-0] c.netflix.discovery.DiscoveryClient - DiscoveryClient_CHATBOT-MICROSERVICE/chatbot-microservice:f7ea7abaac0af316d677d10b7c409315 - Heartbeat status: 200
2026-06-13 00:41:03.357 DEBUG [DiscoveryClient-HeartbeatExecutor-0] c.netflix.discovery.DiscoveryClient - DiscoveryClient_CHATBOT-MICROSERVICE/chatbot-microservice:f7ea7abaac0af316d677d10b7c409315 - Heartbeat status: 200
2026-06-13 00:41:03.367 DEBUG [DiscoveryClient-CacheRefreshExecutor-0] c.netflix.discovery.DiscoveryClient - Got delta update with apps hashcode UP_6_
2026-06-13 00:41:03.367 DEBUG [DiscoveryClient-CacheRefreshExecutor-0] c.netflix.discovery.DiscoveryClient - The total number of instances fetched by the delta processor : 0
2026-06-13 00:41:03.367 DEBUG [DiscoveryClient-CacheRefreshExecutor-0] c.netflix.discovery.DiscoveryClient - The total number of all instances in the client now is 6
2026-06-13 00:41:03.367 DEBUG [DiscoveryClient-CacheRefreshExecutor-0] c.netflix.discovery.DiscoveryClient - Completed cache refresh task for discovery. All Apps hash code is Local region apps hashcode: UP_6_, is fetching remote regions? false 
2026-06-13 00:41:16.347 INFO  [AsyncResolver-bootstrap-executor-0] c.n.d.s.r.aws.ConfigClusterResolver - Resolving eureka endpoints via configuration
2026-06-13 00:41:16.347 DEBUG [AsyncResolver-bootstrap-executor-0] c.n.discovery.endpoint.EndpointUtils - The availability zone for the given region us-east-1 are [defaultZone]
2026-06-13 00:41:16.347 DEBUG [AsyncResolver-bootstrap-executor-0] c.n.d.s.r.aws.ConfigClusterResolver - Config resolved to [AwsEndpoint{ serviceUrl='http://localhost:8761/eureka/', region='us-east-1', zone='defaultZone'}]
2026-06-13 00:41:16.347 DEBUG [AsyncResolver-bootstrap-executor-0] c.n.d.s.r.a.ZoneAffinityClusterResolver - Local zone=defaultZone; resolved to: [AwsEndpoint{ serviceUrl='http://localhost:8761/eureka/', region='us-east-1', zone='defaultZone'}]
2026-06-13 00:41:16.347 DEBUG [AsyncResolver-bootstrap-executor-0] c.n.d.shared.resolver.AsyncResolver - Resolved to [AwsEndpoint{ serviceUrl='http://localhost:8761/eureka/', region='us-east-1', zone='defaultZone'}]
2026-06-13 00:41:23.128 DEBUG [http-nio-8086-exec-9] c.c.c.service.ChatSessionService - Session 0fe739eca83141d9ac26d844ba8d226a found in cache
2026-06-13 00:41:23.128 DEBUG [http-nio-8086-exec-9] c.c.c.service.ChatSessionService - Extended session 0fe739eca83141d9ac26d844ba8d226a
2026-06-13 00:41:23.208 DEBUG [http-nio-8086-exec-4] c.c.c.service.ChatSessionService - Session 0fe739eca83141d9ac26d844ba8d226a found in cache
2026-06-13 00:41:23.208 DEBUG [http-nio-8086-exec-4] c.c.c.service.ChatSessionService - Extended session 0fe739eca83141d9ac26d844ba8d226a
2026-06-13 00:41:33.377 DEBUG [DiscoveryClient-CacheRefreshExecutor-0] c.n.d.s.t.d.SessionedEurekaHttpClient - Ending a session and starting anew
2026-06-13 00:41:33.382 DEBUG [DiscoveryClient-HeartbeatExecutor-0] c.netflix.discovery.DiscoveryClient - DiscoveryClient_CHATBOT-MICROSERVICE/chatbot-microservice:f7ea7abaac0af316d677d10b7c409315 - Heartbeat status: 200
2026-06-13 00:41:33.419 DEBUG [DiscoveryClient-CacheRefreshExecutor-0] c.n.d.s.t.d.RedirectingEurekaHttpClient - Pinning to endpoint null
2026-06-13 00:41:33.419 DEBUG [DiscoveryClient-CacheRefreshExecutor-0] c.netflix.discovery.DiscoveryClient - Got delta update with apps hashcode UP_6_
2026-06-13 00:41:33.419 DEBUG [DiscoveryClient-CacheRefreshExecutor-0] c.netflix.discovery.DiscoveryClient - The total number of instances fetched by the delta processor : 0
2026-06-13 00:41:33.419 DEBUG [DiscoveryClient-CacheRefreshExecutor-0] c.netflix.discovery.DiscoveryClient - The total number of all instances in the client now is 6
2026-06-13 00:41:33.419 DEBUG [DiscoveryClient-CacheRefreshExecutor-0] c.netflix.discovery.DiscoveryClient - Completed cache refresh task for discovery. All Apps hash code is Local region apps hashcode: UP_6_, is fetching remote regions? false 
2026-06-13 00:42:03.407 DEBUG [DiscoveryClient-HeartbeatExecutor-0] c.netflix.discovery.DiscoveryClient - DiscoveryClient_CHATBOT-MICROSERVICE/chatbot-microservice:f7ea7abaac0af316d677d10b7c409315 - Heartbeat status: 200
2026-06-13 00:42:03.427 DEBUG [DiscoveryClient-CacheRefreshExecutor-0] c.netflix.discovery.DiscoveryClient - Got delta update with apps hashcode UP_6_
2026-06-13 00:42:03.427 DEBUG [DiscoveryClient-CacheRefreshExecutor-0] c.netflix.discovery.DiscoveryClient - The total number of instances fetched by the delta processor : 0
2026-06-13 00:42:03.427 DEBUG [DiscoveryClient-CacheRefreshExecutor-0] c.netflix.discovery.DiscoveryClient - The total number of all instances in the client now is 6
2026-06-13 00:42:03.427 DEBUG [DiscoveryClient-CacheRefreshExecutor-0] c.netflix.discovery.DiscoveryClient - Completed cache refresh task for discovery. All Apps hash code is Local region apps hashcode: UP_6_, is fetching remote regions? false 
2026-06-13 00:42:23.111 DEBUG [http-nio-8086-exec-2] c.c.c.service.ChatSessionService - Session 0fe739eca83141d9ac26d844ba8d226a found in cache
2026-06-13 00:42:23.111 DEBUG [http-nio-8086-exec-2] c.c.c.service.ChatSessionService - Extended session 0fe739eca83141d9ac26d844ba8d226a
2026-06-13 00:42:23.172 DEBUG [http-nio-8086-exec-5] c.c.c.service.ChatSessionService - Session 0fe739eca83141d9ac26d844ba8d226a found in cache
2026-06-13 00:42:23.172 DEBUG [http-nio-8086-exec-5] c.c.c.service.ChatSessionService - Extended session 0fe739eca83141d9ac26d844ba8d226a
2026-06-13 00:42:33.421 DEBUG [DiscoveryClient-HeartbeatExecutor-0] c.netflix.discovery.DiscoveryClient - DiscoveryClient_CHATBOT-MICROSERVICE/chatbot-microservice:f7ea7abaac0af316d677d10b7c409315 - Heartbeat status: 200
2026-06-13 00:42:33.441 DEBUG [DiscoveryClient-CacheRefreshExecutor-0] c.netflix.discovery.DiscoveryClient - Got delta update with apps hashcode UP_6_
2026-06-13 00:42:33.442 DEBUG [DiscoveryClient-CacheRefreshExecutor-0] c.netflix.discovery.DiscoveryClient - The total number of instances fetched by the delta processor : 0
2026-06-13 00:42:33.444 DEBUG [DiscoveryClient-CacheRefreshExecutor-0] c.netflix.discovery.DiscoveryClient - The total number of all instances in the client now is 6
2026-06-13 00:42:33.446 DEBUG [DiscoveryClient-CacheRefreshExecutor-0] c.netflix.discovery.DiscoveryClient - Completed cache refresh task for discovery. All Apps hash code is Local region apps hashcode: UP_6_, is fetching remote regions? false 
2026-06-13 00:43:03.453 DEBUG [DiscoveryClient-HeartbeatExecutor-0] c.netflix.discovery.DiscoveryClient - DiscoveryClient_CHATBOT-MICROSERVICE/chatbot-microservice:f7ea7abaac0af316d677d10b7c409315 - Heartbeat status: 200
2026-06-13 00:43:03.458 DEBUG [DiscoveryClient-CacheRefreshExecutor-0] c.netflix.discovery.DiscoveryClient - Got delta update with apps hashcode UP_6_
2026-06-13 00:43:03.458 DEBUG [DiscoveryClient-CacheRefreshExecutor-0] c.netflix.discovery.DiscoveryClient - The total number of instances fetched by the delta processor : 0
2026-06-13 00:43:03.458 DEBUG [DiscoveryClient-CacheRefreshExecutor-0] c.netflix.discovery.DiscoveryClient - The total number of all instances in the client now is 6
2026-06-13 00:43:03.462 DEBUG [DiscoveryClient-CacheRefreshExecutor-0] c.netflix.discovery.DiscoveryClient - Completed cache refresh task for discovery. All Apps hash code is Local region apps hashcode: UP_6_, is fetching remote regions? false 
2026-06-13 00:43:10.788 DEBUG [http-nio-8086-exec-3] c.c.c.service.ChatSessionService - Session 105f38b13d9e495785061e29600283e6 found in cache
2026-06-13 00:43:10.791 DEBUG [http-nio-8086-exec-3] c.c.c.service.ChatSessionService - Extended session 105f38b13d9e495785061e29600283e6
2026-06-13 00:43:23.127 DEBUG [http-nio-8086-exec-10] c.c.c.service.ChatSessionService - Session 0fe739eca83141d9ac26d844ba8d226a found in cache
2026-06-13 00:43:23.127 DEBUG [http-nio-8086-exec-10] c.c.c.service.ChatSessionService - Extended session 0fe739eca83141d9ac26d844ba8d226a
2026-06-13 00:43:23.218 DEBUG [http-nio-8086-exec-7] c.c.c.service.ChatSessionService - Session 0fe739eca83141d9ac26d844ba8d226a found in cache
2026-06-13 00:43:23.220 DEBUG [http-nio-8086-exec-7] c.c.c.service.ChatSessionService - Extended session 0fe739eca83141d9ac26d844ba8d226a
2026-06-13 00:43:33.477 DEBUG [DiscoveryClient-HeartbeatExecutor-0] c.netflix.discovery.DiscoveryClient - DiscoveryClient_CHATBOT-MICROSERVICE/chatbot-microservice:f7ea7abaac0af316d677d10b7c409315 - Heartbeat status: 200
2026-06-13 00:43:33.496 DEBUG [DiscoveryClient-CacheRefreshExecutor-0] c.netflix.discovery.DiscoveryClient - Got delta update with apps hashcode UP_6_
2026-06-13 00:43:33.496 DEBUG [DiscoveryClient-CacheRefreshExecutor-0] c.netflix.discovery.DiscoveryClient - The total number of instances fetched by the delta processor : 0
2026-06-13 00:43:33.497 DEBUG [DiscoveryClient-CacheRefreshExecutor-0] c.netflix.discovery.DiscoveryClient - The total number of all instances in the client now is 6
2026-06-13 00:43:33.499 DEBUG [DiscoveryClient-CacheRefreshExecutor-0] c.netflix.discovery.DiscoveryClient - Completed cache refresh task for discovery. All Apps hash code is Local region apps hashcode: UP_6_, is fetching remote regions? false 
2026-06-13 00:43:36.108 DEBUG [http-nio-8086-exec-4] c.c.c.service.ChatSessionService - Session 105f38b13d9e495785061e29600283e6 found in cache
2026-06-13 00:43:36.109 DEBUG [http-nio-8086-exec-4] c.c.c.service.ChatSessionService - Extended session 105f38b13d9e495785061e29600283e6
2026-06-13 00:44:01.109 DEBUG [http-nio-8086-exec-2] c.c.c.service.ChatSessionService - Session 105f38b13d9e495785061e29600283e6 found in cache
2026-06-13 00:44:01.111 DEBUG [http-nio-8086-exec-2] c.c.c.service.ChatSessionService - Extended session 105f38b13d9e495785061e29600283e6
2026-06-13 00:44:03.506 DEBUG [DiscoveryClient-HeartbeatExecutor-0] c.netflix.discovery.DiscoveryClient - DiscoveryClient_CHATBOT-MICROSERVICE/chatbot-microservice:f7ea7abaac0af316d677d10b7c409315 - Heartbeat status: 200
2026-06-13 00:44:03.521 DEBUG [DiscoveryClient-CacheRefreshExecutor-0] c.netflix.discovery.DiscoveryClient - Got delta update with apps hashcode UP_6_
2026-06-13 00:44:03.522 DEBUG [DiscoveryClient-CacheRefreshExecutor-0] c.netflix.discovery.DiscoveryClient - The total number of instances fetched by the delta processor : 0
2026-06-13 00:44:03.522 DEBUG [DiscoveryClient-CacheRefreshExecutor-0] c.netflix.discovery.DiscoveryClient - The total number of all instances in the client now is 6
2026-06-13 00:44:03.522 DEBUG [DiscoveryClient-CacheRefreshExecutor-0] c.netflix.discovery.DiscoveryClient - Completed cache refresh task for discovery. All Apps hash code is Local region apps hashcode: UP_6_, is fetching remote regions? false 
2026-06-13 00:44:23.114 DEBUG [http-nio-8086-exec-6] c.c.c.service.ChatSessionService - Session 0fe739eca83141d9ac26d844ba8d226a found in cache
2026-06-13 00:44:23.119 DEBUG [http-nio-8086-exec-6] c.c.c.service.ChatSessionService - Extended session 0fe739eca83141d9ac26d844ba8d226a
2026-06-13 00:44:23.181 DEBUG [http-nio-8086-exec-3] c.c.c.service.ChatSessionService - Session 0fe739eca83141d9ac26d844ba8d226a found in cache
2026-06-13 00:44:23.185 DEBUG [http-nio-8086-exec-3] c.c.c.service.ChatSessionService - Extended session 0fe739eca83141d9ac26d844ba8d226a
2026-06-13 00:44:26.094 DEBUG [http-nio-8086-exec-1] c.c.c.service.ChatSessionService - Session 105f38b13d9e495785061e29600283e6 found in cache
2026-06-13 00:44:26.094 DEBUG [http-nio-8086-exec-1] c.c.c.service.ChatSessionService - Extended session 105f38b13d9e495785061e29600283e6
2026-06-13 00:44:33.528 DEBUG [DiscoveryClient-HeartbeatExecutor-0] c.netflix.discovery.DiscoveryClient - DiscoveryClient_CHATBOT-MICROSERVICE/chatbot-microservice:f7ea7abaac0af316d677d10b7c409315 - Heartbeat status: 200
2026-06-13 00:44:33.532 DEBUG [DiscoveryClient-CacheRefreshExecutor-0] c.netflix.discovery.DiscoveryClient - Got delta update with apps hashcode UP_6_
2026-06-13 00:44:33.532 DEBUG [DiscoveryClient-CacheRefreshExecutor-0] c.netflix.discovery.DiscoveryClient - The total number of instances fetched by the delta processor : 0
2026-06-13 00:44:33.532 DEBUG [DiscoveryClient-CacheRefreshExecutor-0] c.netflix.discovery.DiscoveryClient - The total number of all instances in the client now is 6
2026-06-13 00:44:33.532 DEBUG [DiscoveryClient-CacheRefreshExecutor-0] c.netflix.discovery.DiscoveryClient - Completed cache refresh task for discovery. All Apps hash code is Local region apps hashcode: UP_6_, is fetching remote regions? false 
2026-06-13 00:44:51.101 DEBUG [http-nio-8086-exec-7] c.c.c.service.ChatSessionService - Session 105f38b13d9e495785061e29600283e6 found in cache
2026-06-13 00:44:51.101 DEBUG [http-nio-8086-exec-7] c.c.c.service.ChatSessionService - Extended session 105f38b13d9e495785061e29600283e6
2026-06-13 00:45:03.547 DEBUG [DiscoveryClient-HeartbeatExecutor-0] c.netflix.discovery.DiscoveryClient - DiscoveryClient_CHATBOT-MICROSERVICE/chatbot-microservice:f7ea7abaac0af316d677d10b7c409315 - Heartbeat status: 200
2026-06-13 00:45:03.553 DEBUG [DiscoveryClient-CacheRefreshExecutor-0] c.netflix.discovery.DiscoveryClient - Got delta update with apps hashcode UP_6_
2026-06-13 00:45:03.553 DEBUG [DiscoveryClient-CacheRefreshExecutor-0] c.netflix.discovery.DiscoveryClient - The total number of instances fetched by the delta processor : 0
2026-06-13 00:45:03.553 DEBUG [DiscoveryClient-CacheRefreshExecutor-0] c.netflix.discovery.DiscoveryClient - The total number of all instances in the client now is 6
2026-06-13 00:45:03.553 DEBUG [DiscoveryClient-CacheRefreshExecutor-0] c.netflix.discovery.DiscoveryClient - Completed cache refresh task for discovery. All Apps hash code is Local region apps hashcode: UP_6_, is fetching remote regions? false 
2026-06-13 00:45:23.113 DEBUG [http-nio-8086-exec-4] c.c.c.service.ChatSessionService - Session 105f38b13d9e495785061e29600283e6 found in cache
2026-06-13 00:45:23.113 DEBUG [http-nio-8086-exec-4] c.c.c.service.ChatSessionService - Extended session 105f38b13d9e495785061e29600283e6
2026-06-13 00:45:23.129 DEBUG [http-nio-8086-exec-8] c.c.c.service.ChatSessionService - Session 0fe739eca83141d9ac26d844ba8d226a found in cache
2026-06-13 00:45:23.131 DEBUG [http-nio-8086-exec-8] c.c.c.service.ChatSessionService - Extended session 0fe739eca83141d9ac26d844ba8d226a
2026-06-13 00:45:23.209 DEBUG [http-nio-8086-exec-2] c.c.c.service.ChatSessionService - Session 0fe739eca83141d9ac26d844ba8d226a found in cache
2026-06-13 00:45:23.214 DEBUG [http-nio-8086-exec-2] c.c.c.service.ChatSessionService - Extended session 0fe739eca83141d9ac26d844ba8d226a
2026-06-13 00:45:33.572 DEBUG [DiscoveryClient-HeartbeatExecutor-0] c.netflix.discovery.DiscoveryClient - DiscoveryClient_CHATBOT-MICROSERVICE/chatbot-microservice:f7ea7abaac0af316d677d10b7c409315 - Heartbeat status: 200
2026-06-13 00:45:33.575 DEBUG [DiscoveryClient-CacheRefreshExecutor-0] c.netflix.discovery.DiscoveryClient - Got delta update with apps hashcode UP_6_
2026-06-13 00:45:33.575 DEBUG [DiscoveryClient-CacheRefreshExecutor-0] c.netflix.discovery.DiscoveryClient - The total number of instances fetched by the delta processor : 0
2026-06-13 00:45:33.575 DEBUG [DiscoveryClient-CacheRefreshExecutor-0] c.netflix.discovery.DiscoveryClient - The total number of all instances in the client now is 6
2026-06-13 00:45:33.575 DEBUG [DiscoveryClient-CacheRefreshExecutor-0] c.netflix.discovery.DiscoveryClient - Completed cache refresh task for discovery. All Apps hash code is Local region apps hashcode: UP_6_, is fetching remote regions? false 
2026-06-13 00:46:03.610 DEBUG [DiscoveryClient-HeartbeatExecutor-0] c.netflix.discovery.DiscoveryClient - DiscoveryClient_CHATBOT-MICROSERVICE/chatbot-microservice:f7ea7abaac0af316d677d10b7c409315 - Heartbeat status: 200
2026-06-13 00:46:03.610 DEBUG [DiscoveryClient-CacheRefreshExecutor-0] c.netflix.discovery.DiscoveryClient - Got delta update with apps hashcode UP_6_
2026-06-13 00:46:03.611 DEBUG [DiscoveryClient-CacheRefreshExecutor-0] c.netflix.discovery.DiscoveryClient - The total number of instances fetched by the delta processor : 0
2026-06-13 00:46:03.611 DEBUG [DiscoveryClient-CacheRefreshExecutor-0] c.netflix.discovery.DiscoveryClient - The total number of all instances in the client now is 6
2026-06-13 00:46:03.611 DEBUG [DiscoveryClient-CacheRefreshExecutor-0] c.netflix.discovery.DiscoveryClient - Completed cache refresh task for discovery. All Apps hash code is Local region apps hashcode: UP_6_, is fetching remote regions? false 
2026-06-13 00:46:16.353 INFO  [AsyncResolver-bootstrap-executor-0] c.n.d.s.r.aws.ConfigClusterResolver - Resolving eureka endpoints via configuration
2026-06-13 00:46:16.353 DEBUG [AsyncResolver-bootstrap-executor-0] c.n.discovery.endpoint.EndpointUtils - The availability zone for the given region us-east-1 are [defaultZone]
2026-06-13 00:46:16.353 DEBUG [AsyncResolver-bootstrap-executor-0] c.n.d.s.r.aws.ConfigClusterResolver - Config resolved to [AwsEndpoint{ serviceUrl='http://localhost:8761/eureka/', region='us-east-1', zone='defaultZone'}]
2026-06-13 00:46:16.353 DEBUG [AsyncResolver-bootstrap-executor-0] c.n.d.s.r.a.ZoneAffinityClusterResolver - Local zone=defaultZone; resolved to: [AwsEndpoint{ serviceUrl='http://localhost:8761/eureka/', region='us-east-1', zone='defaultZone'}]
2026-06-13 00:46:16.353 DEBUG [AsyncResolver-bootstrap-executor-0] c.n.d.shared.resolver.AsyncResolver - Resolved to [AwsEndpoint{ serviceUrl='http://localhost:8761/eureka/', region='us-east-1', zone='defaultZone'}]
2026-06-13 00:46:23.105 DEBUG [http-nio-8086-exec-6] c.c.c.service.ChatSessionService - Session 105f38b13d9e495785061e29600283e6 found in cache
2026-06-13 00:46:23.105 DEBUG [http-nio-8086-exec-6] c.c.c.service.ChatSessionService - Extended session 105f38b13d9e495785061e29600283e6
2026-06-13 00:46:23.105 DEBUG [http-nio-8086-exec-3] c.c.c.service.ChatSessionService - Session 0fe739eca83141d9ac26d844ba8d226a found in cache
2026-06-13 00:46:23.118 DEBUG [http-nio-8086-exec-3] c.c.c.service.ChatSessionService - Extended session 0fe739eca83141d9ac26d844ba8d226a
2026-06-13 00:46:23.205 DEBUG [http-nio-8086-exec-1] c.c.c.service.ChatSessionService - Session 0fe739eca83141d9ac26d844ba8d226a found in cache
2026-06-13 00:46:23.206 DEBUG [http-nio-8086-exec-1] c.c.c.service.ChatSessionService - Extended session 0fe739eca83141d9ac26d844ba8d226a
2026-06-13 00:46:33.641 DEBUG [DiscoveryClient-CacheRefreshExecutor-0] c.netflix.discovery.DiscoveryClient - Got delta update with apps hashcode UP_6_
2026-06-13 00:46:33.641 DEBUG [DiscoveryClient-CacheRefreshExecutor-0] c.netflix.discovery.DiscoveryClient - The total number of instances fetched by the delta processor : 0
2026-06-13 00:46:33.641 DEBUG [DiscoveryClient-HeartbeatExecutor-0] c.netflix.discovery.DiscoveryClient - DiscoveryClient_CHATBOT-MICROSERVICE/chatbot-microservice:f7ea7abaac0af316d677d10b7c409315 - Heartbeat status: 200
2026-06-13 00:46:33.641 DEBUG [DiscoveryClient-CacheRefreshExecutor-0] c.netflix.discovery.DiscoveryClient - The total number of all instances in the client now is 6
2026-06-13 00:46:33.641 DEBUG [DiscoveryClient-CacheRefreshExecutor-0] c.netflix.discovery.DiscoveryClient - Completed cache refresh task for discovery. All Apps hash code is Local region apps hashcode: UP_6_, is fetching remote regions? false 
2026-06-13 00:46:47.315 DEBUG [http-nio-8086-exec-7] c.c.c.service.ChatSessionService - Session 0fe739eca83141d9ac26d844ba8d226a found in cache
2026-06-13 00:46:48.119 DEBUG [http-nio-8086-exec-9] c.c.c.service.ChatSessionService - Session 0fe739eca83141d9ac26d844ba8d226a found in cache
2026-06-13 00:46:48.274 DEBUG [http-nio-8086-exec-4] c.c.c.service.ChatSessionService - Session 105f38b13d9e495785061e29600283e6 found in cache
2026-06-13 00:46:48.691 DEBUG [http-nio-8086-exec-8] c.c.c.service.ChatSessionService - Session 0fe739eca83141d9ac26d844ba8d226a found in cache
2026-06-13 00:46:49.518 DEBUG [http-nio-8086-exec-2] c.c.c.service.ChatSessionService - Session 0fe739eca83141d9ac26d844ba8d226a found in cache
2026-06-13 00:46:50.682 DEBUG [http-nio-8086-exec-5] c.c.c.service.ChatSessionService - Session 105f38b13d9e495785061e29600283e6 found in cache
2026-06-13 00:46:51.103 DEBUG [http-nio-8086-exec-6] c.c.c.service.ChatSessionService - Session 0fe739eca83141d9ac26d844ba8d226a found in cache
2026-06-13 00:46:51.113 DEBUG [http-nio-8086-exec-6] c.c.c.service.ChatSessionService - Updated context for session 0fe739eca83141d9ac26d844ba8d226a
2026-06-13 00:47:03.658 DEBUG [DiscoveryClient-HeartbeatExecutor-0] c.netflix.discovery.DiscoveryClient - DiscoveryClient_CHATBOT-MICROSERVICE/chatbot-microservice:f7ea7abaac0af316d677d10b7c409315 - Heartbeat status: 200
2026-06-13 00:47:03.663 DEBUG [DiscoveryClient-CacheRefreshExecutor-0] c.netflix.discovery.DiscoveryClient - Got delta update with apps hashcode UP_6_
2026-06-13 00:47:03.664 DEBUG [DiscoveryClient-CacheRefreshExecutor-0] c.netflix.discovery.DiscoveryClient - The total number of instances fetched by the delta processor : 0
2026-06-13 00:47:03.664 DEBUG [DiscoveryClient-CacheRefreshExecutor-0] c.netflix.discovery.DiscoveryClient - The total number of all instances in the client now is 6
2026-06-13 00:47:03.664 DEBUG [DiscoveryClient-CacheRefreshExecutor-0] c.netflix.discovery.DiscoveryClient - Completed cache refresh task for discovery. All Apps hash code is Local region apps hashcode: UP_6_, is fetching remote regions? false 
2026-06-13 00:47:16.553 DEBUG [http-nio-8086-exec-1] c.c.c.service.ChatSessionService - Session 0fe739eca83141d9ac26d844ba8d226a found in cache
2026-06-13 00:47:16.553 DEBUG [http-nio-8086-exec-1] c.c.c.service.ChatSessionService - Extended session 0fe739eca83141d9ac26d844ba8d226a
2026-06-13 00:47:16.567 DEBUG [http-nio-8086-exec-10] c.c.c.service.ChatSessionService - Session 105f38b13d9e495785061e29600283e6 found in cache
2026-06-13 00:47:16.585 DEBUG [http-nio-8086-exec-10] c.c.c.service.ChatSessionService - Extended session 105f38b13d9e495785061e29600283e6
2026-06-13 00:47:16.835 DEBUG [http-nio-8086-exec-7] c.c.c.service.ChatSessionService - Session 0fe739eca83141d9ac26d844ba8d226a found in cache
2026-06-13 00:47:16.845 DEBUG [http-nio-8086-exec-7] c.c.c.service.ChatSessionService - Extended session 0fe739eca83141d9ac26d844ba8d226a
2026-06-13 00:47:33.686 DEBUG [DiscoveryClient-CacheRefreshExecutor-0] c.netflix.discovery.DiscoveryClient - Got delta update with apps hashcode UP_6_
2026-06-13 00:47:33.686 DEBUG [DiscoveryClient-HeartbeatExecutor-0] c.netflix.discovery.DiscoveryClient - DiscoveryClient_CHATBOT-MICROSERVICE/chatbot-microservice:f7ea7abaac0af316d677d10b7c409315 - Heartbeat status: 200
2026-06-13 00:47:33.686 DEBUG [DiscoveryClient-CacheRefreshExecutor-0] c.netflix.discovery.DiscoveryClient - The total number of instances fetched by the delta processor : 0
2026-06-13 00:47:33.686 DEBUG [DiscoveryClient-CacheRefreshExecutor-0] c.netflix.discovery.DiscoveryClient - The total number of all instances in the client now is 6
2026-06-13 00:47:33.686 DEBUG [DiscoveryClient-CacheRefreshExecutor-0] c.netflix.discovery.DiscoveryClient - Completed cache refresh task for discovery. All Apps hash code is Local region apps hashcode: UP_6_, is fetching remote regions? false 
2026-06-13 00:47:39.117 DEBUG [http-nio-8086-exec-8] c.c.c.service.ChatSessionService - Session 0fe739eca83141d9ac26d844ba8d226a found in cache
2026-06-13 00:47:39.119 DEBUG [http-nio-8086-exec-8] c.c.c.service.ChatSessionService - Extended session 0fe739eca83141d9ac26d844ba8d226a
2026-06-13 00:47:40.183 DEBUG [http-nio-8086-exec-2] c.c.c.service.ChatSessionService - Session 0fe739eca83141d9ac26d844ba8d226a found in cache
2026-06-13 00:47:40.183 DEBUG [http-nio-8086-exec-2] c.c.c.service.ChatSessionService - Extended session 0fe739eca83141d9ac26d844ba8d226a
2026-06-13 00:47:41.095 DEBUG [http-nio-8086-exec-5] c.c.c.service.ChatSessionService - Session 105f38b13d9e495785061e29600283e6 found in cache
2026-06-13 00:47:41.097 DEBUG [http-nio-8086-exec-5] c.c.c.service.ChatSessionService - Extended session 105f38b13d9e495785061e29600283e6
2026-06-13 00:48:03.720 DEBUG [DiscoveryClient-CacheRefreshExecutor-0] c.netflix.discovery.DiscoveryClient - Got delta update with apps hashcode UP_6_
2026-06-13 00:48:03.720 DEBUG [DiscoveryClient-HeartbeatExecutor-0] c.netflix.discovery.DiscoveryClient - DiscoveryClient_CHATBOT-MICROSERVICE/chatbot-microservice:f7ea7abaac0af316d677d10b7c409315 - Heartbeat status: 200
2026-06-13 00:48:03.721 DEBUG [DiscoveryClient-CacheRefreshExecutor-0] c.netflix.discovery.DiscoveryClient - The total number of instances fetched by the delta processor : 0
2026-06-13 00:48:03.721 DEBUG [DiscoveryClient-CacheRefreshExecutor-0] c.netflix.discovery.DiscoveryClient - The total number of all instances in the client now is 6
2026-06-13 00:48:03.721 DEBUG [DiscoveryClient-CacheRefreshExecutor-0] c.netflix.discovery.DiscoveryClient - Completed cache refresh task for discovery. All Apps hash code is Local region apps hashcode: UP_6_, is fetching remote regions? false 
2026-06-13 00:48:04.119 DEBUG [http-nio-8086-exec-3] c.c.c.service.ChatSessionService - Session 0fe739eca83141d9ac26d844ba8d226a found in cache
2026-06-13 00:48:04.121 DEBUG [http-nio-8086-exec-3] c.c.c.service.ChatSessionService - Extended session 0fe739eca83141d9ac26d844ba8d226a
2026-06-13 00:48:05.091 DEBUG [http-nio-8086-exec-1] c.c.c.service.ChatSessionService - Session 0fe739eca83141d9ac26d844ba8d226a found in cache
2026-06-13 00:48:05.091 DEBUG [http-nio-8086-exec-1] c.c.c.service.ChatSessionService - Extended session 0fe739eca83141d9ac26d844ba8d226a
2026-06-13 00:48:06.105 DEBUG [http-nio-8086-exec-10] c.c.c.service.ChatSessionService - Session 105f38b13d9e495785061e29600283e6 found in cache
2026-06-13 00:48:06.110 DEBUG [http-nio-8086-exec-10] c.c.c.service.ChatSessionService - Extended session 105f38b13d9e495785061e29600283e6
2026-06-13 00:48:28.095 DEBUG [http-nio-8086-exec-4] c.c.c.service.ChatSessionService - Session 0fe739eca83141d9ac26d844ba8d226a found in cache
2026-06-13 00:48:28.097 DEBUG [http-nio-8086-exec-4] c.c.c.service.ChatSessionService - Extended session 0fe739eca83141d9ac26d844ba8d226a
2026-06-13 00:48:31.312 DEBUG [http-nio-8086-exec-9] c.c.c.service.ChatSessionService - Session 0fe739eca83141d9ac26d844ba8d226a found in cache
2026-06-13 00:48:31.315 DEBUG [http-nio-8086-exec-9] c.c.c.service.ChatSessionService - Extended session 0fe739eca83141d9ac26d844ba8d226a
2026-06-13 00:48:31.369 DEBUG [http-nio-8086-exec-8] c.c.c.service.ChatSessionService - Session 105f38b13d9e495785061e29600283e6 found in cache
2026-06-13 00:48:31.369 DEBUG [http-nio-8086-exec-8] c.c.c.service.ChatSessionService - Extended session 105f38b13d9e495785061e29600283e6
2026-06-13 00:48:33.750 DEBUG [DiscoveryClient-HeartbeatExecutor-0] c.netflix.discovery.DiscoveryClient - DiscoveryClient_CHATBOT-MICROSERVICE/chatbot-microservice:f7ea7abaac0af316d677d10b7c409315 - Heartbeat status: 200
2026-06-13 00:48:33.750 DEBUG [DiscoveryClient-CacheRefreshExecutor-0] c.netflix.discovery.DiscoveryClient - Got delta update with apps hashcode UP_6_
2026-06-13 00:48:33.750 DEBUG [DiscoveryClient-CacheRefreshExecutor-0] c.netflix.discovery.DiscoveryClient - The total number of instances fetched by the delta processor : 0
2026-06-13 00:48:33.752 DEBUG [DiscoveryClient-CacheRefreshExecutor-0] c.netflix.discovery.DiscoveryClient - The total number of all instances in the client now is 6
2026-06-13 00:48:33.752 DEBUG [DiscoveryClient-CacheRefreshExecutor-0] c.netflix.discovery.DiscoveryClient - Completed cache refresh task for discovery. All Apps hash code is Local region apps hashcode: UP_6_, is fetching remote regions? false 
2026-06-13 00:48:54.139 DEBUG [http-nio-8086-exec-5] c.c.c.service.ChatSessionService - Session 0fe739eca83141d9ac26d844ba8d226a found in cache
2026-06-13 00:48:54.179 DEBUG [http-nio-8086-exec-5] c.c.c.service.ChatSessionService - Extended session 0fe739eca83141d9ac26d844ba8d226a
2026-06-13 00:48:55.099 DEBUG [http-nio-8086-exec-6] c.c.c.service.ChatSessionService - Session 0fe739eca83141d9ac26d844ba8d226a found in cache
2026-06-13 00:48:55.101 DEBUG [http-nio-8086-exec-6] c.c.c.service.ChatSessionService - Extended session 0fe739eca83141d9ac26d844ba8d226a
2026-06-13 00:48:56.087 DEBUG [http-nio-8086-exec-3] c.c.c.service.ChatSessionService - Session 105f38b13d9e495785061e29600283e6 found in cache
2026-06-13 00:48:56.089 DEBUG [http-nio-8086-exec-3] c.c.c.service.ChatSessionService - Extended session 105f38b13d9e495785061e29600283e6
2026-06-13 00:49:04.147 DEBUG [DiscoveryClient-CacheRefreshExecutor-0] c.netflix.discovery.DiscoveryClient - Got delta update with apps hashcode UP_6_
2026-06-13 00:49:04.147 DEBUG [DiscoveryClient-CacheRefreshExecutor-0] c.netflix.discovery.DiscoveryClient - The total number of instances fetched by the delta processor : 0
2026-06-13 00:49:04.148 DEBUG [DiscoveryClient-CacheRefreshExecutor-0] c.netflix.discovery.DiscoveryClient - The total number of all instances in the client now is 6
2026-06-13 00:49:04.148 DEBUG [DiscoveryClient-CacheRefreshExecutor-0] c.netflix.discovery.DiscoveryClient - Completed cache refresh task for discovery. All Apps hash code is Local region apps hashcode: UP_6_, is fetching remote regions? false 
2026-06-13 00:49:04.447 DEBUG [DiscoveryClient-HeartbeatExecutor-0] c.netflix.discovery.DiscoveryClient - DiscoveryClient_CHATBOT-MICROSERVICE/chatbot-microservice:f7ea7abaac0af316d677d10b7c409315 - Heartbeat status: 200
2026-06-13 00:49:18.146 DEBUG [http-nio-8086-exec-10] c.c.c.service.ChatSessionService - Session 0fe739eca83141d9ac26d844ba8d226a found in cache
2026-06-13 00:49:18.196 DEBUG [http-nio-8086-exec-10] c.c.c.service.ChatSessionService - Extended session 0fe739eca83141d9ac26d844ba8d226a
2026-06-13 00:49:20.458 DEBUG [http-nio-8086-exec-7] c.c.c.service.ChatSessionService - Session 0fe739eca83141d9ac26d844ba8d226a found in cache
2026-06-13 00:49:20.475 DEBUG [http-nio-8086-exec-7] c.c.c.service.ChatSessionService - Extended session 0fe739eca83141d9ac26d844ba8d226a
2026-06-13 00:49:21.098 DEBUG [http-nio-8086-exec-4] c.c.c.service.ChatSessionService - Session 105f38b13d9e495785061e29600283e6 found in cache
2026-06-13 00:49:21.101 DEBUG [http-nio-8086-exec-4] c.c.c.service.ChatSessionService - Extended session 105f38b13d9e495785061e29600283e6
2026-06-13 00:49:34.179 DEBUG [DiscoveryClient-CacheRefreshExecutor-0] c.netflix.discovery.DiscoveryClient - Got delta update with apps hashcode UP_6_
2026-06-13 00:49:34.179 DEBUG [DiscoveryClient-CacheRefreshExecutor-0] c.netflix.discovery.DiscoveryClient - The total number of instances fetched by the delta processor : 0
2026-06-13 00:49:34.179 DEBUG [DiscoveryClient-CacheRefreshExecutor-0] c.netflix.discovery.DiscoveryClient - The total number of all instances in the client now is 6
2026-06-13 00:49:34.179 DEBUG [DiscoveryClient-CacheRefreshExecutor-0] c.netflix.discovery.DiscoveryClient - Completed cache refresh task for discovery. All Apps hash code is Local region apps hashcode: UP_6_, is fetching remote regions? false 
2026-06-13 00:49:34.463 DEBUG [DiscoveryClient-HeartbeatExecutor-0] c.netflix.discovery.DiscoveryClient - DiscoveryClient_CHATBOT-MICROSERVICE/chatbot-microservice:f7ea7abaac0af316d677d10b7c409315 - Heartbeat status: 200
2026-06-13 00:49:43.100 DEBUG [http-nio-8086-exec-8] c.c.c.service.ChatSessionService - Session 0fe739eca83141d9ac26d844ba8d226a found in cache
2026-06-13 00:49:43.124 DEBUG [http-nio-8086-exec-8] c.c.c.service.ChatSessionService - Extended session 0fe739eca83141d9ac26d844ba8d226a
2026-06-13 00:49:51.145 DEBUG [http-nio-8086-exec-5] c.c.c.service.ChatSessionService - Session 105f38b13d9e495785061e29600283e6 found in cache
2026-06-13 00:49:51.151 DEBUG [http-nio-8086-exec-5] c.c.c.service.ChatSessionService - Extended session 105f38b13d9e495785061e29600283e6
2026-06-13 00:50:04.215 DEBUG [DiscoveryClient-CacheRefreshExecutor-0] c.netflix.discovery.DiscoveryClient - Got delta update with apps hashcode UP_6_
2026-06-13 00:50:04.215 DEBUG [DiscoveryClient-CacheRefreshExecutor-0] c.netflix.discovery.DiscoveryClient - The total number of instances fetched by the delta processor : 0
2026-06-13 00:50:04.215 DEBUG [DiscoveryClient-CacheRefreshExecutor-0] c.netflix.discovery.DiscoveryClient - The total number of all instances in the client now is 6
2026-06-13 00:50:04.215 DEBUG [DiscoveryClient-CacheRefreshExecutor-0] c.netflix.discovery.DiscoveryClient - Completed cache refresh task for discovery. All Apps hash code is Local region apps hashcode: UP_6_, is fetching remote regions? false 
2026-06-13 00:50:04.478 DEBUG [DiscoveryClient-HeartbeatExecutor-0] c.netflix.discovery.DiscoveryClient - DiscoveryClient_CHATBOT-MICROSERVICE/chatbot-microservice:f7ea7abaac0af316d677d10b7c409315 - Heartbeat status: 200
2026-06-13 00:50:08.101 DEBUG [http-nio-8086-exec-3] c.c.c.service.ChatSessionService - Session 0fe739eca83141d9ac26d844ba8d226a found in cache
2026-06-13 00:50:08.103 DEBUG [http-nio-8086-exec-3] c.c.c.service.ChatSessionService - Extended session 0fe739eca83141d9ac26d844ba8d226a
2026-06-13 00:50:11.099 DEBUG [http-nio-8086-exec-10] c.c.c.service.ChatSessionService - Session 105f38b13d9e495785061e29600283e6 found in cache
2026-06-13 00:50:11.099 DEBUG [http-nio-8086-exec-10] c.c.c.service.ChatSessionService - Extended session 105f38b13d9e495785061e29600283e6
2026-06-13 00:50:23.281 DEBUG [http-nio-8086-exec-4] c.c.c.service.ChatSessionService - Session 0fe739eca83141d9ac26d844ba8d226a found in cache
2026-06-13 00:50:23.281 DEBUG [http-nio-8086-exec-4] c.c.c.service.ChatSessionService - Extended session 0fe739eca83141d9ac26d844ba8d226a
2026-06-13 00:50:34.093 DEBUG [http-nio-8086-exec-8] c.c.c.service.ChatSessionService - Session 0fe739eca83141d9ac26d844ba8d226a found in cache
2026-06-13 00:50:34.093 DEBUG [http-nio-8086-exec-8] c.c.c.service.ChatSessionService - Extended session 0fe739eca83141d9ac26d844ba8d226a
2026-06-13 00:50:34.242 DEBUG [DiscoveryClient-CacheRefreshExecutor-0] c.netflix.discovery.DiscoveryClient - Got delta update with apps hashcode UP_6_
2026-06-13 00:50:34.242 DEBUG [DiscoveryClient-CacheRefreshExecutor-0] c.netflix.discovery.DiscoveryClient - The total number of instances fetched by the delta processor : 0
2026-06-13 00:50:34.242 DEBUG [DiscoveryClient-CacheRefreshExecutor-0] c.netflix.discovery.DiscoveryClient - The total number of all instances in the client now is 6
2026-06-13 00:50:34.243 DEBUG [DiscoveryClient-CacheRefreshExecutor-0] c.netflix.discovery.DiscoveryClient - Completed cache refresh task for discovery. All Apps hash code is Local region apps hashcode: UP_6_, is fetching remote regions? false 
2026-06-13 00:50:34.493 DEBUG [DiscoveryClient-HeartbeatExecutor-0] c.netflix.discovery.DiscoveryClient - DiscoveryClient_CHATBOT-MICROSERVICE/chatbot-microservice:f7ea7abaac0af316d677d10b7c409315 - Heartbeat status: 200
2026-06-13 00:50:36.092 DEBUG [http-nio-8086-exec-2] c.c.c.service.ChatSessionService - Session 105f38b13d9e495785061e29600283e6 found in cache
2026-06-13 00:50:36.092 DEBUG [http-nio-8086-exec-2] c.c.c.service.ChatSessionService - Extended session 105f38b13d9e495785061e29600283e6
2026-06-13 00:51:03.296 DEBUG [http-nio-8086-exec-6] c.c.c.service.ChatSessionService - Session 105f38b13d9e495785061e29600283e6 found in cache
2026-06-13 00:51:03.561 DEBUG [http-nio-8086-exec-3] c.c.c.service.ChatSessionService - Session 0fe739eca83141d9ac26d844ba8d226a found in cache
2026-06-13 00:51:03.580 DEBUG [http-nio-8086-exec-1] c.c.c.service.ChatSessionService - Session 0fe739eca83141d9ac26d844ba8d226a found in cache
2026-06-13 00:51:04.195 DEBUG [http-nio-8086-exec-10] c.c.c.service.ChatSessionService - Session 105f38b13d9e495785061e29600283e6 found in cache
2026-06-13 00:51:04.262 DEBUG [DiscoveryClient-CacheRefreshExecutor-0] c.netflix.discovery.DiscoveryClient - Got delta update with apps hashcode UP_6_
2026-06-13 00:51:04.262 DEBUG [DiscoveryClient-CacheRefreshExecutor-0] c.netflix.discovery.DiscoveryClient - The total number of instances fetched by the delta processor : 0
2026-06-13 00:51:04.262 DEBUG [DiscoveryClient-CacheRefreshExecutor-0] c.netflix.discovery.DiscoveryClient - The total number of all instances in the client now is 6
2026-06-13 00:51:04.263 DEBUG [DiscoveryClient-CacheRefreshExecutor-0] c.netflix.discovery.DiscoveryClient - Completed cache refresh task for discovery. All Apps hash code is Local region apps hashcode: UP_6_, is fetching remote regions? false 
2026-06-13 00:51:04.507 DEBUG [DiscoveryClient-HeartbeatExecutor-0] c.netflix.discovery.DiscoveryClient - DiscoveryClient_CHATBOT-MICROSERVICE/chatbot-microservice:f7ea7abaac0af316d677d10b7c409315 - Heartbeat status: 200
2026-06-13 00:51:04.523 DEBUG [http-nio-8086-exec-7] c.c.c.service.ChatSessionService - Session 0fe739eca83141d9ac26d844ba8d226a found in cache
2026-06-13 00:51:04.691 DEBUG [http-nio-8086-exec-4] c.c.c.service.ChatSessionService - Session 0fe739eca83141d9ac26d844ba8d226a found in cache
2026-06-13 00:51:06.332 DEBUG [http-nio-8086-exec-9] c.c.c.service.ChatSessionService - Session 0fe739eca83141d9ac26d844ba8d226a found in cache
2026-06-13 00:51:06.341 DEBUG [http-nio-8086-exec-9] c.c.c.service.ChatSessionService - Updated context for session 0fe739eca83141d9ac26d844ba8d226a
2026-06-13 00:51:16.387 INFO  [AsyncResolver-bootstrap-executor-0] c.n.d.s.r.aws.ConfigClusterResolver - Resolving eureka endpoints via configuration
2026-06-13 00:51:16.408 DEBUG [AsyncResolver-bootstrap-executor-0] c.n.discovery.endpoint.EndpointUtils - The availability zone for the given region us-east-1 are [defaultZone]
2026-06-13 00:51:16.438 DEBUG [AsyncResolver-bootstrap-executor-0] c.n.d.s.r.aws.ConfigClusterResolver - Config resolved to [AwsEndpoint{ serviceUrl='http://localhost:8761/eureka/', region='us-east-1', zone='defaultZone'}]
2026-06-13 00:51:16.445 DEBUG [AsyncResolver-bootstrap-executor-0] c.n.d.s.r.a.ZoneAffinityClusterResolver - Local zone=defaultZone; resolved to: [AwsEndpoint{ serviceUrl='http://localhost:8761/eureka/', region='us-east-1', zone='defaultZone'}]
2026-06-13 00:51:16.451 DEBUG [AsyncResolver-bootstrap-executor-0] c.n.d.shared.resolver.AsyncResolver - Resolved to [AwsEndpoint{ serviceUrl='http://localhost:8761/eureka/', region='us-east-1', zone='defaultZone'}]
2026-06-13 00:51:23.505 DEBUG [http-nio-8086-exec-2] c.c.c.service.ChatSessionService - Session 0fe739eca83141d9ac26d844ba8d226a found in cache
2026-06-13 00:51:23.549 DEBUG [http-nio-8086-exec-5] c.c.c.service.ChatSessionService - Session 105f38b13d9e495785061e29600283e6 found in cache
2026-06-13 00:51:23.772 DEBUG [http-nio-8086-exec-6] c.c.c.service.ChatSessionService - Session 0fe739eca83141d9ac26d844ba8d226a found in cache
2026-06-13 00:51:24.451 DEBUG [http-nio-8086-exec-3] c.c.c.service.ChatSessionService - Session 0fe739eca83141d9ac26d844ba8d226a found in cache
2026-06-13 00:51:25.223 DEBUG [http-nio-8086-exec-1] c.c.c.service.ChatSessionService - Session 0fe739eca83141d9ac26d844ba8d226a found in cache
2026-06-13 00:51:25.223 DEBUG [http-nio-8086-exec-1] c.c.c.service.ChatSessionService - Updated context for session 0fe739eca83141d9ac26d844ba8d226a
2026-06-13 00:51:26.508 DEBUG [http-nio-8086-exec-10] c.c.c.service.ChatSessionService - Session 0fe739eca83141d9ac26d844ba8d226a found in cache
2026-06-13 00:51:28.277 DEBUG [http-nio-8086-exec-7] c.c.c.service.ChatSessionService - Session 105f38b13d9e495785061e29600283e6 found in cache
2026-06-13 00:51:34.294 DEBUG [DiscoveryClient-CacheRefreshExecutor-0] c.netflix.discovery.DiscoveryClient - Got delta update with apps hashcode UP_6_
2026-06-13 00:51:34.294 DEBUG [DiscoveryClient-CacheRefreshExecutor-0] c.netflix.discovery.DiscoveryClient - The total number of instances fetched by the delta processor : 0
2026-06-13 00:51:34.294 DEBUG [DiscoveryClient-CacheRefreshExecutor-0] c.netflix.discovery.DiscoveryClient - The total number of all instances in the client now is 6
2026-06-13 00:51:34.294 DEBUG [DiscoveryClient-CacheRefreshExecutor-0] c.netflix.discovery.DiscoveryClient - Completed cache refresh task for discovery. All Apps hash code is Local region apps hashcode: UP_6_, is fetching remote regions? false 
2026-06-13 00:51:34.521 DEBUG [DiscoveryClient-HeartbeatExecutor-0] c.n.d.s.t.d.SessionedEurekaHttpClient - Ending a session and starting anew
2026-06-13 00:51:34.864 DEBUG [DiscoveryClient-HeartbeatExecutor-0] c.n.d.s.t.d.RedirectingEurekaHttpClient - Pinning to endpoint null
2026-06-13 00:51:34.864 DEBUG [DiscoveryClient-HeartbeatExecutor-0] c.netflix.discovery.DiscoveryClient - DiscoveryClient_CHATBOT-MICROSERVICE/chatbot-microservice:f7ea7abaac0af316d677d10b7c409315 - Heartbeat status: 200
2026-06-13 00:51:49.669 DEBUG [http-nio-8086-exec-9] c.c.c.service.ChatSessionService - Session 0fe739eca83141d9ac26d844ba8d226a found in cache
2026-06-13 00:51:49.670 DEBUG [http-nio-8086-exec-9] c.c.c.service.ChatSessionService - Extended session 0fe739eca83141d9ac26d844ba8d226a
2026-06-13 00:51:52.514 DEBUG [http-nio-8086-exec-8] c.c.c.service.ChatSessionService - Session 105f38b13d9e495785061e29600283e6 found in cache
2026-06-13 00:51:52.514 DEBUG [http-nio-8086-exec-8] c.c.c.service.ChatSessionService - Extended session 105f38b13d9e495785061e29600283e6
2026-06-13 00:51:52.603 DEBUG [http-nio-8086-exec-2] c.c.c.service.ChatSessionService - Session 0fe739eca83141d9ac26d844ba8d226a found in cache
2026-06-13 00:51:52.603 DEBUG [http-nio-8086-exec-2] c.c.c.service.ChatSessionService - Extended session 0fe739eca83141d9ac26d844ba8d226a
2026-06-13 00:52:05.203 DEBUG [DiscoveryClient-CacheRefreshExecutor-0] c.netflix.discovery.DiscoveryClient - Got delta update with apps hashcode UP_6_
2026-06-13 00:52:05.203 DEBUG [DiscoveryClient-CacheRefreshExecutor-0] c.netflix.discovery.DiscoveryClient - The total number of instances fetched by the delta processor : 0
2026-06-13 00:52:05.203 DEBUG [DiscoveryClient-CacheRefreshExecutor-0] c.netflix.discovery.DiscoveryClient - The total number of all instances in the client now is 6
2026-06-13 00:52:05.203 DEBUG [DiscoveryClient-CacheRefreshExecutor-0] c.netflix.discovery.DiscoveryClient - Completed cache refresh task for discovery. All Apps hash code is Local region apps hashcode: UP_6_, is fetching remote regions? false 
2026-06-13 00:52:05.853 DEBUG [DiscoveryClient-HeartbeatExecutor-0] c.netflix.discovery.DiscoveryClient - DiscoveryClient_CHATBOT-MICROSERVICE/chatbot-microservice:f7ea7abaac0af316d677d10b7c409315 - Heartbeat status: 200
2026-06-13 00:52:14.149 DEBUG [http-nio-8086-exec-6] c.c.c.service.ChatSessionService - Session 0fe739eca83141d9ac26d844ba8d226a found in cache
2026-06-13 00:52:14.157 DEBUG [http-nio-8086-exec-6] c.c.c.service.ChatSessionService - Extended session 0fe739eca83141d9ac26d844ba8d226a
2026-06-13 00:52:14.887 INFO  [MessageBroker-12] o.s.w.s.c.WebSocketMessageBrokerStats - WebSocketSession[0 current WS(0)-HttpStream(0)-HttpPoll(0), 0 total, 0 closed abnormally (0 connect failure, 0 send limit, 0 transport error)], stompSubProtocol[processed CONNECT(0)-CONNECTED(0)-DISCONNECT(0)], stompBrokerRelay[null], inboundChannel[pool size = 0, active threads = 0, queued tasks = 0, completed tasks = 0], outboundChannel[pool size = 0, active threads = 0, queued tasks = 0, completed tasks = 0], sockJsScheduler[pool size = 12, active threads = 1, queued tasks = 1, completed tasks = 25]
2026-06-13 00:52:15.178 DEBUG [http-nio-8086-exec-3] c.c.c.service.ChatSessionService - Session 0fe739eca83141d9ac26d844ba8d226a found in cache
2026-06-13 00:52:15.180 DEBUG [http-nio-8086-exec-3] c.c.c.service.ChatSessionService - Extended session 0fe739eca83141d9ac26d844ba8d226a
2026-06-13 00:52:17.097 DEBUG [http-nio-8086-exec-1] c.c.c.service.ChatSessionService - Session 105f38b13d9e495785061e29600283e6 found in cache
2026-06-13 00:52:17.097 DEBUG [http-nio-8086-exec-1] c.c.c.service.ChatSessionService - Extended session 105f38b13d9e495785061e29600283e6
2026-06-13 00:52:35.230 DEBUG [DiscoveryClient-CacheRefreshExecutor-0] c.netflix.discovery.DiscoveryClient - Got delta update with apps hashcode UP_6_
2026-06-13 00:52:35.230 DEBUG [DiscoveryClient-CacheRefreshExecutor-0] c.netflix.discovery.DiscoveryClient - The total number of instances fetched by the delta processor : 0
2026-06-13 00:52:35.230 DEBUG [DiscoveryClient-CacheRefreshExecutor-0] c.netflix.discovery.DiscoveryClient - The total number of all instances in the client now is 6
2026-06-13 00:52:35.230 DEBUG [DiscoveryClient-CacheRefreshExecutor-0] c.netflix.discovery.DiscoveryClient - Completed cache refresh task for discovery. All Apps hash code is Local region apps hashcode: UP_6_, is fetching remote regions? false 
2026-06-13 00:52:35.864 DEBUG [DiscoveryClient-HeartbeatExecutor-0] c.netflix.discovery.DiscoveryClient - DiscoveryClient_CHATBOT-MICROSERVICE/chatbot-microservice:f7ea7abaac0af316d677d10b7c409315 - Heartbeat status: 200
2026-06-13 00:52:39.151 DEBUG [http-nio-8086-exec-7] c.c.c.service.ChatSessionService - Session 0fe739eca83141d9ac26d844ba8d226a found in cache
2026-06-13 00:52:39.151 DEBUG [http-nio-8086-exec-7] c.c.c.service.ChatSessionService - Extended session 0fe739eca83141d9ac26d844ba8d226a
2026-06-13 00:52:40.268 DEBUG [http-nio-8086-exec-4] c.c.c.service.ChatSessionService - Session 0fe739eca83141d9ac26d844ba8d226a found in cache
2026-06-13 00:52:40.268 DEBUG [http-nio-8086-exec-4] c.c.c.service.ChatSessionService - Extended session 0fe739eca83141d9ac26d844ba8d226a
2026-06-13 00:52:43.756 DEBUG [http-nio-8086-exec-9] c.c.c.service.ChatSessionService - Session 105f38b13d9e495785061e29600283e6 found in cache
2026-06-13 00:52:43.758 DEBUG [http-nio-8086-exec-9] c.c.c.service.ChatSessionService - Extended session 105f38b13d9e495785061e29600283e6
2026-06-13 00:53:04.153 DEBUG [http-nio-8086-exec-2] c.c.c.service.ChatSessionService - Session 0fe739eca83141d9ac26d844ba8d226a found in cache
2026-06-13 00:53:04.153 DEBUG [http-nio-8086-exec-2] c.c.c.service.ChatSessionService - Extended session 0fe739eca83141d9ac26d844ba8d226a
2026-06-13 00:53:05.098 DEBUG [http-nio-8086-exec-5] c.c.c.service.ChatSessionService - Session 0fe739eca83141d9ac26d844ba8d226a found in cache
2026-06-13 00:53:05.107 DEBUG [http-nio-8086-exec-5] c.c.c.service.ChatSessionService - Extended session 0fe739eca83141d9ac26d844ba8d226a
2026-06-13 00:53:05.270 DEBUG [DiscoveryClient-CacheRefreshExecutor-0] c.netflix.discovery.DiscoveryClient - Got delta update with apps hashcode UP_6_
2026-06-13 00:53:05.270 DEBUG [DiscoveryClient-CacheRefreshExecutor-0] c.netflix.discovery.DiscoveryClient - The total number of instances fetched by the delta processor : 0
2026-06-13 00:53:05.272 DEBUG [DiscoveryClient-CacheRefreshExecutor-0] c.netflix.discovery.DiscoveryClient - The total number of all instances in the client now is 6
2026-06-13 00:53:05.272 DEBUG [DiscoveryClient-CacheRefreshExecutor-0] c.netflix.discovery.DiscoveryClient - Completed cache refresh task for discovery. All Apps hash code is Local region apps hashcode: UP_6_, is fetching remote regions? false 
2026-06-13 00:53:05.904 DEBUG [DiscoveryClient-HeartbeatExecutor-0] c.netflix.discovery.DiscoveryClient - DiscoveryClient_CHATBOT-MICROSERVICE/chatbot-microservice:f7ea7abaac0af316d677d10b7c409315 - Heartbeat status: 200
2026-06-13 00:53:07.102 DEBUG [http-nio-8086-exec-6] c.c.c.service.ChatSessionService - Session 105f38b13d9e495785061e29600283e6 found in cache
2026-06-13 00:53:07.110 DEBUG [http-nio-8086-exec-6] c.c.c.service.ChatSessionService - Extended session 105f38b13d9e495785061e29600283e6
2026-06-13 00:53:29.160 DEBUG [http-nio-8086-exec-1] c.c.c.service.ChatSessionService - Session 0fe739eca83141d9ac26d844ba8d226a found in cache
2026-06-13 00:53:29.164 DEBUG [http-nio-8086-exec-1] c.c.c.service.ChatSessionService - Extended session 0fe739eca83141d9ac26d844ba8d226a
2026-06-13 00:53:30.099 DEBUG [http-nio-8086-exec-10] c.c.c.service.ChatSessionService - Session 0fe739eca83141d9ac26d844ba8d226a found in cache
2026-06-13 00:53:30.101 DEBUG [http-nio-8086-exec-10] c.c.c.service.ChatSessionService - Extended session 0fe739eca83141d9ac26d844ba8d226a
2026-06-13 00:53:32.099 DEBUG [http-nio-8086-exec-7] c.c.c.service.ChatSessionService - Session 105f38b13d9e495785061e29600283e6 found in cache
2026-06-13 00:53:32.099 DEBUG [http-nio-8086-exec-7] c.c.c.service.ChatSessionService - Extended session 105f38b13d9e495785061e29600283e6
2026-06-13 00:53:35.298 DEBUG [DiscoveryClient-CacheRefreshExecutor-0] c.netflix.discovery.DiscoveryClient - Got delta update with apps hashcode UP_6_
2026-06-13 00:53:35.300 DEBUG [DiscoveryClient-CacheRefreshExecutor-0] c.netflix.discovery.DiscoveryClient - The total number of instances fetched by the delta processor : 0
2026-06-13 00:53:35.300 DEBUG [DiscoveryClient-CacheRefreshExecutor-0] c.netflix.discovery.DiscoveryClient - The total number of all instances in the client now is 6
2026-06-13 00:53:35.300 DEBUG [DiscoveryClient-CacheRefreshExecutor-0] c.netflix.discovery.DiscoveryClient - Completed cache refresh task for discovery. All Apps hash code is Local region apps hashcode: UP_6_, is fetching remote regions? false 
2026-06-13 00:53:35.915 DEBUG [DiscoveryClient-HeartbeatExecutor-0] c.netflix.discovery.DiscoveryClient - DiscoveryClient_CHATBOT-MICROSERVICE/chatbot-microservice:f7ea7abaac0af316d677d10b7c409315 - Heartbeat status: 200
2026-06-13 00:53:54.680 DEBUG [http-nio-8086-exec-9] c.c.c.service.ChatSessionService - Session 0fe739eca83141d9ac26d844ba8d226a found in cache
2026-06-13 00:53:54.682 DEBUG [http-nio-8086-exec-9] c.c.c.service.ChatSessionService - Extended session 0fe739eca83141d9ac26d844ba8d226a
2026-06-13 00:53:55.633 DEBUG [http-nio-8086-exec-8] c.c.c.service.ChatSessionService - Session 0fe739eca83141d9ac26d844ba8d226a found in cache
2026-06-13 00:53:55.636 DEBUG [http-nio-8086-exec-8] c.c.c.service.ChatSessionService - Extended session 0fe739eca83141d9ac26d844ba8d226a
2026-06-13 00:53:57.102 DEBUG [http-nio-8086-exec-2] c.c.c.service.ChatSessionService - Session 105f38b13d9e495785061e29600283e6 found in cache
2026-06-13 00:53:57.104 DEBUG [http-nio-8086-exec-2] c.c.c.service.ChatSessionService - Extended session 105f38b13d9e495785061e29600283e6
2026-06-13 00:54:05.915 DEBUG [DiscoveryClient-CacheRefreshExecutor-0] c.netflix.discovery.DiscoveryClient - Got delta update with apps hashcode UP_6_
2026-06-13 00:54:05.917 DEBUG [DiscoveryClient-CacheRefreshExecutor-0] c.netflix.discovery.DiscoveryClient - The total number of instances fetched by the delta processor : 0
2026-06-13 00:54:05.917 DEBUG [DiscoveryClient-CacheRefreshExecutor-0] c.netflix.discovery.DiscoveryClient - The total number of all instances in the client now is 6
2026-06-13 00:54:05.917 DEBUG [DiscoveryClient-CacheRefreshExecutor-0] c.netflix.discovery.DiscoveryClient - Completed cache refresh task for discovery. All Apps hash code is Local region apps hashcode: UP_6_, is fetching remote regions? false 
2026-06-13 00:54:08.065 DEBUG [DiscoveryClient-HeartbeatExecutor-0] c.netflix.discovery.DiscoveryClient - DiscoveryClient_CHATBOT-MICROSERVICE/chatbot-microservice:f7ea7abaac0af316d677d10b7c409315 - Heartbeat status: 200
2026-06-13 00:54:21.398 DEBUG [http-nio-8086-exec-6] c.c.c.service.ChatSessionService - Session 0fe739eca83141d9ac26d844ba8d226a found in cache
2026-06-13 00:54:21.400 DEBUG [http-nio-8086-exec-6] c.c.c.service.ChatSessionService - Extended session 0fe739eca83141d9ac26d844ba8d226a
2026-06-13 00:54:22.095 DEBUG [http-nio-8086-exec-3] c.c.c.service.ChatSessionService - Session 105f38b13d9e495785061e29600283e6 found in cache
2026-06-13 00:54:22.095 DEBUG [http-nio-8086-exec-3] c.c.c.service.ChatSessionService - Extended session 105f38b13d9e495785061e29600283e6
2026-06-13 00:54:23.167 DEBUG [http-nio-8086-exec-1] c.c.c.service.ChatSessionService - Session 0fe739eca83141d9ac26d844ba8d226a found in cache
2026-06-13 00:54:23.167 DEBUG [http-nio-8086-exec-1] c.c.c.service.ChatSessionService - Extended session 0fe739eca83141d9ac26d844ba8d226a
2026-06-13 00:54:35.938 DEBUG [DiscoveryClient-CacheRefreshExecutor-0] c.netflix.discovery.DiscoveryClient - Got delta update with apps hashcode UP_6_
2026-06-13 00:54:35.938 DEBUG [DiscoveryClient-CacheRefreshExecutor-0] c.netflix.discovery.DiscoveryClient - The total number of instances fetched by the delta processor : 0
2026-06-13 00:54:35.938 DEBUG [DiscoveryClient-CacheRefreshExecutor-0] c.netflix.discovery.DiscoveryClient - The total number of all instances in the client now is 6
2026-06-13 00:54:35.938 DEBUG [DiscoveryClient-CacheRefreshExecutor-0] c.netflix.discovery.DiscoveryClient - Completed cache refresh task for discovery. All Apps hash code is Local region apps hashcode: UP_6_, is fetching remote regions? false 
2026-06-13 00:54:38.099 DEBUG [DiscoveryClient-HeartbeatExecutor-0] c.netflix.discovery.DiscoveryClient - DiscoveryClient_CHATBOT-MICROSERVICE/chatbot-microservice:f7ea7abaac0af316d677d10b7c409315 - Heartbeat status: 200
2026-06-13 00:54:44.161 DEBUG [http-nio-8086-exec-7] c.c.c.service.ChatSessionService - Session 0fe739eca83141d9ac26d844ba8d226a found in cache
2026-06-13 00:54:44.161 DEBUG [http-nio-8086-exec-7] c.c.c.service.ChatSessionService - Extended session 0fe739eca83141d9ac26d844ba8d226a
2026-06-13 00:54:47.121 DEBUG [http-nio-8086-exec-4] c.c.c.service.ChatSessionService - Session 105f38b13d9e495785061e29600283e6 found in cache
2026-06-13 00:54:47.123 DEBUG [http-nio-8086-exec-4] c.c.c.service.ChatSessionService - Extended session 105f38b13d9e495785061e29600283e6
2026-06-13 00:55:06.281 DEBUG [DiscoveryClient-CacheRefreshExecutor-0] c.netflix.discovery.DiscoveryClient - Got delta update with apps hashcode UP_6_
2026-06-13 00:55:06.281 DEBUG [DiscoveryClient-CacheRefreshExecutor-0] c.netflix.discovery.DiscoveryClient - The total number of instances fetched by the delta processor : 0
2026-06-13 00:55:06.281 DEBUG [DiscoveryClient-CacheRefreshExecutor-0] c.netflix.discovery.DiscoveryClient - The total number of all instances in the client now is 6
2026-06-13 00:55:06.281 DEBUG [DiscoveryClient-CacheRefreshExecutor-0] c.netflix.discovery.DiscoveryClient - Completed cache refresh task for discovery. All Apps hash code is Local region apps hashcode: UP_6_, is fetching remote regions? false 
2026-06-13 00:55:08.214 DEBUG [DiscoveryClient-HeartbeatExecutor-0] c.netflix.discovery.DiscoveryClient - DiscoveryClient_CHATBOT-MICROSERVICE/chatbot-microservice:f7ea7abaac0af316d677d10b7c409315 - Heartbeat status: 200
2026-06-13 00:55:09.153 DEBUG [http-nio-8086-exec-8] c.c.c.service.ChatSessionService - Session 0fe739eca83141d9ac26d844ba8d226a found in cache
2026-06-13 00:55:09.153 DEBUG [http-nio-8086-exec-8] c.c.c.service.ChatSessionService - Extended session 0fe739eca83141d9ac26d844ba8d226a
2026-06-13 00:55:12.523 DEBUG [http-nio-8086-exec-2] c.c.c.service.ChatSessionService - Session 105f38b13d9e495785061e29600283e6 found in cache
2026-06-13 00:55:12.525 DEBUG [http-nio-8086-exec-2] c.c.c.service.ChatSessionService - Extended session 105f38b13d9e495785061e29600283e6
2026-06-13 00:55:28.026 DEBUG [http-nio-8086-exec-6] c.c.c.service.ChatSessionService - Session 0fe739eca83141d9ac26d844ba8d226a found in cache
2026-06-13 00:55:28.030 DEBUG [http-nio-8086-exec-6] c.c.c.service.ChatSessionService - Extended session 0fe739eca83141d9ac26d844ba8d226a
2026-06-13 00:55:34.728 DEBUG [http-nio-8086-exec-1] c.c.c.service.ChatSessionService - Session 0fe739eca83141d9ac26d844ba8d226a found in cache
2026-06-13 00:55:34.732 DEBUG [http-nio-8086-exec-1] c.c.c.service.ChatSessionService - Extended session 0fe739eca83141d9ac26d844ba8d226a
2026-06-13 00:55:36.635 DEBUG [DiscoveryClient-CacheRefreshExecutor-0] c.netflix.discovery.DiscoveryClient - Got delta update with apps hashcode UP_6_
2026-06-13 00:55:36.638 DEBUG [DiscoveryClient-CacheRefreshExecutor-0] c.netflix.discovery.DiscoveryClient - The total number of instances fetched by the delta processor : 0
2026-06-13 00:55:36.639 DEBUG [DiscoveryClient-CacheRefreshExecutor-0] c.netflix.discovery.DiscoveryClient - The total number of all instances in the client now is 6
2026-06-13 00:55:36.639 DEBUG [DiscoveryClient-CacheRefreshExecutor-0] c.netflix.discovery.DiscoveryClient - Completed cache refresh task for discovery. All Apps hash code is Local region apps hashcode: UP_6_, is fetching remote regions? false 
2026-06-13 00:55:38.383 DEBUG [DiscoveryClient-HeartbeatExecutor-0] c.netflix.discovery.DiscoveryClient - DiscoveryClient_CHATBOT-MICROSERVICE/chatbot-microservice:f7ea7abaac0af316d677d10b7c409315 - Heartbeat status: 200
2026-06-13 00:55:51.458 DEBUG [http-nio-8086-exec-7] c.c.c.service.ChatSessionService - Session 0fe739eca83141d9ac26d844ba8d226a found in cache
2026-06-13 00:55:51.636 DEBUG [http-nio-8086-exec-7] c.c.c.service.ChatSessionService - Updated context for session 0fe739eca83141d9ac26d844ba8d226a
2026-06-13 00:56:06.657 DEBUG [DiscoveryClient-CacheRefreshExecutor-0] c.netflix.discovery.DiscoveryClient - Got delta update with apps hashcode UP_6_
2026-06-13 00:56:06.657 DEBUG [DiscoveryClient-CacheRefreshExecutor-0] c.netflix.discovery.DiscoveryClient - The total number of instances fetched by the delta processor : 0
2026-06-13 00:56:06.657 DEBUG [DiscoveryClient-CacheRefreshExecutor-0] c.netflix.discovery.DiscoveryClient - The total number of all instances in the client now is 6
2026-06-13 00:56:06.659 DEBUG [DiscoveryClient-CacheRefreshExecutor-0] c.netflix.discovery.DiscoveryClient - Completed cache refresh task for discovery. All Apps hash code is Local region apps hashcode: UP_6_, is fetching remote regions? false 
2026-06-13 00:56:08.388 DEBUG [DiscoveryClient-HeartbeatExecutor-0] c.netflix.discovery.DiscoveryClient - DiscoveryClient_CHATBOT-MICROSERVICE/chatbot-microservice:f7ea7abaac0af316d677d10b7c409315 - Heartbeat status: 200
2026-06-13 00:56:13.072 DEBUG [http-nio-8086-exec-9] c.c.c.service.ChatSessionService - Session 0fe739eca83141d9ac26d844ba8d226a found in cache
2026-06-13 00:56:13.077 DEBUG [http-nio-8086-exec-9] c.c.c.service.ChatSessionService - Extended session 0fe739eca83141d9ac26d844ba8d226a
2026-06-13 00:56:16.461 INFO  [AsyncResolver-bootstrap-executor-0] c.n.d.s.r.aws.ConfigClusterResolver - Resolving eureka endpoints via configuration
2026-06-13 00:56:16.465 DEBUG [AsyncResolver-bootstrap-executor-0] c.n.discovery.endpoint.EndpointUtils - The availability zone for the given region us-east-1 are [defaultZone]
2026-06-13 00:56:16.471 DEBUG [AsyncResolver-bootstrap-executor-0] c.n.d.s.r.aws.ConfigClusterResolver - Config resolved to [AwsEndpoint{ serviceUrl='http://localhost:8761/eureka/', region='us-east-1', zone='defaultZone'}]
2026-06-13 00:56:16.474 DEBUG [AsyncResolver-bootstrap-executor-0] c.n.d.s.r.a.ZoneAffinityClusterResolver - Local zone=defaultZone; resolved to: [AwsEndpoint{ serviceUrl='http://localhost:8761/eureka/', region='us-east-1', zone='defaultZone'}]
2026-06-13 00:56:16.474 DEBUG [AsyncResolver-bootstrap-executor-0] c.n.d.shared.resolver.AsyncResolver - Resolved to [AwsEndpoint{ serviceUrl='http://localhost:8761/eureka/', region='us-east-1', zone='defaultZone'}]
2026-06-13 00:56:24.058 DEBUG [http-nio-8086-exec-2] c.c.c.service.ChatSessionService - Session 0fe739eca83141d9ac26d844ba8d226a found in cache
2026-06-13 00:56:24.060 DEBUG [http-nio-8086-exec-2] c.c.c.service.ChatSessionService - Extended session 0fe739eca83141d9ac26d844ba8d226a
2026-06-13 00:56:24.147 DEBUG [http-nio-8086-exec-5] c.c.c.service.ChatSessionService - Session 0fe739eca83141d9ac26d844ba8d226a found in cache
2026-06-13 00:56:24.155 DEBUG [http-nio-8086-exec-5] c.c.c.service.ChatSessionService - Extended session 0fe739eca83141d9ac26d844ba8d226a
2026-06-13 00:56:37.262 DEBUG [DiscoveryClient-CacheRefreshExecutor-0] c.netflix.discovery.DiscoveryClient - Got delta update with apps hashcode UP_6_
2026-06-13 00:56:37.262 DEBUG [DiscoveryClient-CacheRefreshExecutor-0] c.netflix.discovery.DiscoveryClient - The total number of instances fetched by the delta processor : 0
2026-06-13 00:56:37.485 DEBUG [DiscoveryClient-CacheRefreshExecutor-0] c.netflix.discovery.DiscoveryClient - The total number of all instances in the client now is 6
2026-06-13 00:56:39.041 DEBUG [DiscoveryClient-CacheRefreshExecutor-0] c.netflix.discovery.DiscoveryClient - Completed cache refresh task for discovery. All Apps hash code is Local region apps hashcode: UP_6_, is fetching remote regions? false 
2026-06-13 00:56:39.054 DEBUG [DiscoveryClient-HeartbeatExecutor-0] c.netflix.discovery.DiscoveryClient - DiscoveryClient_CHATBOT-MICROSERVICE/chatbot-microservice:f7ea7abaac0af316d677d10b7c409315 - Heartbeat status: 200
2026-06-13 00:56:49.159 DEBUG [http-nio-8086-exec-3] c.c.c.service.ChatSessionService - Session 0fe739eca83141d9ac26d844ba8d226a found in cache
2026-06-13 00:56:49.161 DEBUG [http-nio-8086-exec-3] c.c.c.service.ChatSessionService - Extended session 0fe739eca83141d9ac26d844ba8d226a
2026-06-13 00:57:09.879 DEBUG [DiscoveryClient-HeartbeatExecutor-0] c.netflix.discovery.DiscoveryClient - DiscoveryClient_CHATBOT-MICROSERVICE/chatbot-microservice:f7ea7abaac0af316d677d10b7c409315 - Heartbeat status: 200
2026-06-13 00:57:10.020 DEBUG [DiscoveryClient-CacheRefreshExecutor-0] c.netflix.discovery.DiscoveryClient - Got delta update with apps hashcode UP_6_
2026-06-13 00:57:10.020 DEBUG [DiscoveryClient-CacheRefreshExecutor-0] c.netflix.discovery.DiscoveryClient - The total number of instances fetched by the delta processor : 0
2026-06-13 00:57:10.020 DEBUG [DiscoveryClient-CacheRefreshExecutor-0] c.netflix.discovery.DiscoveryClient - The total number of all instances in the client now is 6
2026-06-13 00:57:10.020 DEBUG [DiscoveryClient-CacheRefreshExecutor-0] c.netflix.discovery.DiscoveryClient - Completed cache refresh task for discovery. All Apps hash code is Local region apps hashcode: UP_6_, is fetching remote regions? false 
2026-06-13 00:57:14.150 DEBUG [http-nio-8086-exec-10] c.c.c.service.ChatSessionService - Session 0fe739eca83141d9ac26d844ba8d226a found in cache
2026-06-13 00:57:14.152 DEBUG [http-nio-8086-exec-10] c.c.c.service.ChatSessionService - Extended session 0fe739eca83141d9ac26d844ba8d226a
2026-06-13 00:57:23.153 DEBUG [http-nio-8086-exec-4] c.c.c.service.ChatSessionService - Session 0fe739eca83141d9ac26d844ba8d226a found in cache
2026-06-13 00:57:23.153 DEBUG [http-nio-8086-exec-4] c.c.c.service.ChatSessionService - Extended session 0fe739eca83141d9ac26d844ba8d226a
2026-06-13 00:57:39.150 DEBUG [http-nio-8086-exec-8] c.c.c.service.ChatSessionService - Session 0fe739eca83141d9ac26d844ba8d226a found in cache
2026-06-13 00:57:39.150 DEBUG [http-nio-8086-exec-8] c.c.c.service.ChatSessionService - Extended session 0fe739eca83141d9ac26d844ba8d226a
2026-06-13 00:57:39.891 DEBUG [DiscoveryClient-HeartbeatExecutor-0] c.netflix.discovery.DiscoveryClient - DiscoveryClient_CHATBOT-MICROSERVICE/chatbot-microservice:f7ea7abaac0af316d677d10b7c409315 - Heartbeat status: 200
2026-06-13 00:57:40.029 DEBUG [DiscoveryClient-CacheRefreshExecutor-0] c.netflix.discovery.DiscoveryClient - Got delta update with apps hashcode UP_6_
2026-06-13 00:57:40.029 DEBUG [DiscoveryClient-CacheRefreshExecutor-0] c.netflix.discovery.DiscoveryClient - The total number of instances fetched by the delta processor : 0
2026-06-13 00:57:40.029 DEBUG [DiscoveryClient-CacheRefreshExecutor-0] c.netflix.discovery.DiscoveryClient - The total number of all instances in the client now is 6
2026-06-13 00:57:40.029 DEBUG [DiscoveryClient-CacheRefreshExecutor-0] c.netflix.discovery.DiscoveryClient - Completed cache refresh task for discovery. All Apps hash code is Local region apps hashcode: UP_6_, is fetching remote regions? false 
2026-06-13 00:58:04.148 DEBUG [http-nio-8086-exec-5] c.c.c.service.ChatSessionService - Session 0fe739eca83141d9ac26d844ba8d226a found in cache
2026-06-13 00:58:04.148 DEBUG [http-nio-8086-exec-5] c.c.c.service.ChatSessionService - Extended session 0fe739eca83141d9ac26d844ba8d226a
2026-06-13 00:58:09.916 DEBUG [DiscoveryClient-HeartbeatExecutor-0] c.netflix.discovery.DiscoveryClient - DiscoveryClient_CHATBOT-MICROSERVICE/chatbot-microservice:f7ea7abaac0af316d677d10b7c409315 - Heartbeat status: 200
2026-06-13 00:58:10.037 DEBUG [DiscoveryClient-CacheRefreshExecutor-0] c.netflix.discovery.DiscoveryClient - Got delta update with apps hashcode UP_6_
2026-06-13 00:58:10.037 DEBUG [DiscoveryClient-CacheRefreshExecutor-0] c.netflix.discovery.DiscoveryClient - The total number of instances fetched by the delta processor : 0
2026-06-13 00:58:10.037 DEBUG [DiscoveryClient-CacheRefreshExecutor-0] c.netflix.discovery.DiscoveryClient - The total number of all instances in the client now is 6
2026-06-13 00:58:10.037 DEBUG [DiscoveryClient-CacheRefreshExecutor-0] c.netflix.discovery.DiscoveryClient - Completed cache refresh task for discovery. All Apps hash code is Local region apps hashcode: UP_6_, is fetching remote regions? false 
2026-06-13 00:58:25.379 DEBUG [http-nio-8086-exec-3] c.c.c.service.ChatSessionService - Session 0fe739eca83141d9ac26d844ba8d226a found in cache
2026-06-13 00:58:25.381 DEBUG [http-nio-8086-exec-3] c.c.c.service.ChatSessionService - Extended session 0fe739eca83141d9ac26d844ba8d226a
2026-06-13 00:58:29.140 DEBUG [http-nio-8086-exec-1] c.c.c.service.ChatSessionService - Session 0fe739eca83141d9ac26d844ba8d226a found in cache
2026-06-13 00:58:29.144 DEBUG [http-nio-8086-exec-1] c.c.c.service.ChatSessionService - Extended session 0fe739eca83141d9ac26d844ba8d226a
2026-06-13 00:58:39.961 DEBUG [DiscoveryClient-HeartbeatExecutor-0] c.netflix.discovery.DiscoveryClient - DiscoveryClient_CHATBOT-MICROSERVICE/chatbot-microservice:f7ea7abaac0af316d677d10b7c409315 - Heartbeat status: 200
2026-06-13 00:58:40.048 DEBUG [DiscoveryClient-CacheRefreshExecutor-0] c.netflix.discovery.DiscoveryClient - Got delta update with apps hashcode UP_6_
2026-06-13 00:58:40.048 DEBUG [DiscoveryClient-CacheRefreshExecutor-0] c.netflix.discovery.DiscoveryClient - The total number of instances fetched by the delta processor : 0
2026-06-13 00:58:40.048 DEBUG [DiscoveryClient-CacheRefreshExecutor-0] c.netflix.discovery.DiscoveryClient - The total number of all instances in the client now is 6
2026-06-13 00:58:40.048 DEBUG [DiscoveryClient-CacheRefreshExecutor-0] c.netflix.discovery.DiscoveryClient - Completed cache refresh task for discovery. All Apps hash code is Local region apps hashcode: UP_6_, is fetching remote regions? false 
2026-06-13 00:58:54.897 DEBUG [http-nio-8086-exec-7] c.c.c.service.ChatSessionService - Session 0fe739eca83141d9ac26d844ba8d226a found in cache
2026-06-13 00:58:54.898 DEBUG [http-nio-8086-exec-7] c.c.c.service.ChatSessionService - Extended session 0fe739eca83141d9ac26d844ba8d226a
2026-06-13 00:59:09.984 DEBUG [DiscoveryClient-HeartbeatExecutor-0] c.netflix.discovery.DiscoveryClient - DiscoveryClient_CHATBOT-MICROSERVICE/chatbot-microservice:f7ea7abaac0af316d677d10b7c409315 - Heartbeat status: 200
2026-06-13 00:59:10.102 DEBUG [DiscoveryClient-CacheRefreshExecutor-0] c.netflix.discovery.DiscoveryClient - Got delta update with apps hashcode UP_6_
2026-06-13 00:59:10.102 DEBUG [DiscoveryClient-CacheRefreshExecutor-0] c.netflix.discovery.DiscoveryClient - The total number of instances fetched by the delta processor : 0
2026-06-13 00:59:10.106 DEBUG [DiscoveryClient-CacheRefreshExecutor-0] c.netflix.discovery.DiscoveryClient - The total number of all instances in the client now is 6
2026-06-13 00:59:10.106 DEBUG [DiscoveryClient-CacheRefreshExecutor-0] c.netflix.discovery.DiscoveryClient - Completed cache refresh task for discovery. All Apps hash code is Local region apps hashcode: UP_6_, is fetching remote regions? false 
2026-06-13 00:59:19.129 DEBUG [http-nio-8086-exec-9] c.c.c.service.ChatSessionService - Session 0fe739eca83141d9ac26d844ba8d226a found in cache
2026-06-13 00:59:19.129 DEBUG [http-nio-8086-exec-9] c.c.c.service.ChatSessionService - Extended session 0fe739eca83141d9ac26d844ba8d226a
2026-06-13 00:59:24.728 DEBUG [http-nio-8086-exec-2] c.c.c.service.ChatSessionService - Session 0fe739eca83141d9ac26d844ba8d226a found in cache
2026-06-13 00:59:24.732 DEBUG [http-nio-8086-exec-2] c.c.c.service.ChatSessionService - Extended session 0fe739eca83141d9ac26d844ba8d226a
2026-06-13 00:59:40.363 DEBUG [DiscoveryClient-HeartbeatExecutor-0] c.netflix.discovery.DiscoveryClient - DiscoveryClient_CHATBOT-MICROSERVICE/chatbot-microservice:f7ea7abaac0af316d677d10b7c409315 - Heartbeat status: 200
2026-06-13 00:59:40.659 DEBUG [DiscoveryClient-CacheRefreshExecutor-0] c.netflix.discovery.DiscoveryClient - Got delta update with apps hashcode UP_6_
2026-06-13 00:59:40.659 DEBUG [DiscoveryClient-CacheRefreshExecutor-0] c.netflix.discovery.DiscoveryClient - The total number of instances fetched by the delta processor : 0
2026-06-13 00:59:40.659 DEBUG [DiscoveryClient-CacheRefreshExecutor-0] c.netflix.discovery.DiscoveryClient - The total number of all instances in the client now is 6
2026-06-13 00:59:40.659 DEBUG [DiscoveryClient-CacheRefreshExecutor-0] c.netflix.discovery.DiscoveryClient - Completed cache refresh task for discovery. All Apps hash code is Local region apps hashcode: UP_6_, is fetching remote regions? false 
2026-06-13 00:59:44.192 DEBUG [http-nio-8086-exec-6] c.c.c.service.ChatSessionService - Session 0fe739eca83141d9ac26d844ba8d226a found in cache
2026-06-13 00:59:44.201 DEBUG [http-nio-8086-exec-6] c.c.c.service.ChatSessionService - Extended session 0fe739eca83141d9ac26d844ba8d226a
2026-06-13 01:00:09.222 DEBUG [http-nio-8086-exec-1] c.c.c.service.ChatSessionService - Session 0fe739eca83141d9ac26d844ba8d226a found in cache
2026-06-13 01:00:09.222 DEBUG [http-nio-8086-exec-1] c.c.c.service.ChatSessionService - Extended session 0fe739eca83141d9ac26d844ba8d226a
2026-06-13 01:00:10.396 DEBUG [DiscoveryClient-HeartbeatExecutor-0] c.netflix.discovery.DiscoveryClient - DiscoveryClient_CHATBOT-MICROSERVICE/chatbot-microservice:f7ea7abaac0af316d677d10b7c409315 - Heartbeat status: 200
2026-06-13 01:00:10.723 DEBUG [DiscoveryClient-CacheRefreshExecutor-0] c.netflix.discovery.DiscoveryClient - Got delta update with apps hashcode UP_6_
2026-06-13 01:00:10.723 DEBUG [DiscoveryClient-CacheRefreshExecutor-0] c.netflix.discovery.DiscoveryClient - The total number of instances fetched by the delta processor : 0
2026-06-13 01:00:10.724 DEBUG [DiscoveryClient-CacheRefreshExecutor-0] c.netflix.discovery.DiscoveryClient - The total number of all instances in the client now is 6
2026-06-13 01:00:10.724 DEBUG [DiscoveryClient-CacheRefreshExecutor-0] c.netflix.discovery.DiscoveryClient - Completed cache refresh task for discovery. All Apps hash code is Local region apps hashcode: UP_6_, is fetching remote regions? false 
2026-06-13 01:00:23.197 DEBUG [http-nio-8086-exec-7] c.c.c.service.ChatSessionService - Session 0fe739eca83141d9ac26d844ba8d226a found in cache
2026-06-13 01:00:23.197 DEBUG [http-nio-8086-exec-7] c.c.c.service.ChatSessionService - Extended session 0fe739eca83141d9ac26d844ba8d226a
2026-06-13 01:00:34.159 DEBUG [http-nio-8086-exec-9] c.c.c.service.ChatSessionService - Session 0fe739eca83141d9ac26d844ba8d226a found in cache
2026-06-13 01:00:34.161 DEBUG [http-nio-8086-exec-9] c.c.c.service.ChatSessionService - Extended session 0fe739eca83141d9ac26d844ba8d226a
2026-06-13 01:00:40.423 DEBUG [DiscoveryClient-HeartbeatExecutor-0] c.netflix.discovery.DiscoveryClient - DiscoveryClient_CHATBOT-MICROSERVICE/chatbot-microservice:f7ea7abaac0af316d677d10b7c409315 - Heartbeat status: 200
2026-06-13 01:00:40.739 DEBUG [DiscoveryClient-CacheRefreshExecutor-0] c.netflix.discovery.DiscoveryClient - Got delta update with apps hashcode UP_6_
2026-06-13 01:00:40.739 DEBUG [DiscoveryClient-CacheRefreshExecutor-0] c.netflix.discovery.DiscoveryClient - The total number of instances fetched by the delta processor : 0
2026-06-13 01:00:40.739 DEBUG [DiscoveryClient-CacheRefreshExecutor-0] c.netflix.discovery.DiscoveryClient - The total number of all instances in the client now is 6
2026-06-13 01:00:40.739 DEBUG [DiscoveryClient-CacheRefreshExecutor-0] c.netflix.discovery.DiscoveryClient - Completed cache refresh task for discovery. All Apps hash code is Local region apps hashcode: UP_6_, is fetching remote regions? false 
2026-06-13 01:00:59.175 DEBUG [http-nio-8086-exec-2] c.c.c.service.ChatSessionService - Session 0fe739eca83141d9ac26d844ba8d226a found in cache
2026-06-13 01:00:59.175 DEBUG [http-nio-8086-exec-2] c.c.c.service.ChatSessionService - Extended session 0fe739eca83141d9ac26d844ba8d226a
2026-06-13 01:01:10.471 DEBUG [DiscoveryClient-HeartbeatExecutor-0] c.netflix.discovery.DiscoveryClient - DiscoveryClient_CHATBOT-MICROSERVICE/chatbot-microservice:f7ea7abaac0af316d677d10b7c409315 - Heartbeat status: 200
2026-06-13 01:01:10.750 DEBUG [DiscoveryClient-CacheRefreshExecutor-0] c.netflix.discovery.DiscoveryClient - Got delta update with apps hashcode UP_6_
2026-06-13 01:01:10.752 DEBUG [DiscoveryClient-CacheRefreshExecutor-0] c.netflix.discovery.DiscoveryClient - The total number of instances fetched by the delta processor : 0
2026-06-13 01:01:10.752 DEBUG [DiscoveryClient-CacheRefreshExecutor-0] c.netflix.discovery.DiscoveryClient - The total number of all instances in the client now is 6
2026-06-13 01:01:10.752 DEBUG [DiscoveryClient-CacheRefreshExecutor-0] c.netflix.discovery.DiscoveryClient - Completed cache refresh task for discovery. All Apps hash code is Local region apps hashcode: UP_6_, is fetching remote regions? false 
2026-06-13 01:01:16.488 INFO  [AsyncResolver-bootstrap-executor-0] c.n.d.s.r.aws.ConfigClusterResolver - Resolving eureka endpoints via configuration
2026-06-13 01:01:16.489 DEBUG [AsyncResolver-bootstrap-executor-0] c.n.discovery.endpoint.EndpointUtils - The availability zone for the given region us-east-1 are [defaultZone]
2026-06-13 01:01:16.501 DEBUG [AsyncResolver-bootstrap-executor-0] c.n.d.s.r.aws.ConfigClusterResolver - Config resolved to [AwsEndpoint{ serviceUrl='http://localhost:8761/eureka/', region='us-east-1', zone='defaultZone'}]
2026-06-13 01:01:16.501 DEBUG [AsyncResolver-bootstrap-executor-0] c.n.d.s.r.a.ZoneAffinityClusterResolver - Local zone=defaultZone; resolved to: [AwsEndpoint{ serviceUrl='http://localhost:8761/eureka/', region='us-east-1', zone='defaultZone'}]
2026-06-13 01:01:16.501 DEBUG [AsyncResolver-bootstrap-executor-0] c.n.d.shared.resolver.AsyncResolver - Resolved to [AwsEndpoint{ serviceUrl='http://localhost:8761/eureka/', region='us-east-1', zone='defaultZone'}]
2026-06-13 01:01:24.455 DEBUG [http-nio-8086-exec-6] c.c.c.service.ChatSessionService - Session 0fe739eca83141d9ac26d844ba8d226a found in cache
2026-06-13 01:01:24.457 DEBUG [http-nio-8086-exec-6] c.c.c.service.ChatSessionService - Extended session 0fe739eca83141d9ac26d844ba8d226a
2026-06-13 01:01:26.177 DEBUG [http-nio-8086-exec-3] c.c.c.service.ChatSessionService - Session 0fe739eca83141d9ac26d844ba8d226a found in cache
2026-06-13 01:01:26.179 DEBUG [http-nio-8086-exec-3] c.c.c.service.ChatSessionService - Extended session 0fe739eca83141d9ac26d844ba8d226a
2026-06-13 01:01:41.632 DEBUG [DiscoveryClient-CacheRefreshExecutor-0] c.n.d.s.t.d.SessionedEurekaHttpClient - Ending a session and starting anew
2026-06-13 01:01:41.638 DEBUG [DiscoveryClient-HeartbeatExecutor-0] c.netflix.discovery.DiscoveryClient - DiscoveryClient_CHATBOT-MICROSERVICE/chatbot-microservice:f7ea7abaac0af316d677d10b7c409315 - Heartbeat status: 200
2026-06-13 01:01:43.667 DEBUG [DiscoveryClient-CacheRefreshExecutor-0] c.n.d.s.t.d.RedirectingEurekaHttpClient - Pinning to endpoint null
2026-06-13 01:01:43.669 DEBUG [DiscoveryClient-CacheRefreshExecutor-0] c.netflix.discovery.DiscoveryClient - Got delta update with apps hashcode UP_6_
2026-06-13 01:01:43.669 DEBUG [DiscoveryClient-CacheRefreshExecutor-0] c.netflix.discovery.DiscoveryClient - The total number of instances fetched by the delta processor : 0
2026-06-13 01:01:43.669 DEBUG [DiscoveryClient-CacheRefreshExecutor-0] c.netflix.discovery.DiscoveryClient - The total number of all instances in the client now is 6
2026-06-13 01:01:43.673 DEBUG [DiscoveryClient-CacheRefreshExecutor-0] c.netflix.discovery.DiscoveryClient - Completed cache refresh task for discovery. All Apps hash code is Local region apps hashcode: UP_6_, is fetching remote regions? false 
2026-06-13 01:01:49.160 DEBUG [http-nio-8086-exec-10] c.c.c.service.ChatSessionService - Session 0fe739eca83141d9ac26d844ba8d226a found in cache
2026-06-13 01:01:49.162 DEBUG [http-nio-8086-exec-10] c.c.c.service.ChatSessionService - Extended session 0fe739eca83141d9ac26d844ba8d226a
2026-06-13 01:02:11.692 DEBUG [DiscoveryClient-HeartbeatExecutor-0] c.netflix.discovery.DiscoveryClient - DiscoveryClient_CHATBOT-MICROSERVICE/chatbot-microservice:f7ea7abaac0af316d677d10b7c409315 - Heartbeat status: 200
2026-06-13 01:02:13.686 DEBUG [DiscoveryClient-CacheRefreshExecutor-0] c.netflix.discovery.DiscoveryClient - Got delta update with apps hashcode UP_6_
2026-06-13 01:02:13.686 DEBUG [DiscoveryClient-CacheRefreshExecutor-0] c.netflix.discovery.DiscoveryClient - The total number of instances fetched by the delta processor : 0
2026-06-13 01:02:13.686 DEBUG [DiscoveryClient-CacheRefreshExecutor-0] c.netflix.discovery.DiscoveryClient - The total number of all instances in the client now is 6
2026-06-13 01:02:13.686 DEBUG [DiscoveryClient-CacheRefreshExecutor-0] c.netflix.discovery.DiscoveryClient - Completed cache refresh task for discovery. All Apps hash code is Local region apps hashcode: UP_6_, is fetching remote regions? false 
2026-06-13 01:02:14.156 DEBUG [http-nio-8086-exec-4] c.c.c.service.ChatSessionService - Session 0fe739eca83141d9ac26d844ba8d226a found in cache
2026-06-13 01:02:14.157 DEBUG [http-nio-8086-exec-4] c.c.c.service.ChatSessionService - Extended session 0fe739eca83141d9ac26d844ba8d226a
2026-06-13 01:02:23.169 DEBUG [http-nio-8086-exec-8] c.c.c.service.ChatSessionService - Session 0fe739eca83141d9ac26d844ba8d226a found in cache
2026-06-13 01:02:23.169 DEBUG [http-nio-8086-exec-8] c.c.c.service.ChatSessionService - Extended session 0fe739eca83141d9ac26d844ba8d226a
2026-06-13 01:02:39.154 DEBUG [http-nio-8086-exec-5] c.c.c.service.ChatSessionService - Session 0fe739eca83141d9ac26d844ba8d226a found in cache
2026-06-13 01:02:39.156 DEBUG [http-nio-8086-exec-5] c.c.c.service.ChatSessionService - Extended session 0fe739eca83141d9ac26d844ba8d226a
2026-06-13 01:02:41.729 DEBUG [DiscoveryClient-HeartbeatExecutor-0] c.netflix.discovery.DiscoveryClient - DiscoveryClient_CHATBOT-MICROSERVICE/chatbot-microservice:f7ea7abaac0af316d677d10b7c409315 - Heartbeat status: 200
2026-06-13 01:02:43.698 DEBUG [DiscoveryClient-CacheRefreshExecutor-0] c.netflix.discovery.DiscoveryClient - Got delta update with apps hashcode UP_6_
2026-06-13 01:02:43.698 DEBUG [DiscoveryClient-CacheRefreshExecutor-0] c.netflix.discovery.DiscoveryClient - The total number of instances fetched by the delta processor : 0
2026-06-13 01:02:43.698 DEBUG [DiscoveryClient-CacheRefreshExecutor-0] c.netflix.discovery.DiscoveryClient - The total number of all instances in the client now is 6
2026-06-13 01:02:43.698 DEBUG [DiscoveryClient-CacheRefreshExecutor-0] c.netflix.discovery.DiscoveryClient - Completed cache refresh task for discovery. All Apps hash code is Local region apps hashcode: UP_6_, is fetching remote regions? false 
2026-06-13 01:03:04.204 DEBUG [http-nio-8086-exec-3] c.c.c.service.ChatSessionService - Session 0fe739eca83141d9ac26d844ba8d226a found in cache
2026-06-13 01:03:04.206 DEBUG [http-nio-8086-exec-3] c.c.c.service.ChatSessionService - Extended session 0fe739eca83141d9ac26d844ba8d226a
2026-06-13 01:03:11.751 DEBUG [DiscoveryClient-HeartbeatExecutor-0] c.netflix.discovery.DiscoveryClient - DiscoveryClient_CHATBOT-MICROSERVICE/chatbot-microservice:f7ea7abaac0af316d677d10b7c409315 - Heartbeat status: 200
2026-06-13 01:03:13.708 DEBUG [DiscoveryClient-CacheRefreshExecutor-0] c.netflix.discovery.DiscoveryClient - Got delta update with apps hashcode UP_6_
2026-06-13 01:03:13.708 DEBUG [DiscoveryClient-CacheRefreshExecutor-0] c.netflix.discovery.DiscoveryClient - The total number of instances fetched by the delta processor : 0
2026-06-13 01:03:13.708 DEBUG [DiscoveryClient-CacheRefreshExecutor-0] c.netflix.discovery.DiscoveryClient - The total number of all instances in the client now is 6
2026-06-13 01:03:13.708 DEBUG [DiscoveryClient-CacheRefreshExecutor-0] c.netflix.discovery.DiscoveryClient - Completed cache refresh task for discovery. All Apps hash code is Local region apps hashcode: UP_6_, is fetching remote regions? false 
2026-06-13 01:03:25.975 DEBUG [http-nio-8086-exec-10] c.c.c.service.ChatSessionService - Session 0fe739eca83141d9ac26d844ba8d226a found in cache
2026-06-13 01:03:25.975 DEBUG [http-nio-8086-exec-10] c.c.c.service.ChatSessionService - Extended session 0fe739eca83141d9ac26d844ba8d226a
2026-06-13 01:03:29.139 DEBUG [http-nio-8086-exec-7] c.c.c.service.ChatSessionService - Session 0fe739eca83141d9ac26d844ba8d226a found in cache
2026-06-13 01:03:29.146 DEBUG [http-nio-8086-exec-7] c.c.c.service.ChatSessionService - Extended session 0fe739eca83141d9ac26d844ba8d226a
2026-06-13 01:03:41.852 DEBUG [DiscoveryClient-HeartbeatExecutor-0] c.netflix.discovery.DiscoveryClient - DiscoveryClient_CHATBOT-MICROSERVICE/chatbot-microservice:f7ea7abaac0af316d677d10b7c409315 - Heartbeat status: 200
2026-06-13 01:03:43.717 DEBUG [DiscoveryClient-CacheRefreshExecutor-0] c.netflix.discovery.DiscoveryClient - Got delta update with apps hashcode UP_6_
2026-06-13 01:03:43.718 DEBUG [DiscoveryClient-CacheRefreshExecutor-0] c.netflix.discovery.DiscoveryClient - The total number of instances fetched by the delta processor : 0
2026-06-13 01:03:43.718 DEBUG [DiscoveryClient-CacheRefreshExecutor-0] c.netflix.discovery.DiscoveryClient - The total number of all instances in the client now is 6
2026-06-13 01:03:43.719 DEBUG [DiscoveryClient-CacheRefreshExecutor-0] c.netflix.discovery.DiscoveryClient - Completed cache refresh task for discovery. All Apps hash code is Local region apps hashcode: UP_6_, is fetching remote regions? false 
2026-06-13 01:03:54.270 DEBUG [http-nio-8086-exec-9] c.c.c.service.ChatSessionService - Session 0fe739eca83141d9ac26d844ba8d226a found in cache
2026-06-13 01:03:54.272 DEBUG [http-nio-8086-exec-9] c.c.c.service.ChatSessionService - Extended session 0fe739eca83141d9ac26d844ba8d226a
2026-06-13 01:04:11.910 DEBUG [DiscoveryClient-HeartbeatExecutor-0] c.netflix.discovery.DiscoveryClient - DiscoveryClient_CHATBOT-MICROSERVICE/chatbot-microservice:f7ea7abaac0af316d677d10b7c409315 - Heartbeat status: 200
2026-06-13 01:04:13.753 DEBUG [DiscoveryClient-CacheRefreshExecutor-0] c.netflix.discovery.DiscoveryClient - Got delta update with apps hashcode UP_6_
2026-06-13 01:04:13.755 DEBUG [DiscoveryClient-CacheRefreshExecutor-0] c.netflix.discovery.DiscoveryClient - The total number of instances fetched by the delta processor : 0
2026-06-13 01:04:13.755 DEBUG [DiscoveryClient-CacheRefreshExecutor-0] c.netflix.discovery.DiscoveryClient - The total number of all instances in the client now is 6
2026-06-13 01:04:13.755 DEBUG [DiscoveryClient-CacheRefreshExecutor-0] c.netflix.discovery.DiscoveryClient - Completed cache refresh task for discovery. All Apps hash code is Local region apps hashcode: UP_6_, is fetching remote regions? false 
2026-06-13 01:04:19.150 DEBUG [http-nio-8086-exec-2] c.c.c.service.ChatSessionService - Session 0fe739eca83141d9ac26d844ba8d226a found in cache
2026-06-13 01:04:19.150 DEBUG [http-nio-8086-exec-2] c.c.c.service.ChatSessionService - Extended session 0fe739eca83141d9ac26d844ba8d226a
2026-06-13 01:04:28.126 DEBUG [http-nio-8086-exec-6] c.c.c.service.ChatSessionService - Session 0fe739eca83141d9ac26d844ba8d226a found in cache
2026-06-13 01:04:28.126 DEBUG [http-nio-8086-exec-6] c.c.c.service.ChatSessionService - Extended session 0fe739eca83141d9ac26d844ba8d226a
2026-06-13 01:04:41.959 DEBUG [DiscoveryClient-HeartbeatExecutor-0] c.netflix.discovery.DiscoveryClient - DiscoveryClient_CHATBOT-MICROSERVICE/chatbot-microservice:f7ea7abaac0af316d677d10b7c409315 - Heartbeat status: 200
2026-06-13 01:04:43.772 DEBUG [DiscoveryClient-CacheRefreshExecutor-0] c.netflix.discovery.DiscoveryClient - Got delta update with apps hashcode UP_6_
2026-06-13 01:04:43.772 DEBUG [DiscoveryClient-CacheRefreshExecutor-0] c.netflix.discovery.DiscoveryClient - The total number of instances fetched by the delta processor : 0
2026-06-13 01:04:43.772 DEBUG [DiscoveryClient-CacheRefreshExecutor-0] c.netflix.discovery.DiscoveryClient - The total number of all instances in the client now is 6
2026-06-13 01:04:43.772 DEBUG [DiscoveryClient-CacheRefreshExecutor-0] c.netflix.discovery.DiscoveryClient - Completed cache refresh task for discovery. All Apps hash code is Local region apps hashcode: UP_6_, is fetching remote regions? false 
2026-06-13 01:04:44.175 DEBUG [http-nio-8086-exec-1] c.c.c.service.ChatSessionService - Session 0fe739eca83141d9ac26d844ba8d226a found in cache
2026-06-13 01:04:44.175 DEBUG [http-nio-8086-exec-1] c.c.c.service.ChatSessionService - Extended session 0fe739eca83141d9ac26d844ba8d226a
2026-06-13 01:05:09.147 DEBUG [http-nio-8086-exec-7] c.c.c.service.ChatSessionService - Session 0fe739eca83141d9ac26d844ba8d226a found in cache
2026-06-13 01:05:09.148 DEBUG [http-nio-8086-exec-7] c.c.c.service.ChatSessionService - Extended session 0fe739eca83141d9ac26d844ba8d226a
2026-06-13 01:05:11.994 DEBUG [DiscoveryClient-HeartbeatExecutor-0] c.netflix.discovery.DiscoveryClient - DiscoveryClient_CHATBOT-MICROSERVICE/chatbot-microservice:f7ea7abaac0af316d677d10b7c409315 - Heartbeat status: 200
2026-06-13 01:05:13.791 DEBUG [DiscoveryClient-CacheRefreshExecutor-0] c.netflix.discovery.DiscoveryClient - Got delta update with apps hashcode UP_6_
2026-06-13 01:05:13.791 DEBUG [DiscoveryClient-CacheRefreshExecutor-0] c.netflix.discovery.DiscoveryClient - The total number of instances fetched by the delta processor : 0
2026-06-13 01:05:13.791 DEBUG [DiscoveryClient-CacheRefreshExecutor-0] c.netflix.discovery.DiscoveryClient - The total number of all instances in the client now is 6
2026-06-13 01:05:13.791 DEBUG [DiscoveryClient-CacheRefreshExecutor-0] c.netflix.discovery.DiscoveryClient - Completed cache refresh task for discovery. All Apps hash code is Local region apps hashcode: UP_6_, is fetching remote regions? false 
2026-06-13 01:05:23.149 DEBUG [http-nio-8086-exec-9] c.c.c.service.ChatSessionService - Session 0fe739eca83141d9ac26d844ba8d226a found in cache
2026-06-13 01:05:23.149 DEBUG [http-nio-8086-exec-9] c.c.c.service.ChatSessionService - Extended session 0fe739eca83141d9ac26d844ba8d226a
2026-06-13 01:05:34.146 DEBUG [http-nio-8086-exec-2] c.c.c.service.ChatSessionService - Session 0fe739eca83141d9ac26d844ba8d226a found in cache
2026-06-13 01:05:34.146 DEBUG [http-nio-8086-exec-2] c.c.c.service.ChatSessionService - Extended session 0fe739eca83141d9ac26d844ba8d226a
2026-06-13 01:05:42.018 DEBUG [DiscoveryClient-HeartbeatExecutor-0] c.netflix.discovery.DiscoveryClient - DiscoveryClient_CHATBOT-MICROSERVICE/chatbot-microservice:f7ea7abaac0af316d677d10b7c409315 - Heartbeat status: 200
2026-06-13 01:05:43.804 DEBUG [DiscoveryClient-CacheRefreshExecutor-0] c.netflix.discovery.DiscoveryClient - Got delta update with apps hashcode UP_6_
2026-06-13 01:05:43.804 DEBUG [DiscoveryClient-CacheRefreshExecutor-0] c.netflix.discovery.DiscoveryClient - The total number of instances fetched by the delta processor : 0
2026-06-13 01:05:43.804 DEBUG [DiscoveryClient-CacheRefreshExecutor-0] c.netflix.discovery.DiscoveryClient - The total number of all instances in the client now is 6
2026-06-13 01:05:43.804 DEBUG [DiscoveryClient-CacheRefreshExecutor-0] c.netflix.discovery.DiscoveryClient - Completed cache refresh task for discovery. All Apps hash code is Local region apps hashcode: UP_6_, is fetching remote regions? false 
2026-06-13 01:05:59.159 DEBUG [http-nio-8086-exec-6] c.c.c.service.ChatSessionService - Session 0fe739eca83141d9ac26d844ba8d226a found in cache
2026-06-13 01:05:59.161 DEBUG [http-nio-8086-exec-6] c.c.c.service.ChatSessionService - Extended session 0fe739eca83141d9ac26d844ba8d226a
2026-06-13 01:06:12.056 DEBUG [DiscoveryClient-HeartbeatExecutor-0] c.netflix.discovery.DiscoveryClient - DiscoveryClient_CHATBOT-MICROSERVICE/chatbot-microservice:f7ea7abaac0af316d677d10b7c409315 - Heartbeat status: 200
2026-06-13 01:06:13.848 DEBUG [DiscoveryClient-CacheRefreshExecutor-0] c.netflix.discovery.DiscoveryClient - Got delta update with apps hashcode UP_6_
2026-06-13 01:06:13.848 DEBUG [DiscoveryClient-CacheRefreshExecutor-0] c.netflix.discovery.DiscoveryClient - The total number of instances fetched by the delta processor : 0
2026-06-13 01:06:13.848 DEBUG [DiscoveryClient-CacheRefreshExecutor-0] c.netflix.discovery.DiscoveryClient - The total number of all instances in the client now is 6
2026-06-13 01:06:13.848 DEBUG [DiscoveryClient-CacheRefreshExecutor-0] c.netflix.discovery.DiscoveryClient - Completed cache refresh task for discovery. All Apps hash code is Local region apps hashcode: UP_6_, is fetching remote regions? false 
2026-06-13 01:06:16.501 INFO  [AsyncResolver-bootstrap-executor-0] c.n.d.s.r.aws.ConfigClusterResolver - Resolving eureka endpoints via configuration
2026-06-13 01:06:16.501 DEBUG [AsyncResolver-bootstrap-executor-0] c.n.discovery.endpoint.EndpointUtils - The availability zone for the given region us-east-1 are [defaultZone]
2026-06-13 01:06:16.501 DEBUG [AsyncResolver-bootstrap-executor-0] c.n.d.s.r.aws.ConfigClusterResolver - Config resolved to [AwsEndpoint{ serviceUrl='http://localhost:8761/eureka/', region='us-east-1', zone='defaultZone'}]
2026-06-13 01:06:16.501 DEBUG [AsyncResolver-bootstrap-executor-0] c.n.d.s.r.a.ZoneAffinityClusterResolver - Local zone=defaultZone; resolved to: [AwsEndpoint{ serviceUrl='http://localhost:8761/eureka/', region='us-east-1', zone='defaultZone'}]
2026-06-13 01:06:16.502 DEBUG [AsyncResolver-bootstrap-executor-0] c.n.d.shared.resolver.AsyncResolver - Resolved to [AwsEndpoint{ serviceUrl='http://localhost:8761/eureka/', region='us-east-1', zone='defaultZone'}]
2026-06-13 01:06:24.852 DEBUG [http-nio-8086-exec-1] c.c.c.service.ChatSessionService - Session 0fe739eca83141d9ac26d844ba8d226a found in cache
2026-06-13 01:06:24.856 DEBUG [http-nio-8086-exec-1] c.c.c.service.ChatSessionService - Extended session 0fe739eca83141d9ac26d844ba8d226a
2026-06-13 01:06:26.212 DEBUG [http-nio-8086-exec-10] c.c.c.service.ChatSessionService - Session 0fe739eca83141d9ac26d844ba8d226a found in cache
2026-06-13 01:06:26.214 DEBUG [http-nio-8086-exec-10] c.c.c.service.ChatSessionService - Extended session 0fe739eca83141d9ac26d844ba8d226a
2026-06-13 01:06:36.054 DEBUG [http-nio-8086-exec-4] c.c.c.service.ChatSessionService - Session 105f38b13d9e495785061e29600283e6 found in cache
2026-06-13 01:06:36.054 DEBUG [http-nio-8086-exec-4] c.c.c.service.ChatSessionService - Extended session 105f38b13d9e495785061e29600283e6
2026-06-13 01:06:42.059 DEBUG [DiscoveryClient-HeartbeatExecutor-0] c.n.d.s.t.d.SessionedEurekaHttpClient - Ending a session and starting anew
2026-06-13 01:06:42.103 DEBUG [DiscoveryClient-HeartbeatExecutor-0] c.n.d.s.t.d.RedirectingEurekaHttpClient - Pinning to endpoint null
2026-06-13 01:06:42.103 DEBUG [DiscoveryClient-HeartbeatExecutor-0] c.netflix.discovery.DiscoveryClient - DiscoveryClient_CHATBOT-MICROSERVICE/chatbot-microservice:f7ea7abaac0af316d677d10b7c409315 - Heartbeat status: 200
2026-06-13 01:06:42.116 DEBUG [http-nio-8086-exec-8] c.c.c.service.ChatSessionService - Session 105f38b13d9e495785061e29600283e6 found in cache
2026-06-13 01:06:42.239 DEBUG [http-nio-8086-exec-2] c.c.c.service.ChatSessionService - Session 105f38b13d9e495785061e29600283e6 found in cache
2026-06-13 01:06:43.850 DEBUG [DiscoveryClient-CacheRefreshExecutor-0] c.netflix.discovery.DiscoveryClient - Got delta update with apps hashcode UP_6_
2026-06-13 01:06:43.850 DEBUG [DiscoveryClient-CacheRefreshExecutor-0] c.netflix.discovery.DiscoveryClient - The total number of instances fetched by the delta processor : 0
2026-06-13 01:06:43.850 DEBUG [DiscoveryClient-CacheRefreshExecutor-0] c.netflix.discovery.DiscoveryClient - The total number of all instances in the client now is 6
2026-06-13 01:06:43.850 DEBUG [DiscoveryClient-CacheRefreshExecutor-0] c.netflix.discovery.DiscoveryClient - Completed cache refresh task for discovery. All Apps hash code is Local region apps hashcode: UP_6_, is fetching remote regions? false 
2026-06-13 01:06:50.083 DEBUG [http-nio-8086-exec-6] c.c.c.service.ChatSessionService - Session 0fe739eca83141d9ac26d844ba8d226a found in cache
2026-06-13 01:06:50.088 DEBUG [http-nio-8086-exec-6] c.c.c.service.ChatSessionService - Extended session 0fe739eca83141d9ac26d844ba8d226a
2026-06-13 01:07:07.745 DEBUG [http-nio-8086-exec-1] c.c.c.service.ChatSessionService - Session 105f38b13d9e495785061e29600283e6 found in cache
2026-06-13 01:07:07.745 DEBUG [http-nio-8086-exec-1] c.c.c.service.ChatSessionService - Extended session 105f38b13d9e495785061e29600283e6
2026-06-13 01:07:12.137 DEBUG [DiscoveryClient-HeartbeatExecutor-0] c.netflix.discovery.DiscoveryClient - DiscoveryClient_CHATBOT-MICROSERVICE/chatbot-microservice:f7ea7abaac0af316d677d10b7c409315 - Heartbeat status: 200
2026-06-13 01:07:13.864 DEBUG [DiscoveryClient-CacheRefreshExecutor-0] c.netflix.discovery.DiscoveryClient - Got delta update with apps hashcode UP_6_
2026-06-13 01:07:13.864 DEBUG [DiscoveryClient-CacheRefreshExecutor-0] c.netflix.discovery.DiscoveryClient - The total number of instances fetched by the delta processor : 0
2026-06-13 01:07:13.864 DEBUG [DiscoveryClient-CacheRefreshExecutor-0] c.netflix.discovery.DiscoveryClient - The total number of all instances in the client now is 6
2026-06-13 01:07:13.864 DEBUG [DiscoveryClient-CacheRefreshExecutor-0] c.netflix.discovery.DiscoveryClient - Completed cache refresh task for discovery. All Apps hash code is Local region apps hashcode: UP_6_, is fetching remote regions? false 
2026-06-13 01:07:15.089 DEBUG [http-nio-8086-exec-7] c.c.c.service.ChatSessionService - Session 0fe739eca83141d9ac26d844ba8d226a found in cache
2026-06-13 01:07:15.089 DEBUG [http-nio-8086-exec-7] c.c.c.service.ChatSessionService - Extended session 0fe739eca83141d9ac26d844ba8d226a
2026-06-13 01:07:23.163 DEBUG [http-nio-8086-exec-9] c.c.c.service.ChatSessionService - Session 0fe739eca83141d9ac26d844ba8d226a found in cache
2026-06-13 01:07:23.163 DEBUG [http-nio-8086-exec-9] c.c.c.service.ChatSessionService - Extended session 0fe739eca83141d9ac26d844ba8d226a
2026-06-13 01:07:32.221 DEBUG [http-nio-8086-exec-2] c.c.c.service.ChatSessionService - Session 105f38b13d9e495785061e29600283e6 found in cache
2026-06-13 01:07:32.226 DEBUG [http-nio-8086-exec-2] c.c.c.service.ChatSessionService - Extended session 105f38b13d9e495785061e29600283e6
2026-06-13 01:07:42.154 DEBUG [DiscoveryClient-HeartbeatExecutor-0] c.netflix.discovery.DiscoveryClient - DiscoveryClient_CHATBOT-MICROSERVICE/chatbot-microservice:f7ea7abaac0af316d677d10b7c409315 - Heartbeat status: 200
2026-06-13 01:07:43.878 DEBUG [DiscoveryClient-CacheRefreshExecutor-0] c.netflix.discovery.DiscoveryClient - Got delta update with apps hashcode UP_6_
2026-06-13 01:07:43.879 DEBUG [DiscoveryClient-CacheRefreshExecutor-0] c.netflix.discovery.DiscoveryClient - The total number of instances fetched by the delta processor : 0
2026-06-13 01:07:43.879 DEBUG [DiscoveryClient-CacheRefreshExecutor-0] c.netflix.discovery.DiscoveryClient - The total number of all instances in the client now is 6
2026-06-13 01:07:43.879 DEBUG [DiscoveryClient-CacheRefreshExecutor-0] c.netflix.discovery.DiscoveryClient - Completed cache refresh task for discovery. All Apps hash code is Local region apps hashcode: UP_6_, is fetching remote regions? false 
2026-06-13 01:07:58.084 DEBUG [http-nio-8086-exec-6] c.c.c.service.ChatSessionService - Session 105f38b13d9e495785061e29600283e6 found in cache
2026-06-13 01:07:58.085 DEBUG [http-nio-8086-exec-6] c.c.c.service.ChatSessionService - Extended session 105f38b13d9e495785061e29600283e6
2026-06-13 01:08:12.186 DEBUG [DiscoveryClient-HeartbeatExecutor-0] c.netflix.discovery.DiscoveryClient - DiscoveryClient_CHATBOT-MICROSERVICE/chatbot-microservice:f7ea7abaac0af316d677d10b7c409315 - Heartbeat status: 200
2026-06-13 01:08:13.884 DEBUG [DiscoveryClient-CacheRefreshExecutor-0] c.netflix.discovery.DiscoveryClient - Got delta update with apps hashcode UP_6_
2026-06-13 01:08:13.884 DEBUG [DiscoveryClient-CacheRefreshExecutor-0] c.netflix.discovery.DiscoveryClient - The total number of instances fetched by the delta processor : 0
2026-06-13 01:08:13.884 DEBUG [DiscoveryClient-CacheRefreshExecutor-0] c.netflix.discovery.DiscoveryClient - The total number of all instances in the client now is 6
2026-06-13 01:08:13.884 DEBUG [DiscoveryClient-CacheRefreshExecutor-0] c.netflix.discovery.DiscoveryClient - Completed cache refresh task for discovery. All Apps hash code is Local region apps hashcode: UP_6_, is fetching remote regions? false 
2026-06-13 01:08:23.827 DEBUG [http-nio-8086-exec-1] c.c.c.service.ChatSessionService - Session 105f38b13d9e495785061e29600283e6 found in cache
2026-06-13 01:08:23.828 DEBUG [http-nio-8086-exec-1] c.c.c.service.ChatSessionService - Extended session 105f38b13d9e495785061e29600283e6
2026-06-13 01:08:23.849 DEBUG [http-nio-8086-exec-10] c.c.c.service.ChatSessionService - Session 0fe739eca83141d9ac26d844ba8d226a found in cache
2026-06-13 01:08:23.850 DEBUG [http-nio-8086-exec-10] c.c.c.service.ChatSessionService - Extended session 0fe739eca83141d9ac26d844ba8d226a
2026-06-13 01:08:24.096 DEBUG [http-nio-8086-exec-7] c.c.c.service.ChatSessionService - Session 0fe739eca83141d9ac26d844ba8d226a found in cache
2026-06-13 01:08:24.096 DEBUG [http-nio-8086-exec-7] c.c.c.service.ChatSessionService - Extended session 0fe739eca83141d9ac26d844ba8d226a
2026-06-13 01:08:30.106 DEBUG [http-nio-8086-exec-9] c.c.c.service.ChatSessionService - Session 0fe739eca83141d9ac26d844ba8d226a found in cache
2026-06-13 01:08:30.106 DEBUG [http-nio-8086-exec-9] c.c.c.service.ChatSessionService - Extended session 0fe739eca83141d9ac26d844ba8d226a
2026-06-13 01:08:42.212 DEBUG [DiscoveryClient-HeartbeatExecutor-0] c.netflix.discovery.DiscoveryClient - DiscoveryClient_CHATBOT-MICROSERVICE/chatbot-microservice:f7ea7abaac0af316d677d10b7c409315 - Heartbeat status: 200
2026-06-13 01:08:43.900 DEBUG [DiscoveryClient-CacheRefreshExecutor-0] c.netflix.discovery.DiscoveryClient - Got delta update with apps hashcode UP_6_
2026-06-13 01:08:43.900 DEBUG [DiscoveryClient-CacheRefreshExecutor-0] c.netflix.discovery.DiscoveryClient - The total number of instances fetched by the delta processor : 0
2026-06-13 01:08:43.900 DEBUG [DiscoveryClient-CacheRefreshExecutor-0] c.netflix.discovery.DiscoveryClient - The total number of all instances in the client now is 6
2026-06-13 01:08:43.900 DEBUG [DiscoveryClient-CacheRefreshExecutor-0] c.netflix.discovery.DiscoveryClient - Completed cache refresh task for discovery. All Apps hash code is Local region apps hashcode: UP_6_, is fetching remote regions? false 
2026-06-13 01:08:48.096 DEBUG [http-nio-8086-exec-2] c.c.c.service.ChatSessionService - Session 105f38b13d9e495785061e29600283e6 found in cache
2026-06-13 01:08:48.097 DEBUG [http-nio-8086-exec-2] c.c.c.service.ChatSessionService - Extended session 105f38b13d9e495785061e29600283e6
2026-06-13 01:08:55.082 DEBUG [http-nio-8086-exec-6] c.c.c.service.ChatSessionService - Session 0fe739eca83141d9ac26d844ba8d226a found in cache
2026-06-13 01:08:55.083 DEBUG [http-nio-8086-exec-6] c.c.c.service.ChatSessionService - Extended session 0fe739eca83141d9ac26d844ba8d226a
2026-06-13 01:09:12.248 DEBUG [DiscoveryClient-HeartbeatExecutor-0] c.netflix.discovery.DiscoveryClient - DiscoveryClient_CHATBOT-MICROSERVICE/chatbot-microservice:f7ea7abaac0af316d677d10b7c409315 - Heartbeat status: 200
2026-06-13 01:09:13.075 DEBUG [http-nio-8086-exec-1] c.c.c.service.ChatSessionService - Session 105f38b13d9e495785061e29600283e6 found in cache
2026-06-13 01:09:13.075 DEBUG [http-nio-8086-exec-1] c.c.c.service.ChatSessionService - Extended session 105f38b13d9e495785061e29600283e6
2026-06-13 01:09:13.910 DEBUG [DiscoveryClient-CacheRefreshExecutor-0] c.netflix.discovery.DiscoveryClient - Got delta update with apps hashcode UP_6_
2026-06-13 01:09:13.910 DEBUG [DiscoveryClient-CacheRefreshExecutor-0] c.netflix.discovery.DiscoveryClient - The total number of instances fetched by the delta processor : 0
2026-06-13 01:09:13.910 DEBUG [DiscoveryClient-CacheRefreshExecutor-0] c.netflix.discovery.DiscoveryClient - The total number of all instances in the client now is 6
2026-06-13 01:09:13.910 DEBUG [DiscoveryClient-CacheRefreshExecutor-0] c.netflix.discovery.DiscoveryClient - Completed cache refresh task for discovery. All Apps hash code is Local region apps hashcode: UP_6_, is fetching remote regions? false 
2026-06-13 01:09:20.078 DEBUG [http-nio-8086-exec-7] c.c.c.service.ChatSessionService - Session 0fe739eca83141d9ac26d844ba8d226a found in cache
2026-06-13 01:09:20.078 DEBUG [http-nio-8086-exec-7] c.c.c.service.ChatSessionService - Extended session 0fe739eca83141d9ac26d844ba8d226a
2026-06-13 01:09:25.249 DEBUG [http-nio-8086-exec-4] c.c.c.service.ChatSessionService - Session 0fe739eca83141d9ac26d844ba8d226a found in cache
2026-06-13 01:09:25.250 DEBUG [http-nio-8086-exec-4] c.c.c.service.ChatSessionService - Extended session 0fe739eca83141d9ac26d844ba8d226a
2026-06-13 01:09:39.176 DEBUG [http-nio-8086-exec-8] c.c.c.service.ChatSessionService - Session 105f38b13d9e495785061e29600283e6 found in cache
2026-06-13 01:09:39.176 DEBUG [http-nio-8086-exec-8] c.c.c.service.ChatSessionService - Extended session 105f38b13d9e495785061e29600283e6
2026-06-13 01:09:42.265 DEBUG [DiscoveryClient-HeartbeatExecutor-0] c.netflix.discovery.DiscoveryClient - DiscoveryClient_CHATBOT-MICROSERVICE/chatbot-microservice:f7ea7abaac0af316d677d10b7c409315 - Heartbeat status: 200
2026-06-13 01:09:43.926 DEBUG [DiscoveryClient-CacheRefreshExecutor-0] c.netflix.discovery.DiscoveryClient - Got delta update with apps hashcode UP_6_
2026-06-13 01:09:43.926 DEBUG [DiscoveryClient-CacheRefreshExecutor-0] c.netflix.discovery.DiscoveryClient - The total number of instances fetched by the delta processor : 0
2026-06-13 01:09:43.926 DEBUG [DiscoveryClient-CacheRefreshExecutor-0] c.netflix.discovery.DiscoveryClient - The total number of all instances in the client now is 6
2026-06-13 01:09:43.926 DEBUG [DiscoveryClient-CacheRefreshExecutor-0] c.netflix.discovery.DiscoveryClient - Completed cache refresh task for discovery. All Apps hash code is Local region apps hashcode: UP_6_, is fetching remote regions? false 
2026-06-13 01:10:12.273 DEBUG [DiscoveryClient-HeartbeatExecutor-0] c.netflix.discovery.DiscoveryClient - DiscoveryClient_CHATBOT-MICROSERVICE/chatbot-microservice:f7ea7abaac0af316d677d10b7c409315 - Heartbeat status: 200
2026-06-13 01:10:13.944 DEBUG [DiscoveryClient-CacheRefreshExecutor-0] c.netflix.discovery.DiscoveryClient - Got delta update with apps hashcode UP_6_
2026-06-13 01:10:13.945 DEBUG [DiscoveryClient-CacheRefreshExecutor-0] c.netflix.discovery.DiscoveryClient - The total number of instances fetched by the delta processor : 0
2026-06-13 01:10:13.945 DEBUG [DiscoveryClient-CacheRefreshExecutor-0] c.netflix.discovery.DiscoveryClient - The total number of all instances in the client now is 6
2026-06-13 01:10:13.945 DEBUG [DiscoveryClient-CacheRefreshExecutor-0] c.netflix.discovery.DiscoveryClient - Completed cache refresh task for discovery. All Apps hash code is Local region apps hashcode: UP_6_, is fetching remote regions? false 
2026-06-13 01:10:23.084 DEBUG [http-nio-8086-exec-5] c.c.c.service.ChatSessionService - Session 105f38b13d9e495785061e29600283e6 found in cache
2026-06-13 01:10:23.090 DEBUG [http-nio-8086-exec-5] c.c.c.service.ChatSessionService - Extended session 105f38b13d9e495785061e29600283e6
2026-06-13 01:10:23.098 DEBUG [http-nio-8086-exec-6] c.c.c.service.ChatSessionService - Session 0fe739eca83141d9ac26d844ba8d226a found in cache
2026-06-13 01:10:23.099 DEBUG [http-nio-8086-exec-6] c.c.c.service.ChatSessionService - Extended session 0fe739eca83141d9ac26d844ba8d226a
2026-06-13 01:10:23.164 DEBUG [http-nio-8086-exec-3] c.c.c.service.ChatSessionService - Session 0fe739eca83141d9ac26d844ba8d226a found in cache
2026-06-13 01:10:23.165 DEBUG [http-nio-8086-exec-3] c.c.c.service.ChatSessionService - Extended session 0fe739eca83141d9ac26d844ba8d226a
2026-06-13 01:10:42.304 DEBUG [DiscoveryClient-HeartbeatExecutor-0] c.netflix.discovery.DiscoveryClient - DiscoveryClient_CHATBOT-MICROSERVICE/chatbot-microservice:f7ea7abaac0af316d677d10b7c409315 - Heartbeat status: 200
2026-06-13 01:10:43.958 DEBUG [DiscoveryClient-CacheRefreshExecutor-0] c.netflix.discovery.DiscoveryClient - Got delta update with apps hashcode UP_6_
2026-06-13 01:10:43.958 DEBUG [DiscoveryClient-CacheRefreshExecutor-0] c.netflix.discovery.DiscoveryClient - The total number of instances fetched by the delta processor : 0
2026-06-13 01:10:43.958 DEBUG [DiscoveryClient-CacheRefreshExecutor-0] c.netflix.discovery.DiscoveryClient - The total number of all instances in the client now is 6
2026-06-13 01:10:43.959 DEBUG [DiscoveryClient-CacheRefreshExecutor-0] c.netflix.discovery.DiscoveryClient - Completed cache refresh task for discovery. All Apps hash code is Local region apps hashcode: UP_6_, is fetching remote regions? false 
2026-06-13 01:11:12.343 DEBUG [DiscoveryClient-HeartbeatExecutor-0] c.netflix.discovery.DiscoveryClient - DiscoveryClient_CHATBOT-MICROSERVICE/chatbot-microservice:f7ea7abaac0af316d677d10b7c409315 - Heartbeat status: 200
2026-06-13 01:11:13.973 DEBUG [DiscoveryClient-CacheRefreshExecutor-0] c.netflix.discovery.DiscoveryClient - Got delta update with apps hashcode UP_6_
2026-06-13 01:11:13.973 DEBUG [DiscoveryClient-CacheRefreshExecutor-0] c.netflix.discovery.DiscoveryClient - The total number of instances fetched by the delta processor : 0
2026-06-13 01:11:13.973 DEBUG [DiscoveryClient-CacheRefreshExecutor-0] c.netflix.discovery.DiscoveryClient - The total number of all instances in the client now is 6
2026-06-13 01:11:13.973 DEBUG [DiscoveryClient-CacheRefreshExecutor-0] c.netflix.discovery.DiscoveryClient - Completed cache refresh task for discovery. All Apps hash code is Local region apps hashcode: UP_6_, is fetching remote regions? false 
2026-06-13 01:11:16.545 INFO  [AsyncResolver-bootstrap-executor-0] c.n.d.s.r.aws.ConfigClusterResolver - Resolving eureka endpoints via configuration
2026-06-13 01:11:16.550 DEBUG [AsyncResolver-bootstrap-executor-0] c.n.discovery.endpoint.EndpointUtils - The availability zone for the given region us-east-1 are [defaultZone]
2026-06-13 01:11:16.558 DEBUG [AsyncResolver-bootstrap-executor-0] c.n.d.s.r.aws.ConfigClusterResolver - Config resolved to [AwsEndpoint{ serviceUrl='http://localhost:8761/eureka/', region='us-east-1', zone='defaultZone'}]
2026-06-13 01:11:16.560 DEBUG [AsyncResolver-bootstrap-executor-0] c.n.d.s.r.a.ZoneAffinityClusterResolver - Local zone=defaultZone; resolved to: [AwsEndpoint{ serviceUrl='http://localhost:8761/eureka/', region='us-east-1', zone='defaultZone'}]
2026-06-13 01:11:16.560 DEBUG [AsyncResolver-bootstrap-executor-0] c.n.d.shared.resolver.AsyncResolver - Resolved to [AwsEndpoint{ serviceUrl='http://localhost:8761/eureka/', region='us-east-1', zone='defaultZone'}]
2026-06-13 01:11:23.091 DEBUG [http-nio-8086-exec-7] c.c.c.service.ChatSessionService - Session 105f38b13d9e495785061e29600283e6 found in cache
2026-06-13 01:11:23.095 DEBUG [http-nio-8086-exec-7] c.c.c.service.ChatSessionService - Extended session 105f38b13d9e495785061e29600283e6
2026-06-13 01:11:23.111 DEBUG [http-nio-8086-exec-4] c.c.c.service.ChatSessionService - Session 0fe739eca83141d9ac26d844ba8d226a found in cache
2026-06-13 01:11:23.112 DEBUG [http-nio-8086-exec-4] c.c.c.service.ChatSessionService - Extended session 0fe739eca83141d9ac26d844ba8d226a
2026-06-13 01:11:23.243 DEBUG [http-nio-8086-exec-9] c.c.c.service.ChatSessionService - Session 0fe739eca83141d9ac26d844ba8d226a found in cache
2026-06-13 01:11:23.244 DEBUG [http-nio-8086-exec-9] c.c.c.service.ChatSessionService - Extended session 0fe739eca83141d9ac26d844ba8d226a
2026-06-13 01:11:42.370 DEBUG [DiscoveryClient-HeartbeatExecutor-0] c.netflix.discovery.DiscoveryClient - DiscoveryClient_CHATBOT-MICROSERVICE/chatbot-microservice:f7ea7abaac0af316d677d10b7c409315 - Heartbeat status: 200
2026-06-13 01:11:43.989 DEBUG [DiscoveryClient-CacheRefreshExecutor-0] c.netflix.discovery.DiscoveryClient - Got delta update with apps hashcode UP_6_
2026-06-13 01:11:43.989 DEBUG [DiscoveryClient-CacheRefreshExecutor-0] c.netflix.discovery.DiscoveryClient - The total number of instances fetched by the delta processor : 0
2026-06-13 01:11:43.989 DEBUG [DiscoveryClient-CacheRefreshExecutor-0] c.netflix.discovery.DiscoveryClient - The total number of all instances in the client now is 6
2026-06-13 01:11:43.989 DEBUG [DiscoveryClient-CacheRefreshExecutor-0] c.netflix.discovery.DiscoveryClient - Completed cache refresh task for discovery. All Apps hash code is Local region apps hashcode: UP_6_, is fetching remote regions? false 
2026-06-13 01:12:12.383 DEBUG [DiscoveryClient-HeartbeatExecutor-0] c.netflix.discovery.DiscoveryClient - DiscoveryClient_CHATBOT-MICROSERVICE/chatbot-microservice:f7ea7abaac0af316d677d10b7c409315 - Heartbeat status: 200
2026-06-13 01:12:13.998 DEBUG [DiscoveryClient-CacheRefreshExecutor-0] c.netflix.discovery.DiscoveryClient - Got delta update with apps hashcode UP_6_
2026-06-13 01:12:13.998 DEBUG [DiscoveryClient-CacheRefreshExecutor-0] c.netflix.discovery.DiscoveryClient - The total number of instances fetched by the delta processor : 0
2026-06-13 01:12:13.998 DEBUG [DiscoveryClient-CacheRefreshExecutor-0] c.netflix.discovery.DiscoveryClient - The total number of all instances in the client now is 6
2026-06-13 01:12:13.998 DEBUG [DiscoveryClient-CacheRefreshExecutor-0] c.netflix.discovery.DiscoveryClient - Completed cache refresh task for discovery. All Apps hash code is Local region apps hashcode: UP_6_, is fetching remote regions? false 
2026-06-13 01:12:25.277 DEBUG [http-nio-8086-exec-2] c.c.c.service.ChatSessionService - Session 105f38b13d9e495785061e29600283e6 found in cache
2026-06-13 01:12:25.277 DEBUG [http-nio-8086-exec-2] c.c.c.service.ChatSessionService - Extended session 105f38b13d9e495785061e29600283e6
2026-06-13 01:12:25.342 DEBUG [http-nio-8086-exec-5] c.c.c.service.ChatSessionService - Session 0fe739eca83141d9ac26d844ba8d226a found in cache
2026-06-13 01:12:25.342 DEBUG [http-nio-8086-exec-5] c.c.c.service.ChatSessionService - Extended session 0fe739eca83141d9ac26d844ba8d226a
2026-06-13 01:12:25.729 DEBUG [http-nio-8086-exec-6] c.c.c.service.ChatSessionService - Session 0fe739eca83141d9ac26d844ba8d226a found in cache
2026-06-13 01:12:25.729 DEBUG [http-nio-8086-exec-6] c.c.c.service.ChatSessionService - Extended session 0fe739eca83141d9ac26d844ba8d226a
2026-06-13 01:12:42.413 DEBUG [DiscoveryClient-HeartbeatExecutor-0] c.netflix.discovery.DiscoveryClient - DiscoveryClient_CHATBOT-MICROSERVICE/chatbot-microservice:f7ea7abaac0af316d677d10b7c409315 - Heartbeat status: 200
2026-06-13 01:12:44.000 DEBUG [DiscoveryClient-CacheRefreshExecutor-0] c.n.d.s.t.d.SessionedEurekaHttpClient - Ending a session and starting anew
2026-06-13 01:12:44.361 DEBUG [DiscoveryClient-CacheRefreshExecutor-0] c.n.d.s.t.d.RedirectingEurekaHttpClient - Pinning to endpoint null
2026-06-13 01:12:44.361 DEBUG [DiscoveryClient-CacheRefreshExecutor-0] c.netflix.discovery.DiscoveryClient - Got delta update with apps hashcode UP_6_
2026-06-13 01:12:44.361 DEBUG [DiscoveryClient-CacheRefreshExecutor-0] c.netflix.discovery.DiscoveryClient - The total number of instances fetched by the delta processor : 0
2026-06-13 01:12:44.361 DEBUG [DiscoveryClient-CacheRefreshExecutor-0] c.netflix.discovery.DiscoveryClient - The total number of all instances in the client now is 6
2026-06-13 01:12:44.361 DEBUG [DiscoveryClient-CacheRefreshExecutor-0] c.netflix.discovery.DiscoveryClient - Completed cache refresh task for discovery. All Apps hash code is Local region apps hashcode: UP_6_, is fetching remote regions? false 
2026-06-13 01:13:12.442 DEBUG [DiscoveryClient-HeartbeatExecutor-0] c.netflix.discovery.DiscoveryClient - DiscoveryClient_CHATBOT-MICROSERVICE/chatbot-microservice:f7ea7abaac0af316d677d10b7c409315 - Heartbeat status: 200
2026-06-13 01:13:14.370 DEBUG [DiscoveryClient-CacheRefreshExecutor-0] c.netflix.discovery.DiscoveryClient - Got delta update with apps hashcode UP_6_
2026-06-13 01:13:14.370 DEBUG [DiscoveryClient-CacheRefreshExecutor-0] c.netflix.discovery.DiscoveryClient - The total number of instances fetched by the delta processor : 0
2026-06-13 01:13:14.370 DEBUG [DiscoveryClient-CacheRefreshExecutor-0] c.netflix.discovery.DiscoveryClient - The total number of all instances in the client now is 6
2026-06-13 01:13:14.370 DEBUG [DiscoveryClient-CacheRefreshExecutor-0] c.netflix.discovery.DiscoveryClient - Completed cache refresh task for discovery. All Apps hash code is Local region apps hashcode: UP_6_, is fetching remote regions? false 
2026-06-13 01:13:23.132 DEBUG [http-nio-8086-exec-10] c.c.c.service.ChatSessionService - Session 0fe739eca83141d9ac26d844ba8d226a found in cache
2026-06-13 01:13:23.132 DEBUG [http-nio-8086-exec-10] c.c.c.service.ChatSessionService - Extended session 0fe739eca83141d9ac26d844ba8d226a
2026-06-13 01:13:23.148 DEBUG [http-nio-8086-exec-1] c.c.c.service.ChatSessionService - Session 105f38b13d9e495785061e29600283e6 found in cache
2026-06-13 01:13:23.162 DEBUG [http-nio-8086-exec-7] c.c.c.service.ChatSessionService - Session 0fe739eca83141d9ac26d844ba8d226a found in cache
2026-06-13 01:13:23.162 DEBUG [http-nio-8086-exec-7] c.c.c.service.ChatSessionService - Extended session 0fe739eca83141d9ac26d844ba8d226a
2026-06-13 01:13:23.177 DEBUG [http-nio-8086-exec-1] c.c.c.service.ChatSessionService - Extended session 105f38b13d9e495785061e29600283e6
2026-06-13 01:13:42.469 DEBUG [DiscoveryClient-HeartbeatExecutor-0] c.netflix.discovery.DiscoveryClient - DiscoveryClient_CHATBOT-MICROSERVICE/chatbot-microservice:f7ea7abaac0af316d677d10b7c409315 - Heartbeat status: 200
2026-06-13 01:13:44.392 DEBUG [DiscoveryClient-CacheRefreshExecutor-0] c.netflix.discovery.DiscoveryClient - Got delta update with apps hashcode UP_6_
2026-06-13 01:13:44.392 DEBUG [DiscoveryClient-CacheRefreshExecutor-0] c.netflix.discovery.DiscoveryClient - The total number of instances fetched by the delta processor : 0
2026-06-13 01:13:44.392 DEBUG [DiscoveryClient-CacheRefreshExecutor-0] c.netflix.discovery.DiscoveryClient - The total number of all instances in the client now is 6
2026-06-13 01:13:44.392 DEBUG [DiscoveryClient-CacheRefreshExecutor-0] c.netflix.discovery.DiscoveryClient - Completed cache refresh task for discovery. All Apps hash code is Local region apps hashcode: UP_6_, is fetching remote regions? false 
2026-06-13 01:14:12.507 DEBUG [DiscoveryClient-HeartbeatExecutor-0] c.netflix.discovery.DiscoveryClient - DiscoveryClient_CHATBOT-MICROSERVICE/chatbot-microservice:f7ea7abaac0af316d677d10b7c409315 - Heartbeat status: 200
2026-06-13 01:14:14.401 DEBUG [DiscoveryClient-CacheRefreshExecutor-0] c.netflix.discovery.DiscoveryClient - Got delta update with apps hashcode UP_6_
2026-06-13 01:14:14.401 DEBUG [DiscoveryClient-CacheRefreshExecutor-0] c.netflix.discovery.DiscoveryClient - The total number of instances fetched by the delta processor : 0
2026-06-13 01:14:14.401 DEBUG [DiscoveryClient-CacheRefreshExecutor-0] c.netflix.discovery.DiscoveryClient - The total number of all instances in the client now is 6
2026-06-13 01:14:14.401 DEBUG [DiscoveryClient-CacheRefreshExecutor-0] c.netflix.discovery.DiscoveryClient - Completed cache refresh task for discovery. All Apps hash code is Local region apps hashcode: UP_6_, is fetching remote regions? false 
2026-06-13 01:14:23.125 DEBUG [http-nio-8086-exec-8] c.c.c.service.ChatSessionService - Session 105f38b13d9e495785061e29600283e6 found in cache
2026-06-13 01:14:23.125 DEBUG [http-nio-8086-exec-8] c.c.c.service.ChatSessionService - Extended session 105f38b13d9e495785061e29600283e6
2026-06-13 01:14:23.125 DEBUG [http-nio-8086-exec-2] c.c.c.service.ChatSessionService - Session 0fe739eca83141d9ac26d844ba8d226a found in cache
2026-06-13 01:14:23.125 DEBUG [http-nio-8086-exec-2] c.c.c.service.ChatSessionService - Extended session 0fe739eca83141d9ac26d844ba8d226a
2026-06-13 01:14:23.217 DEBUG [http-nio-8086-exec-5] c.c.c.service.ChatSessionService - Session 0fe739eca83141d9ac26d844ba8d226a found in cache
2026-06-13 01:14:23.217 DEBUG [http-nio-8086-exec-5] c.c.c.service.ChatSessionService - Extended session 0fe739eca83141d9ac26d844ba8d226a
2026-06-13 01:14:42.525 DEBUG [DiscoveryClient-HeartbeatExecutor-0] c.netflix.discovery.DiscoveryClient - DiscoveryClient_CHATBOT-MICROSERVICE/chatbot-microservice:f7ea7abaac0af316d677d10b7c409315 - Heartbeat status: 200
2026-06-13 01:14:44.417 DEBUG [DiscoveryClient-CacheRefreshExecutor-0] c.netflix.discovery.DiscoveryClient - Got delta update with apps hashcode UP_6_
2026-06-13 01:14:44.417 DEBUG [DiscoveryClient-CacheRefreshExecutor-0] c.netflix.discovery.DiscoveryClient - The total number of instances fetched by the delta processor : 0
2026-06-13 01:14:44.417 DEBUG [DiscoveryClient-CacheRefreshExecutor-0] c.netflix.discovery.DiscoveryClient - The total number of all instances in the client now is 6
2026-06-13 01:14:44.417 DEBUG [DiscoveryClient-CacheRefreshExecutor-0] c.netflix.discovery.DiscoveryClient - Completed cache refresh task for discovery. All Apps hash code is Local region apps hashcode: UP_6_, is fetching remote regions? false 
2026-06-13 01:15:12.558 DEBUG [DiscoveryClient-HeartbeatExecutor-0] c.netflix.discovery.DiscoveryClient - DiscoveryClient_CHATBOT-MICROSERVICE/chatbot-microservice:f7ea7abaac0af316d677d10b7c409315 - Heartbeat status: 200
2026-06-13 01:15:14.426 DEBUG [DiscoveryClient-CacheRefreshExecutor-0] c.netflix.discovery.DiscoveryClient - Got delta update with apps hashcode UP_6_
2026-06-13 01:15:14.426 DEBUG [DiscoveryClient-CacheRefreshExecutor-0] c.netflix.discovery.DiscoveryClient - The total number of instances fetched by the delta processor : 0
2026-06-13 01:15:14.426 DEBUG [DiscoveryClient-CacheRefreshExecutor-0] c.netflix.discovery.DiscoveryClient - The total number of all instances in the client now is 6
2026-06-13 01:15:14.428 DEBUG [DiscoveryClient-CacheRefreshExecutor-0] c.netflix.discovery.DiscoveryClient - Completed cache refresh task for discovery. All Apps hash code is Local region apps hashcode: UP_6_, is fetching remote regions? false 
2026-06-13 01:15:23.084 DEBUG [http-nio-8086-exec-10] c.c.c.service.ChatSessionService - Session 105f38b13d9e495785061e29600283e6 found in cache
2026-06-13 01:15:23.084 DEBUG [http-nio-8086-exec-7] c.c.c.service.ChatSessionService - Session 0fe739eca83141d9ac26d844ba8d226a found in cache
2026-06-13 01:15:23.084 DEBUG [http-nio-8086-exec-10] c.c.c.service.ChatSessionService - Extended session 105f38b13d9e495785061e29600283e6
2026-06-13 01:15:23.084 DEBUG [http-nio-8086-exec-7] c.c.c.service.ChatSessionService - Extended session 0fe739eca83141d9ac26d844ba8d226a
2026-06-13 01:15:23.144 DEBUG [http-nio-8086-exec-1] c.c.c.service.ChatSessionService - Session 0fe739eca83141d9ac26d844ba8d226a found in cache
2026-06-13 01:15:23.144 DEBUG [http-nio-8086-exec-1] c.c.c.service.ChatSessionService - Extended session 0fe739eca83141d9ac26d844ba8d226a
2026-06-13 01:15:42.587 DEBUG [DiscoveryClient-HeartbeatExecutor-0] c.netflix.discovery.DiscoveryClient - DiscoveryClient_CHATBOT-MICROSERVICE/chatbot-microservice:f7ea7abaac0af316d677d10b7c409315 - Heartbeat status: 200
2026-06-13 01:15:44.432 DEBUG [DiscoveryClient-CacheRefreshExecutor-0] c.netflix.discovery.DiscoveryClient - Got delta update with apps hashcode UP_6_
2026-06-13 01:15:44.432 DEBUG [DiscoveryClient-CacheRefreshExecutor-0] c.netflix.discovery.DiscoveryClient - The total number of instances fetched by the delta processor : 0
2026-06-13 01:15:44.432 DEBUG [DiscoveryClient-CacheRefreshExecutor-0] c.netflix.discovery.DiscoveryClient - The total number of all instances in the client now is 6
2026-06-13 01:15:44.432 DEBUG [DiscoveryClient-CacheRefreshExecutor-0] c.netflix.discovery.DiscoveryClient - Completed cache refresh task for discovery. All Apps hash code is Local region apps hashcode: UP_6_, is fetching remote regions? false 
2026-06-13 01:15:45.976 DEBUG [http-nio-8086-exec-8] c.c.c.service.ChatSessionService - Session 0fe739eca83141d9ac26d844ba8d226a found in cache
2026-06-13 01:15:45.977 DEBUG [http-nio-8086-exec-8] c.c.c.service.ChatSessionService - Extended session 0fe739eca83141d9ac26d844ba8d226a
2026-06-13 01:16:00.075 DEBUG [http-nio-8086-exec-5] c.c.c.service.ChatSessionService - Session 0fe739eca83141d9ac26d844ba8d226a found in cache
2026-06-13 01:16:00.076 DEBUG [http-nio-8086-exec-5] c.c.c.service.ChatSessionService - Extended session 0fe739eca83141d9ac26d844ba8d226a
2026-06-13 01:16:12.610 DEBUG [DiscoveryClient-HeartbeatExecutor-0] c.netflix.discovery.DiscoveryClient - DiscoveryClient_CHATBOT-MICROSERVICE/chatbot-microservice:f7ea7abaac0af316d677d10b7c409315 - Heartbeat status: 200
2026-06-13 01:16:14.438 DEBUG [DiscoveryClient-CacheRefreshExecutor-0] c.netflix.discovery.DiscoveryClient - Got delta update with apps hashcode UP_6_
2026-06-13 01:16:14.438 DEBUG [DiscoveryClient-CacheRefreshExecutor-0] c.netflix.discovery.DiscoveryClient - The total number of instances fetched by the delta processor : 0
2026-06-13 01:16:14.438 DEBUG [DiscoveryClient-CacheRefreshExecutor-0] c.netflix.discovery.DiscoveryClient - The total number of all instances in the client now is 6
2026-06-13 01:16:14.438 DEBUG [DiscoveryClient-CacheRefreshExecutor-0] c.netflix.discovery.DiscoveryClient - Completed cache refresh task for discovery. All Apps hash code is Local region apps hashcode: UP_6_, is fetching remote regions? false 
2026-06-13 01:16:16.564 INFO  [AsyncResolver-bootstrap-executor-0] c.n.d.s.r.aws.ConfigClusterResolver - Resolving eureka endpoints via configuration
2026-06-13 01:16:16.564 DEBUG [AsyncResolver-bootstrap-executor-0] c.n.discovery.endpoint.EndpointUtils - The availability zone for the given region us-east-1 are [defaultZone]
2026-06-13 01:16:16.567 DEBUG [AsyncResolver-bootstrap-executor-0] c.n.d.s.r.aws.ConfigClusterResolver - Config resolved to [AwsEndpoint{ serviceUrl='http://localhost:8761/eureka/', region='us-east-1', zone='defaultZone'}]
2026-06-13 01:16:16.567 DEBUG [AsyncResolver-bootstrap-executor-0] c.n.d.s.r.a.ZoneAffinityClusterResolver - Local zone=defaultZone; resolved to: [AwsEndpoint{ serviceUrl='http://localhost:8761/eureka/', region='us-east-1', zone='defaultZone'}]
2026-06-13 01:16:16.567 DEBUG [AsyncResolver-bootstrap-executor-0] c.n.d.shared.resolver.AsyncResolver - Resolved to [AwsEndpoint{ serviceUrl='http://localhost:8761/eureka/', region='us-east-1', zone='defaultZone'}]
2026-06-13 01:16:23.158 DEBUG [http-nio-8086-exec-3] c.c.c.service.ChatSessionService - Session 0fe739eca83141d9ac26d844ba8d226a found in cache
2026-06-13 01:16:23.160 DEBUG [http-nio-8086-exec-3] c.c.c.service.ChatSessionService - Extended session 0fe739eca83141d9ac26d844ba8d226a
2026-06-13 01:16:25.832 DEBUG [http-nio-8086-exec-10] c.c.c.service.ChatSessionService - Session 0fe739eca83141d9ac26d844ba8d226a found in cache
2026-06-13 01:16:25.832 DEBUG [http-nio-8086-exec-10] c.c.c.service.ChatSessionService - Extended session 0fe739eca83141d9ac26d844ba8d226a
2026-06-13 01:16:42.640 DEBUG [DiscoveryClient-HeartbeatExecutor-0] c.netflix.discovery.DiscoveryClient - DiscoveryClient_CHATBOT-MICROSERVICE/chatbot-microservice:f7ea7abaac0af316d677d10b7c409315 - Heartbeat status: 200
2026-06-13 01:16:44.442 DEBUG [DiscoveryClient-CacheRefreshExecutor-0] c.netflix.discovery.DiscoveryClient - Got delta update with apps hashcode UP_6_
2026-06-13 01:16:44.442 DEBUG [DiscoveryClient-CacheRefreshExecutor-0] c.netflix.discovery.DiscoveryClient - The total number of instances fetched by the delta processor : 0
2026-06-13 01:16:44.442 DEBUG [DiscoveryClient-CacheRefreshExecutor-0] c.netflix.discovery.DiscoveryClient - The total number of all instances in the client now is 6
2026-06-13 01:16:44.442 DEBUG [DiscoveryClient-CacheRefreshExecutor-0] c.netflix.discovery.DiscoveryClient - Completed cache refresh task for discovery. All Apps hash code is Local region apps hashcode: UP_6_, is fetching remote regions? false 
2026-06-13 01:16:50.086 DEBUG [http-nio-8086-exec-1] c.c.c.service.ChatSessionService - Session 0fe739eca83141d9ac26d844ba8d226a found in cache
2026-06-13 01:16:50.086 DEBUG [http-nio-8086-exec-1] c.c.c.service.ChatSessionService - Extended session 0fe739eca83141d9ac26d844ba8d226a
2026-06-13 01:17:03.258 DEBUG [http-nio-8086-exec-9] c.c.c.service.ChatSessionService - Session 105f38b13d9e495785061e29600283e6 found in cache
2026-06-13 01:17:03.260 DEBUG [http-nio-8086-exec-9] c.c.c.service.ChatSessionService - Extended session 105f38b13d9e495785061e29600283e6
2026-06-13 01:17:07.203 DEBUG [http-nio-8086-exec-8] c.c.c.service.ChatSessionService - Session 105f38b13d9e495785061e29600283e6 found in cache
2026-06-13 01:17:07.206 DEBUG [http-nio-8086-exec-8] c.c.c.service.ChatSessionService - Extended session 105f38b13d9e495785061e29600283e6
2026-06-13 01:17:12.668 DEBUG [DiscoveryClient-HeartbeatExecutor-0] c.netflix.discovery.DiscoveryClient - DiscoveryClient_CHATBOT-MICROSERVICE/chatbot-microservice:f7ea7abaac0af316d677d10b7c409315 - Heartbeat status: 200
2026-06-13 01:17:14.466 DEBUG [DiscoveryClient-CacheRefreshExecutor-0] c.netflix.discovery.DiscoveryClient - Got delta update with apps hashcode UP_6_
2026-06-13 01:17:14.466 DEBUG [DiscoveryClient-CacheRefreshExecutor-0] c.netflix.discovery.DiscoveryClient - The total number of instances fetched by the delta processor : 0
2026-06-13 01:17:14.466 DEBUG [DiscoveryClient-CacheRefreshExecutor-0] c.netflix.discovery.DiscoveryClient - The total number of all instances in the client now is 6
2026-06-13 01:17:14.466 DEBUG [DiscoveryClient-CacheRefreshExecutor-0] c.netflix.discovery.DiscoveryClient - Completed cache refresh task for discovery. All Apps hash code is Local region apps hashcode: UP_6_, is fetching remote regions? false 
2026-06-13 01:17:23.089 DEBUG [http-nio-8086-exec-5] c.c.c.service.ChatSessionService - Session 0fe739eca83141d9ac26d844ba8d226a found in cache
2026-06-13 01:17:23.089 DEBUG [http-nio-8086-exec-5] c.c.c.service.ChatSessionService - Extended session 0fe739eca83141d9ac26d844ba8d226a
2026-06-13 01:17:23.182 DEBUG [http-nio-8086-exec-6] c.c.c.service.ChatSessionService - Session 0fe739eca83141d9ac26d844ba8d226a found in cache
2026-06-13 01:17:23.183 DEBUG [http-nio-8086-exec-6] c.c.c.service.ChatSessionService - Extended session 0fe739eca83141d9ac26d844ba8d226a
2026-06-13 01:17:33.080 DEBUG [http-nio-8086-exec-10] c.c.c.service.ChatSessionService - Session 105f38b13d9e495785061e29600283e6 found in cache
2026-06-13 01:17:33.080 DEBUG [http-nio-8086-exec-10] c.c.c.service.ChatSessionService - Extended session 105f38b13d9e495785061e29600283e6
2026-06-13 01:17:42.686 DEBUG [DiscoveryClient-HeartbeatExecutor-0] c.netflix.discovery.DiscoveryClient - DiscoveryClient_CHATBOT-MICROSERVICE/chatbot-microservice:f7ea7abaac0af316d677d10b7c409315 - Heartbeat status: 200
2026-06-13 01:17:44.471 DEBUG [DiscoveryClient-CacheRefreshExecutor-0] c.netflix.discovery.DiscoveryClient - Got delta update with apps hashcode UP_6_
2026-06-13 01:17:44.471 DEBUG [DiscoveryClient-CacheRefreshExecutor-0] c.netflix.discovery.DiscoveryClient - The total number of instances fetched by the delta processor : 0
2026-06-13 01:17:44.471 DEBUG [DiscoveryClient-CacheRefreshExecutor-0] c.netflix.discovery.DiscoveryClient - The total number of all instances in the client now is 6
2026-06-13 01:17:44.471 DEBUG [DiscoveryClient-CacheRefreshExecutor-0] c.netflix.discovery.DiscoveryClient - Completed cache refresh task for discovery. All Apps hash code is Local region apps hashcode: UP_6_, is fetching remote regions? false 
2026-06-13 01:17:58.067 DEBUG [http-nio-8086-exec-1] c.c.c.service.ChatSessionService - Session 105f38b13d9e495785061e29600283e6 found in cache
2026-06-13 01:17:58.070 DEBUG [http-nio-8086-exec-1] c.c.c.service.ChatSessionService - Extended session 105f38b13d9e495785061e29600283e6
2026-06-13 01:18:12.711 DEBUG [DiscoveryClient-HeartbeatExecutor-0] c.netflix.discovery.DiscoveryClient - DiscoveryClient_CHATBOT-MICROSERVICE/chatbot-microservice:f7ea7abaac0af316d677d10b7c409315 - Heartbeat status: 200
2026-06-13 01:18:14.481 DEBUG [DiscoveryClient-CacheRefreshExecutor-0] c.netflix.discovery.DiscoveryClient - Got delta update with apps hashcode UP_6_
2026-06-13 01:18:14.481 DEBUG [DiscoveryClient-CacheRefreshExecutor-0] c.netflix.discovery.DiscoveryClient - The total number of instances fetched by the delta processor : 0
2026-06-13 01:18:14.481 DEBUG [DiscoveryClient-CacheRefreshExecutor-0] c.netflix.discovery.DiscoveryClient - The total number of all instances in the client now is 6
2026-06-13 01:18:14.481 DEBUG [DiscoveryClient-CacheRefreshExecutor-0] c.netflix.discovery.DiscoveryClient - Completed cache refresh task for discovery. All Apps hash code is Local region apps hashcode: UP_6_, is fetching remote regions? false 
2026-06-13 01:18:23.078 DEBUG [http-nio-8086-exec-9] c.c.c.service.ChatSessionService - Session 105f38b13d9e495785061e29600283e6 found in cache
2026-06-13 01:18:23.078 DEBUG [http-nio-8086-exec-8] c.c.c.service.ChatSessionService - Session 0fe739eca83141d9ac26d844ba8d226a found in cache
2026-06-13 01:18:23.099 DEBUG [http-nio-8086-exec-9] c.c.c.service.ChatSessionService - Extended session 105f38b13d9e495785061e29600283e6
2026-06-13 01:18:23.099 DEBUG [http-nio-8086-exec-8] c.c.c.service.ChatSessionService - Extended session 0fe739eca83141d9ac26d844ba8d226a
2026-06-13 01:18:23.178 DEBUG [http-nio-8086-exec-2] c.c.c.service.ChatSessionService - Session 0fe739eca83141d9ac26d844ba8d226a found in cache
2026-06-13 01:18:23.179 DEBUG [http-nio-8086-exec-2] c.c.c.service.ChatSessionService - Extended session 0fe739eca83141d9ac26d844ba8d226a
2026-06-13 01:18:42.740 DEBUG [DiscoveryClient-HeartbeatExecutor-0] c.netflix.discovery.DiscoveryClient - DiscoveryClient_CHATBOT-MICROSERVICE/chatbot-microservice:f7ea7abaac0af316d677d10b7c409315 - Heartbeat status: 200
2026-06-13 01:18:44.499 DEBUG [DiscoveryClient-CacheRefreshExecutor-0] c.netflix.discovery.DiscoveryClient - Got delta update with apps hashcode UP_6_
2026-06-13 01:18:44.499 DEBUG [DiscoveryClient-CacheRefreshExecutor-0] c.netflix.discovery.DiscoveryClient - The total number of instances fetched by the delta processor : 0
2026-06-13 01:18:44.499 DEBUG [DiscoveryClient-CacheRefreshExecutor-0] c.netflix.discovery.DiscoveryClient - The total number of all instances in the client now is 6
2026-06-13 01:18:44.499 DEBUG [DiscoveryClient-CacheRefreshExecutor-0] c.netflix.discovery.DiscoveryClient - Completed cache refresh task for discovery. All Apps hash code is Local region apps hashcode: UP_6_, is fetching remote regions? false 
2026-06-13 01:19:05.125 DEBUG [http-nio-8086-exec-3] c.c.c.service.ChatSessionService - Session 105f38b13d9e495785061e29600283e6 found in cache
2026-06-13 01:19:05.169 DEBUG [http-nio-8086-exec-10] c.c.c.service.ChatSessionService - Session 0fe739eca83141d9ac26d844ba8d226a found in cache
2026-06-13 01:19:05.181 DEBUG [http-nio-8086-exec-7] c.c.c.service.ChatSessionService - Session 0fe739eca83141d9ac26d844ba8d226a found in cache
2026-06-13 01:19:05.263 DEBUG [http-nio-8086-exec-1] c.c.c.service.ChatSessionService - Session 0fe739eca83141d9ac26d844ba8d226a found in cache
2026-06-13 01:19:05.669 DEBUG [http-nio-8086-exec-4] c.c.c.service.ChatSessionService - Session 0fe739eca83141d9ac26d844ba8d226a found in cache
2026-06-13 01:19:05.765 DEBUG [http-nio-8086-exec-9] c.c.c.service.ChatSessionService - Session 105f38b13d9e495785061e29600283e6 found in cache
2026-06-13 01:19:06.730 DEBUG [http-nio-8086-exec-8] c.c.c.service.ChatSessionService - Session 0fe739eca83141d9ac26d844ba8d226a found in cache
2026-06-13 01:19:06.751 DEBUG [http-nio-8086-exec-8] c.c.c.service.ChatSessionService - Updated context for session 0fe739eca83141d9ac26d844ba8d226a
2026-06-13 01:19:13.297 DEBUG [DiscoveryClient-HeartbeatExecutor-0] c.netflix.discovery.DiscoveryClient - DiscoveryClient_CHATBOT-MICROSERVICE/chatbot-microservice:f7ea7abaac0af316d677d10b7c409315 - Heartbeat status: 200
2026-06-13 01:19:14.508 DEBUG [DiscoveryClient-CacheRefreshExecutor-0] c.netflix.discovery.DiscoveryClient - Got delta update with apps hashcode UP_6_
2026-06-13 01:19:14.508 DEBUG [DiscoveryClient-CacheRefreshExecutor-0] c.netflix.discovery.DiscoveryClient - The total number of instances fetched by the delta processor : 0
2026-06-13 01:19:14.511 DEBUG [DiscoveryClient-CacheRefreshExecutor-0] c.netflix.discovery.DiscoveryClient - The total number of all instances in the client now is 6
2026-06-13 01:19:14.511 DEBUG [DiscoveryClient-CacheRefreshExecutor-0] c.netflix.discovery.DiscoveryClient - Completed cache refresh task for discovery. All Apps hash code is Local region apps hashcode: UP_6_, is fetching remote regions? false 
2026-06-13 01:19:31.077 DEBUG [http-nio-8086-exec-5] c.c.c.service.ChatSessionService - Session 105f38b13d9e495785061e29600283e6 found in cache
2026-06-13 01:19:31.078 DEBUG [http-nio-8086-exec-5] c.c.c.service.ChatSessionService - Extended session 105f38b13d9e495785061e29600283e6
2026-06-13 01:19:31.086 DEBUG [http-nio-8086-exec-6] c.c.c.service.ChatSessionService - Session 0fe739eca83141d9ac26d844ba8d226a found in cache
2026-06-13 01:19:31.087 DEBUG [http-nio-8086-exec-6] c.c.c.service.ChatSessionService - Extended session 0fe739eca83141d9ac26d844ba8d226a
2026-06-13 01:19:31.184 DEBUG [http-nio-8086-exec-3] c.c.c.service.ChatSessionService - Session 0fe739eca83141d9ac26d844ba8d226a found in cache
2026-06-13 01:19:31.190 DEBUG [http-nio-8086-exec-3] c.c.c.service.ChatSessionService - Extended session 0fe739eca83141d9ac26d844ba8d226a
2026-06-13 01:19:43.323 DEBUG [DiscoveryClient-HeartbeatExecutor-0] c.netflix.discovery.DiscoveryClient - DiscoveryClient_CHATBOT-MICROSERVICE/chatbot-microservice:f7ea7abaac0af316d677d10b7c409315 - Heartbeat status: 200
2026-06-13 01:19:44.526 DEBUG [DiscoveryClient-CacheRefreshExecutor-0] c.netflix.discovery.DiscoveryClient - Got delta update with apps hashcode UP_6_
2026-06-13 01:19:44.526 DEBUG [DiscoveryClient-CacheRefreshExecutor-0] c.netflix.discovery.DiscoveryClient - The total number of instances fetched by the delta processor : 0
2026-06-13 01:19:44.527 DEBUG [DiscoveryClient-CacheRefreshExecutor-0] c.netflix.discovery.DiscoveryClient - The total number of all instances in the client now is 6
2026-06-13 01:19:44.527 DEBUG [DiscoveryClient-CacheRefreshExecutor-0] c.netflix.discovery.DiscoveryClient - Completed cache refresh task for discovery. All Apps hash code is Local region apps hashcode: UP_6_, is fetching remote regions? false 
2026-06-13 01:19:57.937 DEBUG [http-nio-8086-exec-1] c.c.c.service.ChatSessionService - Session 105f38b13d9e495785061e29600283e6 found in cache
2026-06-13 01:19:57.938 DEBUG [http-nio-8086-exec-1] c.c.c.service.ChatSessionService - Extended session 105f38b13d9e495785061e29600283e6
2026-06-13 01:19:57.960 DEBUG [http-nio-8086-exec-4] c.c.c.service.ChatSessionService - Session 0fe739eca83141d9ac26d844ba8d226a found in cache
2026-06-13 01:19:57.963 DEBUG [http-nio-8086-exec-4] c.c.c.service.ChatSessionService - Extended session 0fe739eca83141d9ac26d844ba8d226a
2026-06-13 01:19:58.168 DEBUG [http-nio-8086-exec-9] c.c.c.service.ChatSessionService - Session 0fe739eca83141d9ac26d844ba8d226a found in cache
2026-06-13 01:19:58.180 DEBUG [http-nio-8086-exec-9] c.c.c.service.ChatSessionService - Extended session 0fe739eca83141d9ac26d844ba8d226a
2026-06-13 01:20:13.352 DEBUG [DiscoveryClient-HeartbeatExecutor-0] c.netflix.discovery.DiscoveryClient - DiscoveryClient_CHATBOT-MICROSERVICE/chatbot-microservice:f7ea7abaac0af316d677d10b7c409315 - Heartbeat status: 200
2026-06-13 01:20:14.536 DEBUG [DiscoveryClient-CacheRefreshExecutor-0] c.netflix.discovery.DiscoveryClient - Got delta update with apps hashcode UP_6_
2026-06-13 01:20:14.536 DEBUG [DiscoveryClient-CacheRefreshExecutor-0] c.netflix.discovery.DiscoveryClient - The total number of instances fetched by the delta processor : 0
2026-06-13 01:20:14.536 DEBUG [DiscoveryClient-CacheRefreshExecutor-0] c.netflix.discovery.DiscoveryClient - The total number of all instances in the client now is 6
2026-06-13 01:20:14.536 DEBUG [DiscoveryClient-CacheRefreshExecutor-0] c.netflix.discovery.DiscoveryClient - Completed cache refresh task for discovery. All Apps hash code is Local region apps hashcode: UP_6_, is fetching remote regions? false 
2026-06-13 01:20:21.083 DEBUG [http-nio-8086-exec-2] c.c.c.service.ChatSessionService - Session 105f38b13d9e495785061e29600283e6 found in cache
2026-06-13 01:20:21.088 DEBUG [http-nio-8086-exec-2] c.c.c.service.ChatSessionService - Extended session 105f38b13d9e495785061e29600283e6
2026-06-13 01:20:21.091 DEBUG [http-nio-8086-exec-6] c.c.c.service.ChatSessionService - Session 0fe739eca83141d9ac26d844ba8d226a found in cache
2026-06-13 01:20:21.091 DEBUG [http-nio-8086-exec-5] c.c.c.service.ChatSessionService - Session 0fe739eca83141d9ac26d844ba8d226a found in cache
2026-06-13 01:20:21.108 DEBUG [http-nio-8086-exec-6] c.c.c.service.ChatSessionService - Extended session 0fe739eca83141d9ac26d844ba8d226a
2026-06-13 01:20:21.108 DEBUG [http-nio-8086-exec-5] c.c.c.service.ChatSessionService - Extended session 0fe739eca83141d9ac26d844ba8d226a
2026-06-13 01:20:43.386 DEBUG [DiscoveryClient-HeartbeatExecutor-0] c.netflix.discovery.DiscoveryClient - DiscoveryClient_CHATBOT-MICROSERVICE/chatbot-microservice:f7ea7abaac0af316d677d10b7c409315 - Heartbeat status: 200
2026-06-13 01:20:44.541 DEBUG [DiscoveryClient-CacheRefreshExecutor-0] c.netflix.discovery.DiscoveryClient - Got delta update with apps hashcode UP_6_
2026-06-13 01:20:44.541 DEBUG [DiscoveryClient-CacheRefreshExecutor-0] c.netflix.discovery.DiscoveryClient - The total number of instances fetched by the delta processor : 0
2026-06-13 01:20:44.541 DEBUG [DiscoveryClient-CacheRefreshExecutor-0] c.netflix.discovery.DiscoveryClient - The total number of all instances in the client now is 6
2026-06-13 01:20:44.541 DEBUG [DiscoveryClient-CacheRefreshExecutor-0] c.netflix.discovery.DiscoveryClient - Completed cache refresh task for discovery. All Apps hash code is Local region apps hashcode: UP_6_, is fetching remote regions? false 
2026-06-13 01:20:46.104 DEBUG [http-nio-8086-exec-4] c.c.c.service.ChatSessionService - Session 105f38b13d9e495785061e29600283e6 found in cache
2026-06-13 01:20:46.104 DEBUG [http-nio-8086-exec-1] c.c.c.service.ChatSessionService - Session 0fe739eca83141d9ac26d844ba8d226a found in cache
2026-06-13 01:20:46.104 DEBUG [http-nio-8086-exec-9] c.c.c.service.ChatSessionService - Session 0fe739eca83141d9ac26d844ba8d226a found in cache
2026-06-13 01:20:46.104 DEBUG [http-nio-8086-exec-4] c.c.c.service.ChatSessionService - Extended session 105f38b13d9e495785061e29600283e6
2026-06-13 01:20:46.104 DEBUG [http-nio-8086-exec-1] c.c.c.service.ChatSessionService - Extended session 0fe739eca83141d9ac26d844ba8d226a
2026-06-13 01:20:46.104 DEBUG [http-nio-8086-exec-9] c.c.c.service.ChatSessionService - Extended session 0fe739eca83141d9ac26d844ba8d226a
2026-06-13 01:21:11.067 DEBUG [http-nio-8086-exec-5] c.c.c.service.ChatSessionService - Session 105f38b13d9e495785061e29600283e6 found in cache
2026-06-13 01:21:11.070 DEBUG [http-nio-8086-exec-5] c.c.c.service.ChatSessionService - Extended session 105f38b13d9e495785061e29600283e6
2026-06-13 01:21:11.070 DEBUG [http-nio-8086-exec-7] c.c.c.service.ChatSessionService - Session 0fe739eca83141d9ac26d844ba8d226a found in cache
2026-06-13 01:21:11.073 DEBUG [http-nio-8086-exec-3] c.c.c.service.ChatSessionService - Session 0fe739eca83141d9ac26d844ba8d226a found in cache
2026-06-13 01:21:11.073 DEBUG [http-nio-8086-exec-7] c.c.c.service.ChatSessionService - Extended session 0fe739eca83141d9ac26d844ba8d226a
2026-06-13 01:21:11.075 DEBUG [http-nio-8086-exec-3] c.c.c.service.ChatSessionService - Extended session 0fe739eca83141d9ac26d844ba8d226a
2026-06-13 01:21:13.438 DEBUG [DiscoveryClient-HeartbeatExecutor-0] c.netflix.discovery.DiscoveryClient - DiscoveryClient_CHATBOT-MICROSERVICE/chatbot-microservice:f7ea7abaac0af316d677d10b7c409315 - Heartbeat status: 200
2026-06-13 01:21:14.551 DEBUG [DiscoveryClient-CacheRefreshExecutor-0] c.netflix.discovery.DiscoveryClient - Got delta update with apps hashcode UP_6_
2026-06-13 01:21:14.552 DEBUG [DiscoveryClient-CacheRefreshExecutor-0] c.netflix.discovery.DiscoveryClient - The total number of instances fetched by the delta processor : 0
2026-06-13 01:21:14.552 DEBUG [DiscoveryClient-CacheRefreshExecutor-0] c.netflix.discovery.DiscoveryClient - The total number of all instances in the client now is 6
2026-06-13 01:21:14.552 DEBUG [DiscoveryClient-CacheRefreshExecutor-0] c.netflix.discovery.DiscoveryClient - Completed cache refresh task for discovery. All Apps hash code is Local region apps hashcode: UP_6_, is fetching remote regions? false 
2026-06-13 01:21:16.567 INFO  [AsyncResolver-bootstrap-executor-0] c.n.d.s.r.aws.ConfigClusterResolver - Resolving eureka endpoints via configuration
2026-06-13 01:21:16.568 DEBUG [AsyncResolver-bootstrap-executor-0] c.n.discovery.endpoint.EndpointUtils - The availability zone for the given region us-east-1 are [defaultZone]
2026-06-13 01:21:16.568 DEBUG [AsyncResolver-bootstrap-executor-0] c.n.d.s.r.aws.ConfigClusterResolver - Config resolved to [AwsEndpoint{ serviceUrl='http://localhost:8761/eureka/', region='us-east-1', zone='defaultZone'}]
2026-06-13 01:21:16.568 DEBUG [AsyncResolver-bootstrap-executor-0] c.n.d.s.r.a.ZoneAffinityClusterResolver - Local zone=defaultZone; resolved to: [AwsEndpoint{ serviceUrl='http://localhost:8761/eureka/', region='us-east-1', zone='defaultZone'}]
2026-06-13 01:21:16.569 DEBUG [AsyncResolver-bootstrap-executor-0] c.n.d.shared.resolver.AsyncResolver - Resolved to [AwsEndpoint{ serviceUrl='http://localhost:8761/eureka/', region='us-east-1', zone='defaultZone'}]
2026-06-13 01:21:36.065 DEBUG [http-nio-8086-exec-1] c.c.c.service.ChatSessionService - Session 105f38b13d9e495785061e29600283e6 found in cache
2026-06-13 01:21:36.065 DEBUG [http-nio-8086-exec-1] c.c.c.service.ChatSessionService - Extended session 105f38b13d9e495785061e29600283e6
2026-06-13 01:21:36.065 DEBUG [http-nio-8086-exec-8] c.c.c.service.ChatSessionService - Session 0fe739eca83141d9ac26d844ba8d226a found in cache
2026-06-13 01:21:36.065 DEBUG [http-nio-8086-exec-2] c.c.c.service.ChatSessionService - Session 0fe739eca83141d9ac26d844ba8d226a found in cache
2026-06-13 01:21:36.076 DEBUG [http-nio-8086-exec-8] c.c.c.service.ChatSessionService - Extended session 0fe739eca83141d9ac26d844ba8d226a
2026-06-13 01:21:36.077 DEBUG [http-nio-8086-exec-2] c.c.c.service.ChatSessionService - Extended session 0fe739eca83141d9ac26d844ba8d226a
2026-06-13 01:21:43.482 DEBUG [DiscoveryClient-HeartbeatExecutor-0] c.netflix.discovery.DiscoveryClient - DiscoveryClient_CHATBOT-MICROSERVICE/chatbot-microservice:f7ea7abaac0af316d677d10b7c409315 - Heartbeat status: 200
2026-06-13 01:21:44.568 DEBUG [DiscoveryClient-CacheRefreshExecutor-0] c.netflix.discovery.DiscoveryClient - Got delta update with apps hashcode UP_6_
2026-06-13 01:21:44.568 DEBUG [DiscoveryClient-CacheRefreshExecutor-0] c.netflix.discovery.DiscoveryClient - The total number of instances fetched by the delta processor : 0
2026-06-13 01:21:44.568 DEBUG [DiscoveryClient-CacheRefreshExecutor-0] c.netflix.discovery.DiscoveryClient - The total number of all instances in the client now is 6
2026-06-13 01:21:44.568 DEBUG [DiscoveryClient-CacheRefreshExecutor-0] c.netflix.discovery.DiscoveryClient - Completed cache refresh task for discovery. All Apps hash code is Local region apps hashcode: UP_6_, is fetching remote regions? false 
2026-06-13 01:22:01.065 DEBUG [http-nio-8086-exec-3] c.c.c.service.ChatSessionService - Session 105f38b13d9e495785061e29600283e6 found in cache
2026-06-13 01:22:01.066 DEBUG [http-nio-8086-exec-3] c.c.c.service.ChatSessionService - Extended session 105f38b13d9e495785061e29600283e6
2026-06-13 01:22:01.071 DEBUG [http-nio-8086-exec-4] c.c.c.service.ChatSessionService - Session 0fe739eca83141d9ac26d844ba8d226a found in cache
2026-06-13 01:22:01.072 DEBUG [http-nio-8086-exec-4] c.c.c.service.ChatSessionService - Extended session 0fe739eca83141d9ac26d844ba8d226a
2026-06-13 01:22:13.516 DEBUG [DiscoveryClient-HeartbeatExecutor-0] c.netflix.discovery.DiscoveryClient - DiscoveryClient_CHATBOT-MICROSERVICE/chatbot-microservice:f7ea7abaac0af316d677d10b7c409315 - Heartbeat status: 200
2026-06-13 01:22:14.587 DEBUG [DiscoveryClient-CacheRefreshExecutor-0] c.netflix.discovery.DiscoveryClient - Got delta update with apps hashcode UP_6_
2026-06-13 01:22:14.588 DEBUG [DiscoveryClient-CacheRefreshExecutor-0] c.netflix.discovery.DiscoveryClient - The total number of instances fetched by the delta processor : 0
2026-06-13 01:22:14.588 DEBUG [DiscoveryClient-CacheRefreshExecutor-0] c.netflix.discovery.DiscoveryClient - The total number of all instances in the client now is 6
2026-06-13 01:22:14.588 DEBUG [DiscoveryClient-CacheRefreshExecutor-0] c.netflix.discovery.DiscoveryClient - Completed cache refresh task for discovery. All Apps hash code is Local region apps hashcode: UP_6_, is fetching remote regions? false 
2026-06-13 01:22:14.901 INFO  [MessageBroker-10] o.s.w.s.c.WebSocketMessageBrokerStats - WebSocketSession[0 current WS(0)-HttpStream(0)-HttpPoll(0), 0 total, 0 closed abnormally (0 connect failure, 0 send limit, 0 transport error)], stompSubProtocol[processed CONNECT(0)-CONNECTED(0)-DISCONNECT(0)], stompBrokerRelay[null], inboundChannel[pool size = 0, active threads = 0, queued tasks = 0, completed tasks = 0], outboundChannel[pool size = 0, active threads = 0, queued tasks = 0, completed tasks = 0], sockJsScheduler[pool size = 12, active threads = 1, queued tasks = 1, completed tasks = 29]
2026-06-13 01:22:23.163 DEBUG [http-nio-8086-exec-1] c.c.c.service.ChatSessionService - Session 0fe739eca83141d9ac26d844ba8d226a found in cache
2026-06-13 01:22:23.163 DEBUG [http-nio-8086-exec-1] c.c.c.service.ChatSessionService - Extended session 0fe739eca83141d9ac26d844ba8d226a
2026-06-13 01:22:43.552 DEBUG [DiscoveryClient-HeartbeatExecutor-0] c.netflix.discovery.DiscoveryClient - DiscoveryClient_CHATBOT-MICROSERVICE/chatbot-microservice:f7ea7abaac0af316d677d10b7c409315 - Heartbeat status: 200
2026-06-13 01:22:44.602 DEBUG [DiscoveryClient-CacheRefreshExecutor-0] c.netflix.discovery.DiscoveryClient - Got delta update with apps hashcode UP_6_
2026-06-13 01:22:44.602 DEBUG [DiscoveryClient-CacheRefreshExecutor-0] c.netflix.discovery.DiscoveryClient - The total number of instances fetched by the delta processor : 0
2026-06-13 01:22:44.602 DEBUG [DiscoveryClient-CacheRefreshExecutor-0] c.netflix.discovery.DiscoveryClient - The total number of all instances in the client now is 6
2026-06-13 01:22:44.602 DEBUG [DiscoveryClient-CacheRefreshExecutor-0] c.netflix.discovery.DiscoveryClient - Completed cache refresh task for discovery. All Apps hash code is Local region apps hashcode: UP_6_, is fetching remote regions? false 
2026-06-13 01:23:02.067 DEBUG [http-nio-8086-exec-2] c.c.c.service.ChatSessionService - Session 105f38b13d9e495785061e29600283e6 found in cache
2026-06-13 01:23:02.070 DEBUG [http-nio-8086-exec-2] c.c.c.service.ChatSessionService - Extended session 105f38b13d9e495785061e29600283e6
2026-06-13 01:23:02.084 DEBUG [http-nio-8086-exec-6] c.c.c.service.ChatSessionService - Session 0fe739eca83141d9ac26d844ba8d226a found in cache
2026-06-13 01:23:02.087 DEBUG [http-nio-8086-exec-6] c.c.c.service.ChatSessionService - Extended session 0fe739eca83141d9ac26d844ba8d226a
2026-06-13 01:23:13.574 DEBUG [DiscoveryClient-HeartbeatExecutor-0] c.netflix.discovery.DiscoveryClient - DiscoveryClient_CHATBOT-MICROSERVICE/chatbot-microservice:f7ea7abaac0af316d677d10b7c409315 - Heartbeat status: 200
2026-06-13 01:23:14.617 DEBUG [DiscoveryClient-CacheRefreshExecutor-0] c.netflix.discovery.DiscoveryClient - Got delta update with apps hashcode UP_6_
2026-06-13 01:23:14.617 DEBUG [DiscoveryClient-CacheRefreshExecutor-0] c.netflix.discovery.DiscoveryClient - The total number of instances fetched by the delta processor : 0
2026-06-13 01:23:14.617 DEBUG [DiscoveryClient-CacheRefreshExecutor-0] c.netflix.discovery.DiscoveryClient - The total number of all instances in the client now is 6
2026-06-13 01:23:14.617 DEBUG [DiscoveryClient-CacheRefreshExecutor-0] c.netflix.discovery.DiscoveryClient - Completed cache refresh task for discovery. All Apps hash code is Local region apps hashcode: UP_6_, is fetching remote regions? false 
2026-06-13 01:23:23.060 DEBUG [http-nio-8086-exec-3] c.c.c.service.ChatSessionService - Session 105f38b13d9e495785061e29600283e6 found in cache
2026-06-13 01:23:23.075 DEBUG [http-nio-8086-exec-3] c.c.c.service.ChatSessionService - Extended session 105f38b13d9e495785061e29600283e6
2026-06-13 01:23:23.075 DEBUG [http-nio-8086-exec-4] c.c.c.service.ChatSessionService - Session 0fe739eca83141d9ac26d844ba8d226a found in cache
2026-06-13 01:23:23.075 DEBUG [http-nio-8086-exec-4] c.c.c.service.ChatSessionService - Extended session 0fe739eca83141d9ac26d844ba8d226a
2026-06-13 01:23:23.159 DEBUG [http-nio-8086-exec-9] c.c.c.service.ChatSessionService - Session 0fe739eca83141d9ac26d844ba8d226a found in cache
2026-06-13 01:23:23.175 DEBUG [http-nio-8086-exec-9] c.c.c.service.ChatSessionService - Extended session 0fe739eca83141d9ac26d844ba8d226a
2026-06-13 01:23:43.632 DEBUG [DiscoveryClient-HeartbeatExecutor-0] c.netflix.discovery.DiscoveryClient - DiscoveryClient_CHATBOT-MICROSERVICE/chatbot-microservice:f7ea7abaac0af316d677d10b7c409315 - Heartbeat status: 200
2026-06-13 01:23:44.629 DEBUG [DiscoveryClient-CacheRefreshExecutor-0] c.netflix.discovery.DiscoveryClient - Got delta update with apps hashcode UP_6_
2026-06-13 01:23:44.629 DEBUG [DiscoveryClient-CacheRefreshExecutor-0] c.netflix.discovery.DiscoveryClient - The total number of instances fetched by the delta processor : 0
2026-06-13 01:23:44.629 DEBUG [DiscoveryClient-CacheRefreshExecutor-0] c.netflix.discovery.DiscoveryClient - The total number of all instances in the client now is 6
2026-06-13 01:23:44.629 DEBUG [DiscoveryClient-CacheRefreshExecutor-0] c.netflix.discovery.DiscoveryClient - Completed cache refresh task for discovery. All Apps hash code is Local region apps hashcode: UP_6_, is fetching remote regions? false 
2026-06-13 01:24:13.652 DEBUG [DiscoveryClient-HeartbeatExecutor-0] c.netflix.discovery.DiscoveryClient - DiscoveryClient_CHATBOT-MICROSERVICE/chatbot-microservice:f7ea7abaac0af316d677d10b7c409315 - Heartbeat status: 200
2026-06-13 01:24:14.644 DEBUG [DiscoveryClient-CacheRefreshExecutor-0] c.netflix.discovery.DiscoveryClient - Got delta update with apps hashcode UP_6_
2026-06-13 01:24:14.644 DEBUG [DiscoveryClient-CacheRefreshExecutor-0] c.netflix.discovery.DiscoveryClient - The total number of instances fetched by the delta processor : 0
2026-06-13 01:24:14.644 DEBUG [DiscoveryClient-CacheRefreshExecutor-0] c.netflix.discovery.DiscoveryClient - The total number of all instances in the client now is 6
2026-06-13 01:24:14.644 DEBUG [DiscoveryClient-CacheRefreshExecutor-0] c.netflix.discovery.DiscoveryClient - Completed cache refresh task for discovery. All Apps hash code is Local region apps hashcode: UP_6_, is fetching remote regions? false 
2026-06-13 01:24:23.089 DEBUG [http-nio-8086-exec-1] c.c.c.service.ChatSessionService - Session 105f38b13d9e495785061e29600283e6 found in cache
2026-06-13 01:24:23.091 DEBUG [http-nio-8086-exec-1] c.c.c.service.ChatSessionService - Extended session 105f38b13d9e495785061e29600283e6
2026-06-13 01:24:23.093 DEBUG [http-nio-8086-exec-8] c.c.c.service.ChatSessionService - Session 0fe739eca83141d9ac26d844ba8d226a found in cache
2026-06-13 01:24:23.095 DEBUG [http-nio-8086-exec-8] c.c.c.service.ChatSessionService - Extended session 0fe739eca83141d9ac26d844ba8d226a
2026-06-13 01:24:23.186 DEBUG [http-nio-8086-exec-2] c.c.c.service.ChatSessionService - Session 0fe739eca83141d9ac26d844ba8d226a found in cache
2026-06-13 01:24:23.188 DEBUG [http-nio-8086-exec-2] c.c.c.service.ChatSessionService - Extended session 0fe739eca83141d9ac26d844ba8d226a
2026-06-13 01:24:43.675 DEBUG [DiscoveryClient-HeartbeatExecutor-0] c.netflix.discovery.DiscoveryClient - DiscoveryClient_CHATBOT-MICROSERVICE/chatbot-microservice:f7ea7abaac0af316d677d10b7c409315 - Heartbeat status: 200
2026-06-13 01:24:44.651 DEBUG [DiscoveryClient-CacheRefreshExecutor-0] c.n.d.s.t.d.SessionedEurekaHttpClient - Ending a session and starting anew
2026-06-13 01:24:44.871 DEBUG [DiscoveryClient-CacheRefreshExecutor-0] c.n.d.s.t.d.RedirectingEurekaHttpClient - Pinning to endpoint null
2026-06-13 01:24:44.871 DEBUG [DiscoveryClient-CacheRefreshExecutor-0] c.netflix.discovery.DiscoveryClient - Got delta update with apps hashcode UP_6_
2026-06-13 01:24:44.871 DEBUG [DiscoveryClient-CacheRefreshExecutor-0] c.netflix.discovery.DiscoveryClient - The total number of instances fetched by the delta processor : 0
2026-06-13 01:24:44.871 DEBUG [DiscoveryClient-CacheRefreshExecutor-0] c.netflix.discovery.DiscoveryClient - The total number of all instances in the client now is 6
2026-06-13 01:24:44.871 DEBUG [DiscoveryClient-CacheRefreshExecutor-0] c.netflix.discovery.DiscoveryClient - Completed cache refresh task for discovery. All Apps hash code is Local region apps hashcode: UP_6_, is fetching remote regions? false 
2026-06-13 01:25:13.716 DEBUG [DiscoveryClient-HeartbeatExecutor-0] c.netflix.discovery.DiscoveryClient - DiscoveryClient_CHATBOT-MICROSERVICE/chatbot-microservice:f7ea7abaac0af316d677d10b7c409315 - Heartbeat status: 200
2026-06-13 01:25:14.880 DEBUG [DiscoveryClient-CacheRefreshExecutor-0] c.netflix.discovery.DiscoveryClient - Got delta update with apps hashcode UP_6_
2026-06-13 01:25:14.880 DEBUG [DiscoveryClient-CacheRefreshExecutor-0] c.netflix.discovery.DiscoveryClient - The total number of instances fetched by the delta processor : 0
2026-06-13 01:25:14.880 DEBUG [DiscoveryClient-CacheRefreshExecutor-0] c.netflix.discovery.DiscoveryClient - The total number of all instances in the client now is 6
2026-06-13 01:25:14.880 DEBUG [DiscoveryClient-CacheRefreshExecutor-0] c.netflix.discovery.DiscoveryClient - Completed cache refresh task for discovery. All Apps hash code is Local region apps hashcode: UP_6_, is fetching remote regions? false 
2026-06-13 01:25:23.069 DEBUG [http-nio-8086-exec-5] c.c.c.service.ChatSessionService - Session 105f38b13d9e495785061e29600283e6 found in cache
2026-06-13 01:25:23.072 DEBUG [http-nio-8086-exec-5] c.c.c.service.ChatSessionService - Extended session 105f38b13d9e495785061e29600283e6
2026-06-13 01:25:23.089 DEBUG [http-nio-8086-exec-3] c.c.c.service.ChatSessionService - Session 0fe739eca83141d9ac26d844ba8d226a found in cache
2026-06-13 01:25:23.090 DEBUG [http-nio-8086-exec-3] c.c.c.service.ChatSessionService - Extended session 0fe739eca83141d9ac26d844ba8d226a
2026-06-13 01:25:23.176 DEBUG [http-nio-8086-exec-4] c.c.c.service.ChatSessionService - Session 0fe739eca83141d9ac26d844ba8d226a found in cache
2026-06-13 01:25:23.176 DEBUG [http-nio-8086-exec-4] c.c.c.service.ChatSessionService - Extended session 0fe739eca83141d9ac26d844ba8d226a
2026-06-13 01:25:43.739 DEBUG [DiscoveryClient-HeartbeatExecutor-0] c.netflix.discovery.DiscoveryClient - DiscoveryClient_CHATBOT-MICROSERVICE/chatbot-microservice:f7ea7abaac0af316d677d10b7c409315 - Heartbeat status: 200
2026-06-13 01:25:44.887 DEBUG [DiscoveryClient-CacheRefreshExecutor-0] c.netflix.discovery.DiscoveryClient - Got delta update with apps hashcode UP_6_
2026-06-13 01:25:44.888 DEBUG [DiscoveryClient-CacheRefreshExecutor-0] c.netflix.discovery.DiscoveryClient - The total number of instances fetched by the delta processor : 0
2026-06-13 01:25:44.888 DEBUG [DiscoveryClient-CacheRefreshExecutor-0] c.netflix.discovery.DiscoveryClient - The total number of all instances in the client now is 6
2026-06-13 01:25:44.888 DEBUG [DiscoveryClient-CacheRefreshExecutor-0] c.netflix.discovery.DiscoveryClient - Completed cache refresh task for discovery. All Apps hash code is Local region apps hashcode: UP_6_, is fetching remote regions? false 
2026-06-13 01:26:13.764 DEBUG [DiscoveryClient-HeartbeatExecutor-0] c.netflix.discovery.DiscoveryClient - DiscoveryClient_CHATBOT-MICROSERVICE/chatbot-microservice:f7ea7abaac0af316d677d10b7c409315 - Heartbeat status: 200
2026-06-13 01:26:14.902 DEBUG [DiscoveryClient-CacheRefreshExecutor-0] c.netflix.discovery.DiscoveryClient - Got delta update with apps hashcode UP_6_
2026-06-13 01:26:14.902 DEBUG [DiscoveryClient-CacheRefreshExecutor-0] c.netflix.discovery.DiscoveryClient - The total number of instances fetched by the delta processor : 0
2026-06-13 01:26:14.902 DEBUG [DiscoveryClient-CacheRefreshExecutor-0] c.netflix.discovery.DiscoveryClient - The total number of all instances in the client now is 6
2026-06-13 01:26:14.902 DEBUG [DiscoveryClient-CacheRefreshExecutor-0] c.netflix.discovery.DiscoveryClient - Completed cache refresh task for discovery. All Apps hash code is Local region apps hashcode: UP_6_, is fetching remote regions? false 
2026-06-13 01:26:16.567 INFO  [AsyncResolver-bootstrap-executor-0] c.n.d.s.r.aws.ConfigClusterResolver - Resolving eureka endpoints via configuration
2026-06-13 01:26:16.567 DEBUG [AsyncResolver-bootstrap-executor-0] c.n.discovery.endpoint.EndpointUtils - The availability zone for the given region us-east-1 are [defaultZone]
2026-06-13 01:26:16.567 DEBUG [AsyncResolver-bootstrap-executor-0] c.n.d.s.r.aws.ConfigClusterResolver - Config resolved to [AwsEndpoint{ serviceUrl='http://localhost:8761/eureka/', region='us-east-1', zone='defaultZone'}]
2026-06-13 01:26:16.567 DEBUG [AsyncResolver-bootstrap-executor-0] c.n.d.s.r.a.ZoneAffinityClusterResolver - Local zone=defaultZone; resolved to: [AwsEndpoint{ serviceUrl='http://localhost:8761/eureka/', region='us-east-1', zone='defaultZone'}]
2026-06-13 01:26:16.567 DEBUG [AsyncResolver-bootstrap-executor-0] c.n.d.shared.resolver.AsyncResolver - Resolved to [AwsEndpoint{ serviceUrl='http://localhost:8761/eureka/', region='us-east-1', zone='defaultZone'}]
2026-06-13 01:26:23.070 DEBUG [http-nio-8086-exec-10] c.c.c.service.ChatSessionService - Session 105f38b13d9e495785061e29600283e6 found in cache
2026-06-13 01:26:23.070 DEBUG [http-nio-8086-exec-10] c.c.c.service.ChatSessionService - Extended session 105f38b13d9e495785061e29600283e6
2026-06-13 01:26:23.082 DEBUG [http-nio-8086-exec-1] c.c.c.service.ChatSessionService - Session 0fe739eca83141d9ac26d844ba8d226a found in cache
2026-06-13 01:26:23.082 DEBUG [http-nio-8086-exec-1] c.c.c.service.ChatSessionService - Extended session 0fe739eca83141d9ac26d844ba8d226a
2026-06-13 01:26:23.159 DEBUG [http-nio-8086-exec-8] c.c.c.service.ChatSessionService - Session 0fe739eca83141d9ac26d844ba8d226a found in cache
2026-06-13 01:26:23.159 DEBUG [http-nio-8086-exec-8] c.c.c.service.ChatSessionService - Extended session 0fe739eca83141d9ac26d844ba8d226a
2026-06-13 01:26:43.793 DEBUG [DiscoveryClient-HeartbeatExecutor-0] c.netflix.discovery.DiscoveryClient - DiscoveryClient_CHATBOT-MICROSERVICE/chatbot-microservice:f7ea7abaac0af316d677d10b7c409315 - Heartbeat status: 200
2026-06-13 01:26:44.915 DEBUG [DiscoveryClient-CacheRefreshExecutor-0] c.netflix.discovery.DiscoveryClient - Got delta update with apps hashcode UP_6_
2026-06-13 01:26:44.915 DEBUG [DiscoveryClient-CacheRefreshExecutor-0] c.netflix.discovery.DiscoveryClient - The total number of instances fetched by the delta processor : 0
2026-06-13 01:26:44.915 DEBUG [DiscoveryClient-CacheRefreshExecutor-0] c.netflix.discovery.DiscoveryClient - The total number of all instances in the client now is 6
2026-06-13 01:26:44.915 DEBUG [DiscoveryClient-CacheRefreshExecutor-0] c.netflix.discovery.DiscoveryClient - Completed cache refresh task for discovery. All Apps hash code is Local region apps hashcode: UP_6_, is fetching remote regions? false 
2026-06-13 01:27:13.833 DEBUG [DiscoveryClient-HeartbeatExecutor-0] c.netflix.discovery.DiscoveryClient - DiscoveryClient_CHATBOT-MICROSERVICE/chatbot-microservice:f7ea7abaac0af316d677d10b7c409315 - Heartbeat status: 200
2026-06-13 01:27:14.931 DEBUG [DiscoveryClient-CacheRefreshExecutor-0] c.netflix.discovery.DiscoveryClient - Got delta update with apps hashcode UP_6_
2026-06-13 01:27:14.931 DEBUG [DiscoveryClient-CacheRefreshExecutor-0] c.netflix.discovery.DiscoveryClient - The total number of instances fetched by the delta processor : 0
2026-06-13 01:27:14.931 DEBUG [DiscoveryClient-CacheRefreshExecutor-0] c.netflix.discovery.DiscoveryClient - The total number of all instances in the client now is 6
2026-06-13 01:27:14.931 DEBUG [DiscoveryClient-CacheRefreshExecutor-0] c.netflix.discovery.DiscoveryClient - Completed cache refresh task for discovery. All Apps hash code is Local region apps hashcode: UP_6_, is fetching remote regions? false 
2026-06-13 01:27:15.332 DEBUG [http-nio-8086-exec-6] c.c.c.service.ChatSessionService - Session 0fe739eca83141d9ac26d844ba8d226a found in cache
2026-06-13 01:27:15.466 DEBUG [http-nio-8086-exec-7] c.c.c.service.ChatSessionService - Session 0fe739eca83141d9ac26d844ba8d226a found in cache
2026-06-13 01:27:15.988 DEBUG [http-nio-8086-exec-5] c.c.c.service.ChatSessionService - Session 0fe739eca83141d9ac26d844ba8d226a found in cache
2026-06-13 01:27:16.143 DEBUG [http-nio-8086-exec-3] c.c.c.service.ChatSessionService - Session 0fe739eca83141d9ac26d844ba8d226a found in cache
2026-06-13 01:27:17.242 DEBUG [http-nio-8086-exec-4] c.c.c.service.ChatSessionService - Session 0fe739eca83141d9ac26d844ba8d226a found in cache
2026-06-13 01:27:17.244 DEBUG [http-nio-8086-exec-4] c.c.c.service.ChatSessionService - Updated context for session 0fe739eca83141d9ac26d844ba8d226a
2026-06-13 01:27:17.448 DEBUG [http-nio-8086-exec-9] c.c.c.service.ChatSessionService - Session 105f38b13d9e495785061e29600283e6 found in cache
2026-06-13 01:27:17.737 DEBUG [http-nio-8086-exec-10] c.c.c.service.ChatSessionService - Session 105f38b13d9e495785061e29600283e6 found in cache
2026-06-13 01:27:21.210 DEBUG [http-nio-8086-exec-1] c.c.c.service.ChatSessionService - Session 0fe739eca83141d9ac26d844ba8d226a found in cache
2026-06-13 01:27:21.214 DEBUG [http-nio-8086-exec-1] c.c.c.service.ChatSessionService - Updated context for session 0fe739eca83141d9ac26d844ba8d226a
2026-06-13 01:27:41.069 DEBUG [http-nio-8086-exec-2] c.c.c.service.ChatSessionService - Session 0fe739eca83141d9ac26d844ba8d226a found in cache
2026-06-13 01:27:41.071 DEBUG [http-nio-8086-exec-2] c.c.c.service.ChatSessionService - Extended session 0fe739eca83141d9ac26d844ba8d226a
2026-06-13 01:27:41.131 DEBUG [http-nio-8086-exec-6] c.c.c.service.ChatSessionService - Session 0fe739eca83141d9ac26d844ba8d226a found in cache
2026-06-13 01:27:41.133 DEBUG [http-nio-8086-exec-6] c.c.c.service.ChatSessionService - Extended session 0fe739eca83141d9ac26d844ba8d226a
2026-06-13 01:27:43.063 DEBUG [http-nio-8086-exec-7] c.c.c.service.ChatSessionService - Session 105f38b13d9e495785061e29600283e6 found in cache
2026-06-13 01:27:43.067 DEBUG [http-nio-8086-exec-7] c.c.c.service.ChatSessionService - Extended session 105f38b13d9e495785061e29600283e6
2026-06-13 01:27:43.865 DEBUG [DiscoveryClient-HeartbeatExecutor-0] c.netflix.discovery.DiscoveryClient - DiscoveryClient_CHATBOT-MICROSERVICE/chatbot-microservice:f7ea7abaac0af316d677d10b7c409315 - Heartbeat status: 200
2026-06-13 01:27:44.952 DEBUG [DiscoveryClient-CacheRefreshExecutor-0] c.netflix.discovery.DiscoveryClient - Got delta update with apps hashcode UP_6_
2026-06-13 01:27:44.952 DEBUG [DiscoveryClient-CacheRefreshExecutor-0] c.netflix.discovery.DiscoveryClient - The total number of instances fetched by the delta processor : 0
2026-06-13 01:27:44.952 DEBUG [DiscoveryClient-CacheRefreshExecutor-0] c.netflix.discovery.DiscoveryClient - The total number of all instances in the client now is 6
2026-06-13 01:27:44.952 DEBUG [DiscoveryClient-CacheRefreshExecutor-0] c.netflix.discovery.DiscoveryClient - Completed cache refresh task for discovery. All Apps hash code is Local region apps hashcode: UP_6_, is fetching remote regions? false 
2026-06-13 01:28:06.067 DEBUG [http-nio-8086-exec-3] c.c.c.service.ChatSessionService - Session 0fe739eca83141d9ac26d844ba8d226a found in cache
2026-06-13 01:28:06.069 DEBUG [http-nio-8086-exec-3] c.c.c.service.ChatSessionService - Extended session 0fe739eca83141d9ac26d844ba8d226a
2026-06-13 01:28:06.139 DEBUG [http-nio-8086-exec-4] c.c.c.service.ChatSessionService - Session 0fe739eca83141d9ac26d844ba8d226a found in cache
2026-06-13 01:28:06.140 DEBUG [http-nio-8086-exec-4] c.c.c.service.ChatSessionService - Extended session 0fe739eca83141d9ac26d844ba8d226a
2026-06-13 01:28:08.071 DEBUG [http-nio-8086-exec-9] c.c.c.service.ChatSessionService - Session 105f38b13d9e495785061e29600283e6 found in cache
2026-06-13 01:28:08.075 DEBUG [http-nio-8086-exec-9] c.c.c.service.ChatSessionService - Extended session 105f38b13d9e495785061e29600283e6
2026-06-13 01:28:14.047 DEBUG [DiscoveryClient-HeartbeatExecutor-0] c.netflix.discovery.DiscoveryClient - DiscoveryClient_CHATBOT-MICROSERVICE/chatbot-microservice:f7ea7abaac0af316d677d10b7c409315 - Heartbeat status: 200
2026-06-13 01:28:14.963 DEBUG [DiscoveryClient-CacheRefreshExecutor-0] c.netflix.discovery.DiscoveryClient - Got delta update with apps hashcode UP_6_
2026-06-13 01:28:14.963 DEBUG [DiscoveryClient-CacheRefreshExecutor-0] c.netflix.discovery.DiscoveryClient - The total number of instances fetched by the delta processor : 0
2026-06-13 01:28:14.963 DEBUG [DiscoveryClient-CacheRefreshExecutor-0] c.netflix.discovery.DiscoveryClient - The total number of all instances in the client now is 6
2026-06-13 01:28:14.963 DEBUG [DiscoveryClient-CacheRefreshExecutor-0] c.netflix.discovery.DiscoveryClient - Completed cache refresh task for discovery. All Apps hash code is Local region apps hashcode: UP_6_, is fetching remote regions? false 
2026-06-13 01:28:30.844 DEBUG [http-nio-8086-exec-1] c.c.c.service.ChatSessionService - Session 0fe739eca83141d9ac26d844ba8d226a found in cache
2026-06-13 01:28:30.845 DEBUG [http-nio-8086-exec-1] c.c.c.service.ChatSessionService - Extended session 0fe739eca83141d9ac26d844ba8d226a
2026-06-13 01:28:35.135 DEBUG [http-nio-8086-exec-8] c.c.c.service.ChatSessionService - Session 105f38b13d9e495785061e29600283e6 found in cache
2026-06-13 01:28:35.137 DEBUG [http-nio-8086-exec-8] c.c.c.service.ChatSessionService - Extended session 105f38b13d9e495785061e29600283e6
2026-06-13 01:28:35.478 DEBUG [http-nio-8086-exec-2] c.c.c.service.ChatSessionService - Session 0fe739eca83141d9ac26d844ba8d226a found in cache
2026-06-13 01:28:35.479 DEBUG [http-nio-8086-exec-2] c.c.c.service.ChatSessionService - Extended session 0fe739eca83141d9ac26d844ba8d226a
2026-06-13 01:28:44.094 DEBUG [DiscoveryClient-HeartbeatExecutor-0] c.netflix.discovery.DiscoveryClient - DiscoveryClient_CHATBOT-MICROSERVICE/chatbot-microservice:f7ea7abaac0af316d677d10b7c409315 - Heartbeat status: 200
2026-06-13 01:28:44.987 DEBUG [DiscoveryClient-CacheRefreshExecutor-0] c.netflix.discovery.DiscoveryClient - Got delta update with apps hashcode UP_6_
2026-06-13 01:28:44.989 DEBUG [DiscoveryClient-CacheRefreshExecutor-0] c.netflix.discovery.DiscoveryClient - The total number of instances fetched by the delta processor : 0
2026-06-13 01:28:44.989 DEBUG [DiscoveryClient-CacheRefreshExecutor-0] c.netflix.discovery.DiscoveryClient - The total number of all instances in the client now is 6
2026-06-13 01:28:44.989 DEBUG [DiscoveryClient-CacheRefreshExecutor-0] c.netflix.discovery.DiscoveryClient - Completed cache refresh task for discovery. All Apps hash code is Local region apps hashcode: UP_6_, is fetching remote regions? false 
2026-06-13 01:28:55.853 DEBUG [http-nio-8086-exec-7] c.c.c.service.ChatSessionService - Session 0fe739eca83141d9ac26d844ba8d226a found in cache
2026-06-13 01:28:55.853 DEBUG [http-nio-8086-exec-7] c.c.c.service.ChatSessionService - Extended session 0fe739eca83141d9ac26d844ba8d226a
2026-06-13 01:28:56.195 DEBUG [http-nio-8086-exec-5] c.c.c.service.ChatSessionService - Session 0fe739eca83141d9ac26d844ba8d226a found in cache
2026-06-13 01:28:56.197 DEBUG [http-nio-8086-exec-5] c.c.c.service.ChatSessionService - Extended session 0fe739eca83141d9ac26d844ba8d226a
2026-06-13 01:28:58.453 DEBUG [http-nio-8086-exec-3] c.c.c.service.ChatSessionService - Session 105f38b13d9e495785061e29600283e6 found in cache
2026-06-13 01:28:58.453 DEBUG [http-nio-8086-exec-3] c.c.c.service.ChatSessionService - Extended session 105f38b13d9e495785061e29600283e6
2026-06-13 01:29:15.092 DEBUG [DiscoveryClient-HeartbeatExecutor-0] c.netflix.discovery.DiscoveryClient - DiscoveryClient_CHATBOT-MICROSERVICE/chatbot-microservice:f7ea7abaac0af316d677d10b7c409315 - Heartbeat status: 200
2026-06-13 01:29:15.113 DEBUG [DiscoveryClient-CacheRefreshExecutor-0] c.netflix.discovery.DiscoveryClient - Got delta update with apps hashcode UP_6_
2026-06-13 01:29:15.113 DEBUG [DiscoveryClient-CacheRefreshExecutor-0] c.netflix.discovery.DiscoveryClient - The total number of instances fetched by the delta processor : 0
2026-06-13 01:29:15.115 DEBUG [DiscoveryClient-CacheRefreshExecutor-0] c.netflix.discovery.DiscoveryClient - The total number of all instances in the client now is 6
2026-06-13 01:29:15.115 DEBUG [DiscoveryClient-CacheRefreshExecutor-0] c.netflix.discovery.DiscoveryClient - Completed cache refresh task for discovery. All Apps hash code is Local region apps hashcode: UP_6_, is fetching remote regions? false 
2026-06-13 01:29:20.837 DEBUG [http-nio-8086-exec-9] c.c.c.service.ChatSessionService - Session 0fe739eca83141d9ac26d844ba8d226a found in cache
2026-06-13 01:29:20.839 DEBUG [http-nio-8086-exec-9] c.c.c.service.ChatSessionService - Extended session 0fe739eca83141d9ac26d844ba8d226a
2026-06-13 01:29:21.092 DEBUG [http-nio-8086-exec-10] c.c.c.service.ChatSessionService - Session 0fe739eca83141d9ac26d844ba8d226a found in cache
2026-06-13 01:29:21.093 DEBUG [http-nio-8086-exec-10] c.c.c.service.ChatSessionService - Extended session 0fe739eca83141d9ac26d844ba8d226a
2026-06-13 01:29:45.722 DEBUG [DiscoveryClient-CacheRefreshExecutor-0] c.netflix.discovery.DiscoveryClient - Got delta update with apps hashcode UP_6_
2026-06-13 01:29:45.722 DEBUG [DiscoveryClient-CacheRefreshExecutor-0] c.netflix.discovery.DiscoveryClient - The total number of instances fetched by the delta processor : 0
2026-06-13 01:29:45.722 DEBUG [DiscoveryClient-CacheRefreshExecutor-0] c.netflix.discovery.DiscoveryClient - The total number of all instances in the client now is 6
2026-06-13 01:29:45.722 DEBUG [DiscoveryClient-CacheRefreshExecutor-0] c.netflix.discovery.DiscoveryClient - Completed cache refresh task for discovery. All Apps hash code is Local region apps hashcode: UP_6_, is fetching remote regions? false 
2026-06-13 01:29:45.754 DEBUG [DiscoveryClient-HeartbeatExecutor-0] c.netflix.discovery.DiscoveryClient - DiscoveryClient_CHATBOT-MICROSERVICE/chatbot-microservice:f7ea7abaac0af316d677d10b7c409315 - Heartbeat status: 200
2026-06-13 01:29:46.147 DEBUG [http-nio-8086-exec-8] c.c.c.service.ChatSessionService - Session 0fe739eca83141d9ac26d844ba8d226a found in cache
2026-06-13 01:29:46.160 DEBUG [http-nio-8086-exec-8] c.c.c.service.ChatSessionService - Extended session 0fe739eca83141d9ac26d844ba8d226a
2026-06-13 01:29:46.291 DEBUG [http-nio-8086-exec-2] c.c.c.service.ChatSessionService - Session 0fe739eca83141d9ac26d844ba8d226a found in cache
2026-06-13 01:29:46.293 DEBUG [http-nio-8086-exec-2] c.c.c.service.ChatSessionService - Extended session 0fe739eca83141d9ac26d844ba8d226a
2026-06-13 01:30:10.844 DEBUG [http-nio-8086-exec-7] c.c.c.service.ChatSessionService - Session 0fe739eca83141d9ac26d844ba8d226a found in cache
2026-06-13 01:30:10.845 DEBUG [http-nio-8086-exec-7] c.c.c.service.ChatSessionService - Extended session 0fe739eca83141d9ac26d844ba8d226a
2026-06-13 01:30:15.754 DEBUG [DiscoveryClient-CacheRefreshExecutor-0] c.netflix.discovery.DiscoveryClient - Got delta update with apps hashcode UP_6_
2026-06-13 01:30:15.754 DEBUG [DiscoveryClient-CacheRefreshExecutor-0] c.netflix.discovery.DiscoveryClient - The total number of instances fetched by the delta processor : 0
2026-06-13 01:30:15.754 DEBUG [DiscoveryClient-CacheRefreshExecutor-0] c.netflix.discovery.DiscoveryClient - The total number of all instances in the client now is 6
2026-06-13 01:30:15.755 DEBUG [DiscoveryClient-CacheRefreshExecutor-0] c.netflix.discovery.DiscoveryClient - Completed cache refresh task for discovery. All Apps hash code is Local region apps hashcode: UP_6_, is fetching remote regions? false 
2026-06-13 01:30:15.758 DEBUG [DiscoveryClient-HeartbeatExecutor-0] c.netflix.discovery.DiscoveryClient - DiscoveryClient_CHATBOT-MICROSERVICE/chatbot-microservice:f7ea7abaac0af316d677d10b7c409315 - Heartbeat status: 200
2026-06-13 01:30:23.385 DEBUG [http-nio-8086-exec-3] c.c.c.service.ChatSessionService - Session 0fe739eca83141d9ac26d844ba8d226a found in cache
2026-06-13 01:30:23.387 DEBUG [http-nio-8086-exec-3] c.c.c.service.ChatSessionService - Extended session 0fe739eca83141d9ac26d844ba8d226a
2026-06-13 01:30:35.855 DEBUG [http-nio-8086-exec-9] c.c.c.service.ChatSessionService - Session 0fe739eca83141d9ac26d844ba8d226a found in cache
2026-06-13 01:30:35.855 DEBUG [http-nio-8086-exec-9] c.c.c.service.ChatSessionService - Extended session 0fe739eca83141d9ac26d844ba8d226a
2026-06-13 01:30:45.782 DEBUG [DiscoveryClient-CacheRefreshExecutor-0] c.netflix.discovery.DiscoveryClient - Got delta update with apps hashcode UP_6_
2026-06-13 01:30:45.782 DEBUG [DiscoveryClient-CacheRefreshExecutor-0] c.netflix.discovery.DiscoveryClient - The total number of instances fetched by the delta processor : 0
2026-06-13 01:30:45.782 DEBUG [DiscoveryClient-CacheRefreshExecutor-0] c.netflix.discovery.DiscoveryClient - The total number of all instances in the client now is 6
2026-06-13 01:30:45.782 DEBUG [DiscoveryClient-CacheRefreshExecutor-0] c.netflix.discovery.DiscoveryClient - Completed cache refresh task for discovery. All Apps hash code is Local region apps hashcode: UP_6_, is fetching remote regions? false 
2026-06-13 01:30:45.782 DEBUG [DiscoveryClient-HeartbeatExecutor-0] c.netflix.discovery.DiscoveryClient - DiscoveryClient_CHATBOT-MICROSERVICE/chatbot-microservice:f7ea7abaac0af316d677d10b7c409315 - Heartbeat status: 200
2026-06-13 01:30:50.580 DEBUG [http-nio-8086-exec-1] c.c.c.service.ChatSessionService - Session 0fe739eca83141d9ac26d844ba8d226a found in cache
2026-06-13 01:30:50.645 DEBUG [http-nio-8086-exec-1] c.c.c.service.ChatSessionService - Updated context for session 0fe739eca83141d9ac26d844ba8d226a
2026-06-13 01:31:01.072 DEBUG [http-nio-8086-exec-2] c.c.c.service.ChatSessionService - Session 0fe739eca83141d9ac26d844ba8d226a found in cache
2026-06-13 01:31:01.074 DEBUG [http-nio-8086-exec-2] c.c.c.service.ChatSessionService - Extended session 0fe739eca83141d9ac26d844ba8d226a
2026-06-13 01:31:15.822 DEBUG [DiscoveryClient-CacheRefreshExecutor-0] c.netflix.discovery.DiscoveryClient - Got delta update with apps hashcode UP_6_
2026-06-13 01:31:15.822 DEBUG [DiscoveryClient-CacheRefreshExecutor-0] c.netflix.discovery.DiscoveryClient - The total number of instances fetched by the delta processor : 0
2026-06-13 01:31:15.822 DEBUG [DiscoveryClient-CacheRefreshExecutor-0] c.netflix.discovery.DiscoveryClient - The total number of all instances in the client now is 6
2026-06-13 01:31:15.824 DEBUG [DiscoveryClient-HeartbeatExecutor-0] c.netflix.discovery.DiscoveryClient - DiscoveryClient_CHATBOT-MICROSERVICE/chatbot-microservice:f7ea7abaac0af316d677d10b7c409315 - Heartbeat status: 200
2026-06-13 01:31:15.824 DEBUG [DiscoveryClient-CacheRefreshExecutor-0] c.netflix.discovery.DiscoveryClient - Completed cache refresh task for discovery. All Apps hash code is Local region apps hashcode: UP_6_, is fetching remote regions? false 
2026-06-13 01:31:16.582 INFO  [AsyncResolver-bootstrap-executor-0] c.n.d.s.r.aws.ConfigClusterResolver - Resolving eureka endpoints via configuration
2026-06-13 01:31:16.588 DEBUG [AsyncResolver-bootstrap-executor-0] c.n.discovery.endpoint.EndpointUtils - The availability zone for the given region us-east-1 are [defaultZone]
2026-06-13 01:31:16.603 DEBUG [AsyncResolver-bootstrap-executor-0] c.n.d.s.r.aws.ConfigClusterResolver - Config resolved to [AwsEndpoint{ serviceUrl='http://localhost:8761/eureka/', region='us-east-1', zone='defaultZone'}]
2026-06-13 01:31:16.608 DEBUG [AsyncResolver-bootstrap-executor-0] c.n.d.s.r.a.ZoneAffinityClusterResolver - Local zone=defaultZone; resolved to: [AwsEndpoint{ serviceUrl='http://localhost:8761/eureka/', region='us-east-1', zone='defaultZone'}]
2026-06-13 01:31:16.608 DEBUG [AsyncResolver-bootstrap-executor-0] c.n.d.shared.resolver.AsyncResolver - Resolved to [AwsEndpoint{ serviceUrl='http://localhost:8761/eureka/', region='us-east-1', zone='defaultZone'}]
2026-06-13 01:31:23.382 DEBUG [http-nio-8086-exec-7] c.c.c.service.ChatSessionService - Session 0fe739eca83141d9ac26d844ba8d226a found in cache
2026-06-13 01:31:23.384 DEBUG [http-nio-8086-exec-7] c.c.c.service.ChatSessionService - Extended session 0fe739eca83141d9ac26d844ba8d226a
2026-06-13 01:31:29.890 DEBUG [http-nio-8086-exec-3] c.c.c.service.ChatSessionService - Session 0fe739eca83141d9ac26d844ba8d226a found in cache
2026-06-13 01:31:29.892 DEBUG [http-nio-8086-exec-3] c.c.c.service.ChatSessionService - Extended session 0fe739eca83141d9ac26d844ba8d226a
2026-06-13 01:31:45.842 DEBUG [DiscoveryClient-CacheRefreshExecutor-0] c.netflix.discovery.DiscoveryClient - Got delta update with apps hashcode UP_6_
2026-06-13 01:31:45.842 DEBUG [DiscoveryClient-CacheRefreshExecutor-0] c.netflix.discovery.DiscoveryClient - The total number of instances fetched by the delta processor : 0
2026-06-13 01:31:45.842 DEBUG [DiscoveryClient-CacheRefreshExecutor-0] c.netflix.discovery.DiscoveryClient - The total number of all instances in the client now is 6
2026-06-13 01:31:45.844 DEBUG [DiscoveryClient-CacheRefreshExecutor-0] c.netflix.discovery.DiscoveryClient - Completed cache refresh task for discovery. All Apps hash code is Local region apps hashcode: UP_6_, is fetching remote regions? false 
2026-06-13 01:31:45.844 DEBUG [DiscoveryClient-HeartbeatExecutor-0] c.netflix.discovery.DiscoveryClient - DiscoveryClient_CHATBOT-MICROSERVICE/chatbot-microservice:f7ea7abaac0af316d677d10b7c409315 - Heartbeat status: 200
2026-06-13 01:31:51.061 DEBUG [http-nio-8086-exec-9] c.c.c.service.ChatSessionService - Session 0fe739eca83141d9ac26d844ba8d226a found in cache
2026-06-13 01:31:51.065 DEBUG [http-nio-8086-exec-9] c.c.c.service.ChatSessionService - Extended session 0fe739eca83141d9ac26d844ba8d226a
2026-06-13 01:32:15.871 DEBUG [DiscoveryClient-CacheRefreshExecutor-0] c.netflix.discovery.DiscoveryClient - Got delta update with apps hashcode UP_6_
2026-06-13 01:32:15.871 DEBUG [DiscoveryClient-CacheRefreshExecutor-0] c.netflix.discovery.DiscoveryClient - The total number of instances fetched by the delta processor : 0
2026-06-13 01:32:15.871 DEBUG [DiscoveryClient-CacheRefreshExecutor-0] c.netflix.discovery.DiscoveryClient - The total number of all instances in the client now is 6
2026-06-13 01:32:15.871 DEBUG [DiscoveryClient-CacheRefreshExecutor-0] c.netflix.discovery.DiscoveryClient - Completed cache refresh task for discovery. All Apps hash code is Local region apps hashcode: UP_6_, is fetching remote regions? false 
2026-06-13 01:32:15.876 DEBUG [DiscoveryClient-HeartbeatExecutor-0] c.netflix.discovery.DiscoveryClient - DiscoveryClient_CHATBOT-MICROSERVICE/chatbot-microservice:f7ea7abaac0af316d677d10b7c409315 - Heartbeat status: 200
2026-06-13 01:32:23.082 DEBUG [http-nio-8086-exec-1] c.c.c.service.ChatSessionService - Session 0fe739eca83141d9ac26d844ba8d226a found in cache
2026-06-13 01:32:23.084 DEBUG [http-nio-8086-exec-1] c.c.c.service.ChatSessionService - Extended session 0fe739eca83141d9ac26d844ba8d226a
2026-06-13 01:32:23.181 DEBUG [http-nio-8086-exec-8] c.c.c.service.ChatSessionService - Session 0fe739eca83141d9ac26d844ba8d226a found in cache
2026-06-13 01:32:23.183 DEBUG [http-nio-8086-exec-8] c.c.c.service.ChatSessionService - Extended session 0fe739eca83141d9ac26d844ba8d226a
2026-06-13 01:32:45.897 DEBUG [DiscoveryClient-CacheRefreshExecutor-0] c.netflix.discovery.DiscoveryClient - Got delta update with apps hashcode UP_6_
2026-06-13 01:32:45.898 DEBUG [DiscoveryClient-HeartbeatExecutor-0] c.netflix.discovery.DiscoveryClient - DiscoveryClient_CHATBOT-MICROSERVICE/chatbot-microservice:f7ea7abaac0af316d677d10b7c409315 - Heartbeat status: 200
2026-06-13 01:32:45.898 DEBUG [DiscoveryClient-CacheRefreshExecutor-0] c.netflix.discovery.DiscoveryClient - The total number of instances fetched by the delta processor : 0
2026-06-13 01:32:45.898 DEBUG [DiscoveryClient-CacheRefreshExecutor-0] c.netflix.discovery.DiscoveryClient - The total number of all instances in the client now is 6
2026-06-13 01:32:45.899 DEBUG [DiscoveryClient-CacheRefreshExecutor-0] c.netflix.discovery.DiscoveryClient - Completed cache refresh task for discovery. All Apps hash code is Local region apps hashcode: UP_6_, is fetching remote regions? false 
2026-06-13 01:33:17.313 DEBUG [DiscoveryClient-HeartbeatExecutor-0] c.netflix.discovery.DiscoveryClient - DiscoveryClient_CHATBOT-MICROSERVICE/chatbot-microservice:f7ea7abaac0af316d677d10b7c409315 - Heartbeat status: 200
2026-06-13 01:33:17.342 DEBUG [DiscoveryClient-CacheRefreshExecutor-0] c.netflix.discovery.DiscoveryClient - Got delta update with apps hashcode UP_6_
2026-06-13 01:33:17.342 DEBUG [DiscoveryClient-CacheRefreshExecutor-0] c.netflix.discovery.DiscoveryClient - The total number of instances fetched by the delta processor : 0
2026-06-13 01:33:17.747 DEBUG [DiscoveryClient-CacheRefreshExecutor-0] c.netflix.discovery.DiscoveryClient - The total number of all instances in the client now is 6
2026-06-13 01:33:17.747 DEBUG [DiscoveryClient-CacheRefreshExecutor-0] c.netflix.discovery.DiscoveryClient - Completed cache refresh task for discovery. All Apps hash code is Local region apps hashcode: UP_6_, is fetching remote regions? false 
2026-06-13 01:33:25.505 DEBUG [http-nio-8086-exec-6] c.c.c.service.ChatSessionService - Session 0fe739eca83141d9ac26d844ba8d226a found in cache
2026-06-13 01:33:25.507 DEBUG [http-nio-8086-exec-6] c.c.c.service.ChatSessionService - Extended session 0fe739eca83141d9ac26d844ba8d226a
2026-06-13 01:33:26.909 DEBUG [http-nio-8086-exec-7] c.c.c.service.ChatSessionService - Session 0fe739eca83141d9ac26d844ba8d226a found in cache
2026-06-13 01:33:26.910 DEBUG [http-nio-8086-exec-7] c.c.c.service.ChatSessionService - Extended session 0fe739eca83141d9ac26d844ba8d226a
2026-06-13 01:33:47.335 DEBUG [DiscoveryClient-HeartbeatExecutor-0] c.netflix.discovery.DiscoveryClient - DiscoveryClient_CHATBOT-MICROSERVICE/chatbot-microservice:f7ea7abaac0af316d677d10b7c409315 - Heartbeat status: 200
2026-06-13 01:33:47.769 DEBUG [DiscoveryClient-CacheRefreshExecutor-0] c.netflix.discovery.DiscoveryClient - Got delta update with apps hashcode UP_6_
2026-06-13 01:33:47.769 DEBUG [DiscoveryClient-CacheRefreshExecutor-0] c.netflix.discovery.DiscoveryClient - The total number of instances fetched by the delta processor : 0
2026-06-13 01:33:47.770 DEBUG [DiscoveryClient-CacheRefreshExecutor-0] c.netflix.discovery.DiscoveryClient - The total number of all instances in the client now is 6
2026-06-13 01:33:47.770 DEBUG [DiscoveryClient-CacheRefreshExecutor-0] c.netflix.discovery.DiscoveryClient - Completed cache refresh task for discovery. All Apps hash code is Local region apps hashcode: UP_6_, is fetching remote regions? false 
2026-06-13 01:34:17.345 DEBUG [DiscoveryClient-HeartbeatExecutor-0] c.netflix.discovery.DiscoveryClient - DiscoveryClient_CHATBOT-MICROSERVICE/chatbot-microservice:f7ea7abaac0af316d677d10b7c409315 - Heartbeat status: 200
2026-06-13 01:34:17.782 DEBUG [DiscoveryClient-CacheRefreshExecutor-0] c.netflix.discovery.DiscoveryClient - Got delta update with apps hashcode UP_6_
2026-06-13 01:34:17.782 DEBUG [DiscoveryClient-CacheRefreshExecutor-0] c.netflix.discovery.DiscoveryClient - The total number of instances fetched by the delta processor : 0
2026-06-13 01:34:17.783 DEBUG [DiscoveryClient-CacheRefreshExecutor-0] c.netflix.discovery.DiscoveryClient - The total number of all instances in the client now is 6
2026-06-13 01:34:17.783 DEBUG [DiscoveryClient-CacheRefreshExecutor-0] c.netflix.discovery.DiscoveryClient - Completed cache refresh task for discovery. All Apps hash code is Local region apps hashcode: UP_6_, is fetching remote regions? false 
2026-06-13 01:34:23.437 DEBUG [http-nio-8086-exec-3] c.c.c.service.ChatSessionService - Session 0fe739eca83141d9ac26d844ba8d226a found in cache
2026-06-13 01:34:23.531 DEBUG [http-nio-8086-exec-3] c.c.c.service.ChatSessionService - Extended session 0fe739eca83141d9ac26d844ba8d226a
2026-06-13 01:34:23.885 DEBUG [http-nio-8086-exec-4] c.c.c.service.ChatSessionService - Session 0fe739eca83141d9ac26d844ba8d226a found in cache
2026-06-13 01:34:23.902 DEBUG [http-nio-8086-exec-4] c.c.c.service.ChatSessionService - Extended session 0fe739eca83141d9ac26d844ba8d226a
2026-06-13 01:34:47.375 DEBUG [DiscoveryClient-HeartbeatExecutor-0] c.netflix.discovery.DiscoveryClient - DiscoveryClient_CHATBOT-MICROSERVICE/chatbot-microservice:f7ea7abaac0af316d677d10b7c409315 - Heartbeat status: 200
2026-06-13 01:34:47.792 DEBUG [DiscoveryClient-CacheRefreshExecutor-0] c.netflix.discovery.DiscoveryClient - Got delta update with apps hashcode UP_6_
2026-06-13 01:34:47.794 DEBUG [DiscoveryClient-CacheRefreshExecutor-0] c.netflix.discovery.DiscoveryClient - The total number of instances fetched by the delta processor : 0
2026-06-13 01:34:47.794 DEBUG [DiscoveryClient-CacheRefreshExecutor-0] c.netflix.discovery.DiscoveryClient - The total number of all instances in the client now is 6
2026-06-13 01:34:47.794 DEBUG [DiscoveryClient-CacheRefreshExecutor-0] c.netflix.discovery.DiscoveryClient - Completed cache refresh task for discovery. All Apps hash code is Local region apps hashcode: UP_6_, is fetching remote regions? false 
2026-06-13 01:35:17.422 DEBUG [DiscoveryClient-HeartbeatExecutor-0] c.netflix.discovery.DiscoveryClient - DiscoveryClient_CHATBOT-MICROSERVICE/chatbot-microservice:f7ea7abaac0af316d677d10b7c409315 - Heartbeat status: 200
2026-06-13 01:35:17.821 DEBUG [DiscoveryClient-CacheRefreshExecutor-0] c.netflix.discovery.DiscoveryClient - Got delta update with apps hashcode UP_6_
2026-06-13 01:35:17.821 DEBUG [DiscoveryClient-CacheRefreshExecutor-0] c.netflix.discovery.DiscoveryClient - The total number of instances fetched by the delta processor : 0
2026-06-13 01:35:17.823 DEBUG [DiscoveryClient-CacheRefreshExecutor-0] c.netflix.discovery.DiscoveryClient - The total number of all instances in the client now is 6
2026-06-13 01:35:17.823 DEBUG [DiscoveryClient-CacheRefreshExecutor-0] c.netflix.discovery.DiscoveryClient - Completed cache refresh task for discovery. All Apps hash code is Local region apps hashcode: UP_6_, is fetching remote regions? false 
2026-06-13 01:35:23.277 DEBUG [http-nio-8086-exec-10] c.c.c.service.ChatSessionService - Session 0fe739eca83141d9ac26d844ba8d226a found in cache
2026-06-13 01:35:23.288 DEBUG [http-nio-8086-exec-10] c.c.c.service.ChatSessionService - Extended session 0fe739eca83141d9ac26d844ba8d226a
2026-06-13 01:35:23.573 DEBUG [http-nio-8086-exec-1] c.c.c.service.ChatSessionService - Session 0fe739eca83141d9ac26d844ba8d226a found in cache
2026-06-13 01:35:23.575 DEBUG [http-nio-8086-exec-1] c.c.c.service.ChatSessionService - Extended session 0fe739eca83141d9ac26d844ba8d226a
2026-06-13 01:35:47.432 DEBUG [DiscoveryClient-HeartbeatExecutor-0] c.n.d.s.t.d.SessionedEurekaHttpClient - Ending a session and starting anew
2026-06-13 01:35:47.844 DEBUG [DiscoveryClient-CacheRefreshExecutor-0] c.netflix.discovery.DiscoveryClient - Got delta update with apps hashcode UP_6_
2026-06-13 01:35:47.844 DEBUG [DiscoveryClient-CacheRefreshExecutor-0] c.netflix.discovery.DiscoveryClient - The total number of instances fetched by the delta processor : 0
2026-06-13 01:35:47.846 DEBUG [DiscoveryClient-CacheRefreshExecutor-0] c.netflix.discovery.DiscoveryClient - The total number of all instances in the client now is 6
2026-06-13 01:35:47.846 DEBUG [DiscoveryClient-CacheRefreshExecutor-0] c.netflix.discovery.DiscoveryClient - Completed cache refresh task for discovery. All Apps hash code is Local region apps hashcode: UP_6_, is fetching remote regions? false 
2026-06-13 01:35:48.237 DEBUG [DiscoveryClient-HeartbeatExecutor-0] c.n.d.s.t.d.RedirectingEurekaHttpClient - Pinning to endpoint null
2026-06-13 01:35:48.237 DEBUG [DiscoveryClient-HeartbeatExecutor-0] c.netflix.discovery.DiscoveryClient - DiscoveryClient_CHATBOT-MICROSERVICE/chatbot-microservice:f7ea7abaac0af316d677d10b7c409315 - Heartbeat status: 200
2026-06-13 01:36:16.621 INFO  [AsyncResolver-bootstrap-executor-0] c.n.d.s.r.aws.ConfigClusterResolver - Resolving eureka endpoints via configuration
2026-06-13 01:36:16.624 DEBUG [AsyncResolver-bootstrap-executor-0] c.n.discovery.endpoint.EndpointUtils - The availability zone for the given region us-east-1 are [defaultZone]
2026-06-13 01:36:16.629 DEBUG [AsyncResolver-bootstrap-executor-0] c.n.d.s.r.aws.ConfigClusterResolver - Config resolved to [AwsEndpoint{ serviceUrl='http://localhost:8761/eureka/', region='us-east-1', zone='defaultZone'}]
2026-06-13 01:36:16.631 DEBUG [AsyncResolver-bootstrap-executor-0] c.n.d.s.r.a.ZoneAffinityClusterResolver - Local zone=defaultZone; resolved to: [AwsEndpoint{ serviceUrl='http://localhost:8761/eureka/', region='us-east-1', zone='defaultZone'}]
2026-06-13 01:36:16.631 DEBUG [AsyncResolver-bootstrap-executor-0] c.n.d.shared.resolver.AsyncResolver - Resolved to [AwsEndpoint{ serviceUrl='http://localhost:8761/eureka/', region='us-east-1', zone='defaultZone'}]
2026-06-13 01:36:17.869 DEBUG [DiscoveryClient-CacheRefreshExecutor-0] c.netflix.discovery.DiscoveryClient - Got delta update with apps hashcode UP_6_
2026-06-13 01:36:17.869 DEBUG [DiscoveryClient-CacheRefreshExecutor-0] c.netflix.discovery.DiscoveryClient - The total number of instances fetched by the delta processor : 0
2026-06-13 01:36:17.869 DEBUG [DiscoveryClient-CacheRefreshExecutor-0] c.netflix.discovery.DiscoveryClient - The total number of all instances in the client now is 6
2026-06-13 01:36:17.869 DEBUG [DiscoveryClient-CacheRefreshExecutor-0] c.netflix.discovery.DiscoveryClient - Completed cache refresh task for discovery. All Apps hash code is Local region apps hashcode: UP_6_, is fetching remote regions? false 
2026-06-13 01:36:18.246 DEBUG [DiscoveryClient-HeartbeatExecutor-0] c.netflix.discovery.DiscoveryClient - DiscoveryClient_CHATBOT-MICROSERVICE/chatbot-microservice:f7ea7abaac0af316d677d10b7c409315 - Heartbeat status: 200
2026-06-13 01:36:23.082 DEBUG [http-nio-8086-exec-2] c.c.c.service.ChatSessionService - Session 0fe739eca83141d9ac26d844ba8d226a found in cache
2026-06-13 01:36:23.085 DEBUG [http-nio-8086-exec-2] c.c.c.service.ChatSessionService - Extended session 0fe739eca83141d9ac26d844ba8d226a
2026-06-13 01:36:23.192 DEBUG [http-nio-8086-exec-6] c.c.c.service.ChatSessionService - Session 0fe739eca83141d9ac26d844ba8d226a found in cache
2026-06-13 01:36:23.192 DEBUG [http-nio-8086-exec-6] c.c.c.service.ChatSessionService - Extended session 0fe739eca83141d9ac26d844ba8d226a
2026-06-13 01:36:47.895 DEBUG [DiscoveryClient-CacheRefreshExecutor-0] c.netflix.discovery.DiscoveryClient - Got delta update with apps hashcode UP_6_
2026-06-13 01:36:47.895 DEBUG [DiscoveryClient-CacheRefreshExecutor-0] c.netflix.discovery.DiscoveryClient - The total number of instances fetched by the delta processor : 0
2026-06-13 01:36:47.895 DEBUG [DiscoveryClient-CacheRefreshExecutor-0] c.netflix.discovery.DiscoveryClient - The total number of all instances in the client now is 6
2026-06-13 01:36:47.895 DEBUG [DiscoveryClient-CacheRefreshExecutor-0] c.netflix.discovery.DiscoveryClient - Completed cache refresh task for discovery. All Apps hash code is Local region apps hashcode: UP_6_, is fetching remote regions? false 
2026-06-13 01:36:48.259 DEBUG [DiscoveryClient-HeartbeatExecutor-0] c.netflix.discovery.DiscoveryClient - DiscoveryClient_CHATBOT-MICROSERVICE/chatbot-microservice:f7ea7abaac0af316d677d10b7c409315 - Heartbeat status: 200
2026-06-13 01:37:17.934 DEBUG [DiscoveryClient-CacheRefreshExecutor-0] c.netflix.discovery.DiscoveryClient - Got delta update with apps hashcode UP_6_
2026-06-13 01:37:17.934 DEBUG [DiscoveryClient-CacheRefreshExecutor-0] c.netflix.discovery.DiscoveryClient - The total number of instances fetched by the delta processor : 0
2026-06-13 01:37:17.935 DEBUG [DiscoveryClient-CacheRefreshExecutor-0] c.netflix.discovery.DiscoveryClient - The total number of all instances in the client now is 6
2026-06-13 01:37:17.935 DEBUG [DiscoveryClient-CacheRefreshExecutor-0] c.netflix.discovery.DiscoveryClient - Completed cache refresh task for discovery. All Apps hash code is Local region apps hashcode: UP_6_, is fetching remote regions? false 
2026-06-13 01:37:18.275 DEBUG [DiscoveryClient-HeartbeatExecutor-0] c.netflix.discovery.DiscoveryClient - DiscoveryClient_CHATBOT-MICROSERVICE/chatbot-microservice:f7ea7abaac0af316d677d10b7c409315 - Heartbeat status: 200
2026-06-13 01:37:23.094 DEBUG [http-nio-8086-exec-5] c.c.c.service.ChatSessionService - Session 0fe739eca83141d9ac26d844ba8d226a found in cache
2026-06-13 01:37:23.099 DEBUG [http-nio-8086-exec-5] c.c.c.service.ChatSessionService - Extended session 0fe739eca83141d9ac26d844ba8d226a
2026-06-13 01:37:23.187 DEBUG [http-nio-8086-exec-3] c.c.c.service.ChatSessionService - Session 0fe739eca83141d9ac26d844ba8d226a found in cache
2026-06-13 01:37:23.189 DEBUG [http-nio-8086-exec-3] c.c.c.service.ChatSessionService - Extended session 0fe739eca83141d9ac26d844ba8d226a
2026-06-13 01:37:47.963 DEBUG [DiscoveryClient-CacheRefreshExecutor-0] c.netflix.discovery.DiscoveryClient - Got delta update with apps hashcode UP_6_
2026-06-13 01:37:47.964 DEBUG [DiscoveryClient-CacheRefreshExecutor-0] c.netflix.discovery.DiscoveryClient - The total number of instances fetched by the delta processor : 0
2026-06-13 01:37:47.964 DEBUG [DiscoveryClient-CacheRefreshExecutor-0] c.netflix.discovery.DiscoveryClient - The total number of all instances in the client now is 6
2026-06-13 01:37:47.964 DEBUG [DiscoveryClient-CacheRefreshExecutor-0] c.netflix.discovery.DiscoveryClient - Completed cache refresh task for discovery. All Apps hash code is Local region apps hashcode: UP_6_, is fetching remote regions? false 
2026-06-13 01:37:48.278 DEBUG [DiscoveryClient-HeartbeatExecutor-0] c.netflix.discovery.DiscoveryClient - DiscoveryClient_CHATBOT-MICROSERVICE/chatbot-microservice:f7ea7abaac0af316d677d10b7c409315 - Heartbeat status: 200
2026-06-13 01:38:17.979 DEBUG [DiscoveryClient-CacheRefreshExecutor-0] c.netflix.discovery.DiscoveryClient - Got delta update with apps hashcode UP_6_
2026-06-13 01:38:17.979 DEBUG [DiscoveryClient-CacheRefreshExecutor-0] c.netflix.discovery.DiscoveryClient - The total number of instances fetched by the delta processor : 0
2026-06-13 01:38:17.983 DEBUG [DiscoveryClient-CacheRefreshExecutor-0] c.netflix.discovery.DiscoveryClient - The total number of all instances in the client now is 6
2026-06-13 01:38:17.983 DEBUG [DiscoveryClient-CacheRefreshExecutor-0] c.netflix.discovery.DiscoveryClient - Completed cache refresh task for discovery. All Apps hash code is Local region apps hashcode: UP_6_, is fetching remote regions? false 
2026-06-13 01:38:18.296 DEBUG [DiscoveryClient-HeartbeatExecutor-0] c.netflix.discovery.DiscoveryClient - DiscoveryClient_CHATBOT-MICROSERVICE/chatbot-microservice:f7ea7abaac0af316d677d10b7c409315 - Heartbeat status: 200
2026-06-13 01:38:23.079 DEBUG [http-nio-8086-exec-9] c.c.c.service.ChatSessionService - Session 0fe739eca83141d9ac26d844ba8d226a found in cache
2026-06-13 01:38:23.081 DEBUG [http-nio-8086-exec-9] c.c.c.service.ChatSessionService - Extended session 0fe739eca83141d9ac26d844ba8d226a
2026-06-13 01:38:23.150 DEBUG [http-nio-8086-exec-10] c.c.c.service.ChatSessionService - Session 0fe739eca83141d9ac26d844ba8d226a found in cache
2026-06-13 01:38:23.151 DEBUG [http-nio-8086-exec-10] c.c.c.service.ChatSessionService - Extended session 0fe739eca83141d9ac26d844ba8d226a
2026-06-13 01:38:48.005 DEBUG [DiscoveryClient-CacheRefreshExecutor-0] c.netflix.discovery.DiscoveryClient - Got delta update with apps hashcode UP_6_
2026-06-13 01:38:48.005 DEBUG [DiscoveryClient-CacheRefreshExecutor-0] c.netflix.discovery.DiscoveryClient - The total number of instances fetched by the delta processor : 0
2026-06-13 01:38:48.006 DEBUG [DiscoveryClient-CacheRefreshExecutor-0] c.netflix.discovery.DiscoveryClient - The total number of all instances in the client now is 6
2026-06-13 01:38:48.006 DEBUG [DiscoveryClient-CacheRefreshExecutor-0] c.netflix.discovery.DiscoveryClient - Completed cache refresh task for discovery. All Apps hash code is Local region apps hashcode: UP_6_, is fetching remote regions? false 
2026-06-13 01:38:48.312 DEBUG [DiscoveryClient-HeartbeatExecutor-0] c.netflix.discovery.DiscoveryClient - DiscoveryClient_CHATBOT-MICROSERVICE/chatbot-microservice:f7ea7abaac0af316d677d10b7c409315 - Heartbeat status: 200
2026-06-13 01:39:18.034 DEBUG [DiscoveryClient-CacheRefreshExecutor-0] c.netflix.discovery.DiscoveryClient - Got delta update with apps hashcode UP_6_
2026-06-13 01:39:18.034 DEBUG [DiscoveryClient-CacheRefreshExecutor-0] c.netflix.discovery.DiscoveryClient - The total number of instances fetched by the delta processor : 0
2026-06-13 01:39:18.034 DEBUG [DiscoveryClient-CacheRefreshExecutor-0] c.netflix.discovery.DiscoveryClient - The total number of all instances in the client now is 6
2026-06-13 01:39:18.034 DEBUG [DiscoveryClient-CacheRefreshExecutor-0] c.netflix.discovery.DiscoveryClient - Completed cache refresh task for discovery. All Apps hash code is Local region apps hashcode: UP_6_, is fetching remote regions? false 
2026-06-13 01:39:18.328 DEBUG [DiscoveryClient-HeartbeatExecutor-0] c.netflix.discovery.DiscoveryClient - DiscoveryClient_CHATBOT-MICROSERVICE/chatbot-microservice:f7ea7abaac0af316d677d10b7c409315 - Heartbeat status: 200
2026-06-13 01:39:23.080 DEBUG [http-nio-8086-exec-8] c.c.c.service.ChatSessionService - Session 0fe739eca83141d9ac26d844ba8d226a found in cache
2026-06-13 01:39:23.082 DEBUG [http-nio-8086-exec-8] c.c.c.service.ChatSessionService - Extended session 0fe739eca83141d9ac26d844ba8d226a
2026-06-13 01:39:23.160 DEBUG [http-nio-8086-exec-2] c.c.c.service.ChatSessionService - Session 0fe739eca83141d9ac26d844ba8d226a found in cache
2026-06-13 01:39:23.162 DEBUG [http-nio-8086-exec-2] c.c.c.service.ChatSessionService - Extended session 0fe739eca83141d9ac26d844ba8d226a
2026-06-13 01:39:48.544 DEBUG [DiscoveryClient-CacheRefreshExecutor-0] c.netflix.discovery.DiscoveryClient - Got delta update with apps hashcode UP_6_
2026-06-13 01:39:48.556 DEBUG [DiscoveryClient-CacheRefreshExecutor-0] c.netflix.discovery.DiscoveryClient - The total number of instances fetched by the delta processor : 0
2026-06-13 01:39:48.560 DEBUG [DiscoveryClient-CacheRefreshExecutor-0] c.netflix.discovery.DiscoveryClient - The total number of all instances in the client now is 6
2026-06-13 01:39:48.563 DEBUG [DiscoveryClient-CacheRefreshExecutor-0] c.netflix.discovery.DiscoveryClient - Completed cache refresh task for discovery. All Apps hash code is Local region apps hashcode: UP_6_, is fetching remote regions? false 
2026-06-13 01:39:48.603 DEBUG [DiscoveryClient-HeartbeatExecutor-0] c.netflix.discovery.DiscoveryClient - DiscoveryClient_CHATBOT-MICROSERVICE/chatbot-microservice:f7ea7abaac0af316d677d10b7c409315 - Heartbeat status: 200
2026-06-13 01:40:22.110 DEBUG [DiscoveryClient-HeartbeatExecutor-0] c.netflix.discovery.DiscoveryClient - DiscoveryClient_CHATBOT-MICROSERVICE/chatbot-microservice:f7ea7abaac0af316d677d10b7c409315 - Heartbeat status: 200
2026-06-13 01:40:22.123 DEBUG [DiscoveryClient-CacheRefreshExecutor-0] c.netflix.discovery.DiscoveryClient - Got delta update with apps hashcode UP_6_
2026-06-13 01:40:22.123 DEBUG [DiscoveryClient-CacheRefreshExecutor-0] c.netflix.discovery.DiscoveryClient - The total number of instances fetched by the delta processor : 0
2026-06-13 01:40:22.142 DEBUG [DiscoveryClient-CacheRefreshExecutor-0] c.netflix.discovery.DiscoveryClient - The total number of all instances in the client now is 6
2026-06-13 01:40:22.174 DEBUG [DiscoveryClient-CacheRefreshExecutor-0] c.netflix.discovery.DiscoveryClient - Completed cache refresh task for discovery. All Apps hash code is Local region apps hashcode: UP_6_, is fetching remote regions? false 
2026-06-13 01:40:26.741 DEBUG [http-nio-8086-exec-7] c.c.c.service.ChatSessionService - Session 0fe739eca83141d9ac26d844ba8d226a found in cache
2026-06-13 01:40:27.295 DEBUG [http-nio-8086-exec-7] c.c.c.service.ChatSessionService - Extended session 0fe739eca83141d9ac26d844ba8d226a
2026-06-13 01:40:27.999 DEBUG [http-nio-8086-exec-5] c.c.c.service.ChatSessionService - Session 0fe739eca83141d9ac26d844ba8d226a found in cache
2026-06-13 01:40:28.004 DEBUG [http-nio-8086-exec-5] c.c.c.service.ChatSessionService - Extended session 0fe739eca83141d9ac26d844ba8d226a
2026-06-13 01:40:52.155 DEBUG [DiscoveryClient-HeartbeatExecutor-0] c.netflix.discovery.DiscoveryClient - DiscoveryClient_CHATBOT-MICROSERVICE/chatbot-microservice:f7ea7abaac0af316d677d10b7c409315 - Heartbeat status: 200
2026-06-13 01:40:52.188 DEBUG [DiscoveryClient-CacheRefreshExecutor-0] c.netflix.discovery.DiscoveryClient - Got delta update with apps hashcode UP_6_
2026-06-13 01:40:52.188 DEBUG [DiscoveryClient-CacheRefreshExecutor-0] c.netflix.discovery.DiscoveryClient - The total number of instances fetched by the delta processor : 0
2026-06-13 01:40:52.188 DEBUG [DiscoveryClient-CacheRefreshExecutor-0] c.netflix.discovery.DiscoveryClient - The total number of all instances in the client now is 6
2026-06-13 01:40:52.188 DEBUG [DiscoveryClient-CacheRefreshExecutor-0] c.netflix.discovery.DiscoveryClient - Completed cache refresh task for discovery. All Apps hash code is Local region apps hashcode: UP_6_, is fetching remote regions? false 
2026-06-13 01:41:16.655 INFO  [AsyncResolver-bootstrap-executor-0] c.n.d.s.r.aws.ConfigClusterResolver - Resolving eureka endpoints via configuration
2026-06-13 01:41:16.662 DEBUG [AsyncResolver-bootstrap-executor-0] c.n.discovery.endpoint.EndpointUtils - The availability zone for the given region us-east-1 are [defaultZone]
2026-06-13 01:41:16.675 DEBUG [AsyncResolver-bootstrap-executor-0] c.n.d.s.r.aws.ConfigClusterResolver - Config resolved to [AwsEndpoint{ serviceUrl='http://localhost:8761/eureka/', region='us-east-1', zone='defaultZone'}]
2026-06-13 01:41:16.679 DEBUG [AsyncResolver-bootstrap-executor-0] c.n.d.s.r.a.ZoneAffinityClusterResolver - Local zone=defaultZone; resolved to: [AwsEndpoint{ serviceUrl='http://localhost:8761/eureka/', region='us-east-1', zone='defaultZone'}]
2026-06-13 01:41:16.681 DEBUG [AsyncResolver-bootstrap-executor-0] c.n.d.shared.resolver.AsyncResolver - Resolved to [AwsEndpoint{ serviceUrl='http://localhost:8761/eureka/', region='us-east-1', zone='defaultZone'}]
2026-06-13 01:41:22.188 DEBUG [DiscoveryClient-HeartbeatExecutor-0] c.netflix.discovery.DiscoveryClient - DiscoveryClient_CHATBOT-MICROSERVICE/chatbot-microservice:f7ea7abaac0af316d677d10b7c409315 - Heartbeat status: 200
2026-06-13 01:41:22.205 DEBUG [DiscoveryClient-CacheRefreshExecutor-0] c.netflix.discovery.DiscoveryClient - Got delta update with apps hashcode UP_6_
2026-06-13 01:41:22.205 DEBUG [DiscoveryClient-CacheRefreshExecutor-0] c.netflix.discovery.DiscoveryClient - The total number of instances fetched by the delta processor : 0
2026-06-13 01:41:22.207 DEBUG [DiscoveryClient-CacheRefreshExecutor-0] c.netflix.discovery.DiscoveryClient - The total number of all instances in the client now is 6
2026-06-13 01:41:22.207 DEBUG [DiscoveryClient-CacheRefreshExecutor-0] c.netflix.discovery.DiscoveryClient - Completed cache refresh task for discovery. All Apps hash code is Local region apps hashcode: UP_6_, is fetching remote regions? false 
2026-06-13 01:41:23.095 DEBUG [http-nio-8086-exec-9] c.c.c.service.ChatSessionService - Session 0fe739eca83141d9ac26d844ba8d226a found in cache
2026-06-13 01:41:23.097 DEBUG [http-nio-8086-exec-9] c.c.c.service.ChatSessionService - Extended session 0fe739eca83141d9ac26d844ba8d226a
2026-06-13 01:41:23.198 DEBUG [http-nio-8086-exec-10] c.c.c.service.ChatSessionService - Session 0fe739eca83141d9ac26d844ba8d226a found in cache
2026-06-13 01:41:23.199 DEBUG [http-nio-8086-exec-10] c.c.c.service.ChatSessionService - Extended session 0fe739eca83141d9ac26d844ba8d226a
2026-06-13 01:41:52.388 DEBUG [DiscoveryClient-CacheRefreshExecutor-0] c.netflix.discovery.DiscoveryClient - Got delta update with apps hashcode UP_6_
2026-06-13 01:41:52.462 DEBUG [DiscoveryClient-CacheRefreshExecutor-0] c.netflix.discovery.DiscoveryClient - The total number of instances fetched by the delta processor : 0
2026-06-13 01:41:52.463 DEBUG [DiscoveryClient-CacheRefreshExecutor-0] c.netflix.discovery.DiscoveryClient - The total number of all instances in the client now is 6
2026-06-13 01:41:52.463 DEBUG [DiscoveryClient-CacheRefreshExecutor-0] c.netflix.discovery.DiscoveryClient - Completed cache refresh task for discovery. All Apps hash code is Local region apps hashcode: UP_6_, is fetching remote regions? false 
2026-06-13 01:41:52.593 DEBUG [DiscoveryClient-HeartbeatExecutor-0] c.netflix.discovery.DiscoveryClient - DiscoveryClient_CHATBOT-MICROSERVICE/chatbot-microservice:f7ea7abaac0af316d677d10b7c409315 - Heartbeat status: 200
2026-06-13 01:42:22.494 DEBUG [DiscoveryClient-CacheRefreshExecutor-0] c.netflix.discovery.DiscoveryClient - Got delta update with apps hashcode UP_6_
2026-06-13 01:42:22.495 DEBUG [DiscoveryClient-CacheRefreshExecutor-0] c.netflix.discovery.DiscoveryClient - The total number of instances fetched by the delta processor : 0
2026-06-13 01:42:22.495 DEBUG [DiscoveryClient-CacheRefreshExecutor-0] c.netflix.discovery.DiscoveryClient - The total number of all instances in the client now is 6
2026-06-13 01:42:22.495 DEBUG [DiscoveryClient-CacheRefreshExecutor-0] c.netflix.discovery.DiscoveryClient - Completed cache refresh task for discovery. All Apps hash code is Local region apps hashcode: UP_6_, is fetching remote regions? false 
2026-06-13 01:42:22.612 DEBUG [DiscoveryClient-HeartbeatExecutor-0] c.netflix.discovery.DiscoveryClient - DiscoveryClient_CHATBOT-MICROSERVICE/chatbot-microservice:f7ea7abaac0af316d677d10b7c409315 - Heartbeat status: 200
2026-06-13 01:42:23.083 DEBUG [http-nio-8086-exec-8] c.c.c.service.ChatSessionService - Session 0fe739eca83141d9ac26d844ba8d226a found in cache
2026-06-13 01:42:23.085 DEBUG [http-nio-8086-exec-8] c.c.c.service.ChatSessionService - Extended session 0fe739eca83141d9ac26d844ba8d226a
2026-06-13 01:42:23.212 DEBUG [http-nio-8086-exec-2] c.c.c.service.ChatSessionService - Session 0fe739eca83141d9ac26d844ba8d226a found in cache
2026-06-13 01:42:23.215 DEBUG [http-nio-8086-exec-2] c.c.c.service.ChatSessionService - Extended session 0fe739eca83141d9ac26d844ba8d226a
2026-06-13 01:42:52.520 DEBUG [DiscoveryClient-CacheRefreshExecutor-0] c.netflix.discovery.DiscoveryClient - Got delta update with apps hashcode UP_6_
2026-06-13 01:42:52.520 DEBUG [DiscoveryClient-CacheRefreshExecutor-0] c.netflix.discovery.DiscoveryClient - The total number of instances fetched by the delta processor : 0
2026-06-13 01:42:52.520 DEBUG [DiscoveryClient-CacheRefreshExecutor-0] c.netflix.discovery.DiscoveryClient - The total number of all instances in the client now is 6
2026-06-13 01:42:52.520 DEBUG [DiscoveryClient-CacheRefreshExecutor-0] c.netflix.discovery.DiscoveryClient - Completed cache refresh task for discovery. All Apps hash code is Local region apps hashcode: UP_6_, is fetching remote regions? false 
2026-06-13 01:42:52.618 DEBUG [DiscoveryClient-HeartbeatExecutor-0] c.netflix.discovery.DiscoveryClient - DiscoveryClient_CHATBOT-MICROSERVICE/chatbot-microservice:f7ea7abaac0af316d677d10b7c409315 - Heartbeat status: 200
2026-06-13 01:43:22.557 DEBUG [DiscoveryClient-CacheRefreshExecutor-0] c.netflix.discovery.DiscoveryClient - Got delta update with apps hashcode UP_6_
2026-06-13 01:43:22.557 DEBUG [DiscoveryClient-CacheRefreshExecutor-0] c.netflix.discovery.DiscoveryClient - The total number of instances fetched by the delta processor : 0
2026-06-13 01:43:22.557 DEBUG [DiscoveryClient-CacheRefreshExecutor-0] c.netflix.discovery.DiscoveryClient - The total number of all instances in the client now is 6
2026-06-13 01:43:22.557 DEBUG [DiscoveryClient-CacheRefreshExecutor-0] c.netflix.discovery.DiscoveryClient - Completed cache refresh task for discovery. All Apps hash code is Local region apps hashcode: UP_6_, is fetching remote regions? false 
2026-06-13 01:43:22.635 DEBUG [DiscoveryClient-HeartbeatExecutor-0] c.netflix.discovery.DiscoveryClient - DiscoveryClient_CHATBOT-MICROSERVICE/chatbot-microservice:f7ea7abaac0af316d677d10b7c409315 - Heartbeat status: 200
2026-06-13 01:43:23.099 DEBUG [http-nio-8086-exec-7] c.c.c.service.ChatSessionService - Session 0fe739eca83141d9ac26d844ba8d226a found in cache
2026-06-13 01:43:23.102 DEBUG [http-nio-8086-exec-7] c.c.c.service.ChatSessionService - Extended session 0fe739eca83141d9ac26d844ba8d226a
2026-06-13 01:43:23.177 DEBUG [http-nio-8086-exec-5] c.c.c.service.ChatSessionService - Session 0fe739eca83141d9ac26d844ba8d226a found in cache
2026-06-13 01:43:23.178 DEBUG [http-nio-8086-exec-5] c.c.c.service.ChatSessionService - Extended session 0fe739eca83141d9ac26d844ba8d226a
2026-06-13 01:43:52.589 DEBUG [DiscoveryClient-CacheRefreshExecutor-0] c.netflix.discovery.DiscoveryClient - Got delta update with apps hashcode UP_6_
2026-06-13 01:43:52.589 DEBUG [DiscoveryClient-CacheRefreshExecutor-0] c.netflix.discovery.DiscoveryClient - The total number of instances fetched by the delta processor : 0
2026-06-13 01:43:52.589 DEBUG [DiscoveryClient-CacheRefreshExecutor-0] c.netflix.discovery.DiscoveryClient - The total number of all instances in the client now is 6
2026-06-13 01:43:52.589 DEBUG [DiscoveryClient-CacheRefreshExecutor-0] c.netflix.discovery.DiscoveryClient - Completed cache refresh task for discovery. All Apps hash code is Local region apps hashcode: UP_6_, is fetching remote regions? false 
2026-06-13 01:43:52.653 DEBUG [DiscoveryClient-HeartbeatExecutor-0] c.netflix.discovery.DiscoveryClient - DiscoveryClient_CHATBOT-MICROSERVICE/chatbot-microservice:f7ea7abaac0af316d677d10b7c409315 - Heartbeat status: 200
2026-06-13 01:44:22.610 DEBUG [DiscoveryClient-CacheRefreshExecutor-0] c.netflix.discovery.DiscoveryClient - Got delta update with apps hashcode UP_6_
2026-06-13 01:44:22.610 DEBUG [DiscoveryClient-CacheRefreshExecutor-0] c.netflix.discovery.DiscoveryClient - The total number of instances fetched by the delta processor : 0
2026-06-13 01:44:22.610 DEBUG [DiscoveryClient-CacheRefreshExecutor-0] c.netflix.discovery.DiscoveryClient - The total number of all instances in the client now is 6
2026-06-13 01:44:22.610 DEBUG [DiscoveryClient-CacheRefreshExecutor-0] c.netflix.discovery.DiscoveryClient - Completed cache refresh task for discovery. All Apps hash code is Local region apps hashcode: UP_6_, is fetching remote regions? false 
2026-06-13 01:44:22.659 DEBUG [DiscoveryClient-HeartbeatExecutor-0] c.netflix.discovery.DiscoveryClient - DiscoveryClient_CHATBOT-MICROSERVICE/chatbot-microservice:f7ea7abaac0af316d677d10b7c409315 - Heartbeat status: 200
2026-06-13 01:44:23.077 DEBUG [http-nio-8086-exec-4] c.c.c.service.ChatSessionService - Session 0fe739eca83141d9ac26d844ba8d226a found in cache
2026-06-13 01:44:23.077 DEBUG [http-nio-8086-exec-4] c.c.c.service.ChatSessionService - Extended session 0fe739eca83141d9ac26d844ba8d226a
2026-06-13 01:44:23.188 DEBUG [http-nio-8086-exec-9] c.c.c.service.ChatSessionService - Session 0fe739eca83141d9ac26d844ba8d226a found in cache
2026-06-13 01:44:23.204 DEBUG [http-nio-8086-exec-9] c.c.c.service.ChatSessionService - Extended session 0fe739eca83141d9ac26d844ba8d226a
2026-06-13 01:44:52.639 DEBUG [DiscoveryClient-CacheRefreshExecutor-0] c.netflix.discovery.DiscoveryClient - Got delta update with apps hashcode UP_6_
2026-06-13 01:44:52.639 DEBUG [DiscoveryClient-CacheRefreshExecutor-0] c.netflix.discovery.DiscoveryClient - The total number of instances fetched by the delta processor : 0
2026-06-13 01:44:52.639 DEBUG [DiscoveryClient-CacheRefreshExecutor-0] c.netflix.discovery.DiscoveryClient - The total number of all instances in the client now is 6
2026-06-13 01:44:52.639 DEBUG [DiscoveryClient-CacheRefreshExecutor-0] c.netflix.discovery.DiscoveryClient - Completed cache refresh task for discovery. All Apps hash code is Local region apps hashcode: UP_6_, is fetching remote regions? false 
2026-06-13 01:44:52.672 DEBUG [DiscoveryClient-HeartbeatExecutor-0] c.netflix.discovery.DiscoveryClient - DiscoveryClient_CHATBOT-MICROSERVICE/chatbot-microservice:f7ea7abaac0af316d677d10b7c409315 - Heartbeat status: 200
2026-06-13 01:45:22.666 DEBUG [DiscoveryClient-CacheRefreshExecutor-0] c.netflix.discovery.DiscoveryClient - Got delta update with apps hashcode UP_6_
2026-06-13 01:45:22.666 DEBUG [DiscoveryClient-CacheRefreshExecutor-0] c.netflix.discovery.DiscoveryClient - The total number of instances fetched by the delta processor : 0
2026-06-13 01:45:22.666 DEBUG [DiscoveryClient-CacheRefreshExecutor-0] c.netflix.discovery.DiscoveryClient - The total number of all instances in the client now is 6
2026-06-13 01:45:22.666 DEBUG [DiscoveryClient-CacheRefreshExecutor-0] c.netflix.discovery.DiscoveryClient - Completed cache refresh task for discovery. All Apps hash code is Local region apps hashcode: UP_6_, is fetching remote regions? false 
2026-06-13 01:45:22.682 DEBUG [DiscoveryClient-HeartbeatExecutor-0] c.netflix.discovery.DiscoveryClient - DiscoveryClient_CHATBOT-MICROSERVICE/chatbot-microservice:f7ea7abaac0af316d677d10b7c409315 - Heartbeat status: 200
2026-06-13 01:45:23.105 DEBUG [http-nio-8086-exec-1] c.c.c.service.ChatSessionService - Session 0fe739eca83141d9ac26d844ba8d226a found in cache
2026-06-13 01:45:23.107 DEBUG [http-nio-8086-exec-1] c.c.c.service.ChatSessionService - Extended session 0fe739eca83141d9ac26d844ba8d226a
2026-06-13 01:45:23.177 DEBUG [http-nio-8086-exec-8] c.c.c.service.ChatSessionService - Session 0fe739eca83141d9ac26d844ba8d226a found in cache
2026-06-13 01:45:23.178 DEBUG [http-nio-8086-exec-8] c.c.c.service.ChatSessionService - Extended session 0fe739eca83141d9ac26d844ba8d226a
2026-06-13 01:45:52.682 DEBUG [DiscoveryClient-CacheRefreshExecutor-0] c.netflix.discovery.DiscoveryClient - Got delta update with apps hashcode UP_6_
2026-06-13 01:45:52.683 DEBUG [DiscoveryClient-CacheRefreshExecutor-0] c.netflix.discovery.DiscoveryClient - The total number of instances fetched by the delta processor : 0
2026-06-13 01:45:52.683 DEBUG [DiscoveryClient-CacheRefreshExecutor-0] c.netflix.discovery.DiscoveryClient - The total number of all instances in the client now is 6
2026-06-13 01:45:52.683 DEBUG [DiscoveryClient-CacheRefreshExecutor-0] c.netflix.discovery.DiscoveryClient - Completed cache refresh task for discovery. All Apps hash code is Local region apps hashcode: UP_6_, is fetching remote regions? false 
2026-06-13 01:45:52.687 DEBUG [DiscoveryClient-HeartbeatExecutor-0] c.netflix.discovery.DiscoveryClient - DiscoveryClient_CHATBOT-MICROSERVICE/chatbot-microservice:f7ea7abaac0af316d677d10b7c409315 - Heartbeat status: 200
2026-06-13 01:46:16.687 INFO  [AsyncResolver-bootstrap-executor-0] c.n.d.s.r.aws.ConfigClusterResolver - Resolving eureka endpoints via configuration
2026-06-13 01:46:16.687 DEBUG [AsyncResolver-bootstrap-executor-0] c.n.discovery.endpoint.EndpointUtils - The availability zone for the given region us-east-1 are [defaultZone]
2026-06-13 01:46:16.687 DEBUG [AsyncResolver-bootstrap-executor-0] c.n.d.s.r.aws.ConfigClusterResolver - Config resolved to [AwsEndpoint{ serviceUrl='http://localhost:8761/eureka/', region='us-east-1', zone='defaultZone'}]
2026-06-13 01:46:16.719 DEBUG [AsyncResolver-bootstrap-executor-0] c.n.d.s.r.a.ZoneAffinityClusterResolver - Local zone=defaultZone; resolved to: [AwsEndpoint{ serviceUrl='http://localhost:8761/eureka/', region='us-east-1', zone='defaultZone'}]
2026-06-13 01:46:16.721 DEBUG [AsyncResolver-bootstrap-executor-0] c.n.d.shared.resolver.AsyncResolver - Resolved to [AwsEndpoint{ serviceUrl='http://localhost:8761/eureka/', region='us-east-1', zone='defaultZone'}]
2026-06-13 01:46:22.713 DEBUG [DiscoveryClient-CacheRefreshExecutor-0] c.netflix.discovery.DiscoveryClient - Got delta update with apps hashcode UP_6_
2026-06-13 01:46:22.713 DEBUG [DiscoveryClient-CacheRefreshExecutor-0] c.netflix.discovery.DiscoveryClient - The total number of instances fetched by the delta processor : 0
2026-06-13 01:46:22.713 DEBUG [DiscoveryClient-CacheRefreshExecutor-0] c.netflix.discovery.DiscoveryClient - The total number of all instances in the client now is 6
2026-06-13 01:46:22.713 DEBUG [DiscoveryClient-CacheRefreshExecutor-0] c.netflix.discovery.DiscoveryClient - Completed cache refresh task for discovery. All Apps hash code is Local region apps hashcode: UP_6_, is fetching remote regions? false 
2026-06-13 01:46:22.714 DEBUG [DiscoveryClient-HeartbeatExecutor-0] c.netflix.discovery.DiscoveryClient - DiscoveryClient_CHATBOT-MICROSERVICE/chatbot-microservice:f7ea7abaac0af316d677d10b7c409315 - Heartbeat status: 200
2026-06-13 01:46:23.068 DEBUG [http-nio-8086-exec-6] c.c.c.service.ChatSessionService - Session 0fe739eca83141d9ac26d844ba8d226a found in cache
2026-06-13 01:46:23.070 DEBUG [http-nio-8086-exec-6] c.c.c.service.ChatSessionService - Extended session 0fe739eca83141d9ac26d844ba8d226a
2026-06-13 01:46:23.174 DEBUG [http-nio-8086-exec-7] c.c.c.service.ChatSessionService - Session 0fe739eca83141d9ac26d844ba8d226a found in cache
2026-06-13 01:46:23.175 DEBUG [http-nio-8086-exec-7] c.c.c.service.ChatSessionService - Extended session 0fe739eca83141d9ac26d844ba8d226a
2026-06-13 01:46:52.715 DEBUG [DiscoveryClient-CacheRefreshExecutor-0] c.n.d.s.t.d.SessionedEurekaHttpClient - Ending a session and starting anew
2026-06-13 01:46:52.733 DEBUG [DiscoveryClient-HeartbeatExecutor-0] c.netflix.discovery.DiscoveryClient - DiscoveryClient_CHATBOT-MICROSERVICE/chatbot-microservice:f7ea7abaac0af316d677d10b7c409315 - Heartbeat status: 200
2026-06-13 01:46:53.097 DEBUG [DiscoveryClient-CacheRefreshExecutor-0] c.n.d.s.t.d.RedirectingEurekaHttpClient - Pinning to endpoint null
2026-06-13 01:46:53.097 DEBUG [DiscoveryClient-CacheRefreshExecutor-0] c.netflix.discovery.DiscoveryClient - Got delta update with apps hashcode UP_6_
2026-06-13 01:46:53.097 DEBUG [DiscoveryClient-CacheRefreshExecutor-0] c.netflix.discovery.DiscoveryClient - The total number of instances fetched by the delta processor : 0
2026-06-13 01:46:53.098 DEBUG [DiscoveryClient-CacheRefreshExecutor-0] c.netflix.discovery.DiscoveryClient - The total number of all instances in the client now is 6
2026-06-13 01:46:53.098 DEBUG [DiscoveryClient-CacheRefreshExecutor-0] c.netflix.discovery.DiscoveryClient - Completed cache refresh task for discovery. All Apps hash code is Local region apps hashcode: UP_6_, is fetching remote regions? false 
2026-06-13 01:47:22.768 DEBUG [DiscoveryClient-HeartbeatExecutor-0] c.netflix.discovery.DiscoveryClient - DiscoveryClient_CHATBOT-MICROSERVICE/chatbot-microservice:f7ea7abaac0af316d677d10b7c409315 - Heartbeat status: 200
2026-06-13 01:47:23.081 DEBUG [http-nio-8086-exec-3] c.c.c.service.ChatSessionService - Session 0fe739eca83141d9ac26d844ba8d226a found in cache
2026-06-13 01:47:23.083 DEBUG [http-nio-8086-exec-3] c.c.c.service.ChatSessionService - Extended session 0fe739eca83141d9ac26d844ba8d226a
2026-06-13 01:47:23.111 DEBUG [DiscoveryClient-CacheRefreshExecutor-0] c.netflix.discovery.DiscoveryClient - Got delta update with apps hashcode UP_6_
2026-06-13 01:47:23.111 DEBUG [DiscoveryClient-CacheRefreshExecutor-0] c.netflix.discovery.DiscoveryClient - The total number of instances fetched by the delta processor : 0
2026-06-13 01:47:23.111 DEBUG [DiscoveryClient-CacheRefreshExecutor-0] c.netflix.discovery.DiscoveryClient - The total number of all instances in the client now is 6
2026-06-13 01:47:23.111 DEBUG [DiscoveryClient-CacheRefreshExecutor-0] c.netflix.discovery.DiscoveryClient - Completed cache refresh task for discovery. All Apps hash code is Local region apps hashcode: UP_6_, is fetching remote regions? false 
2026-06-13 01:47:23.151 DEBUG [http-nio-8086-exec-4] c.c.c.service.ChatSessionService - Session 0fe739eca83141d9ac26d844ba8d226a found in cache
2026-06-13 01:47:23.152 DEBUG [http-nio-8086-exec-4] c.c.c.service.ChatSessionService - Extended session 0fe739eca83141d9ac26d844ba8d226a
2026-06-13 01:47:52.789 DEBUG [DiscoveryClient-HeartbeatExecutor-0] c.netflix.discovery.DiscoveryClient - DiscoveryClient_CHATBOT-MICROSERVICE/chatbot-microservice:f7ea7abaac0af316d677d10b7c409315 - Heartbeat status: 200
2026-06-13 01:47:53.129 DEBUG [DiscoveryClient-CacheRefreshExecutor-0] c.netflix.discovery.DiscoveryClient - Got delta update with apps hashcode UP_5_
2026-06-13 01:47:53.129 DEBUG [DiscoveryClient-CacheRefreshExecutor-0] c.netflix.discovery.DiscoveryClient - Deleted instance 192.168.1.106:expense-management-microservice:8082 to the existing apps 
2026-06-13 01:47:53.134 DEBUG [DiscoveryClient-CacheRefreshExecutor-0] c.netflix.discovery.DiscoveryClient - The total number of instances fetched by the delta processor : 1
2026-06-13 01:47:53.134 DEBUG [DiscoveryClient-CacheRefreshExecutor-0] c.netflix.discovery.DiscoveryClient - The total number of all instances in the client now is 5
2026-06-13 01:47:53.134 DEBUG [DiscoveryClient-CacheRefreshExecutor-0] c.netflix.discovery.DiscoveryClient - Completed cache refresh task for discovery. All Apps hash code is Local region apps hashcode: UP_5_, is fetching remote regions? false 
2026-06-13 01:48:22.808 DEBUG [DiscoveryClient-HeartbeatExecutor-0] c.netflix.discovery.DiscoveryClient - DiscoveryClient_CHATBOT-MICROSERVICE/chatbot-microservice:f7ea7abaac0af316d677d10b7c409315 - Heartbeat status: 200
2026-06-13 01:48:23.108 DEBUG [http-nio-8086-exec-10] c.c.c.service.ChatSessionService - Session 0fe739eca83141d9ac26d844ba8d226a found in cache
2026-06-13 01:48:23.111 DEBUG [http-nio-8086-exec-10] c.c.c.service.ChatSessionService - Extended session 0fe739eca83141d9ac26d844ba8d226a
2026-06-13 01:48:23.144 DEBUG [DiscoveryClient-CacheRefreshExecutor-0] c.netflix.discovery.DiscoveryClient - Got delta update with apps hashcode UP_6_
2026-06-13 01:48:23.144 DEBUG [DiscoveryClient-CacheRefreshExecutor-0] c.netflix.discovery.DiscoveryClient - Added instance 192.168.1.106:expense-management-microservice:8082 to the existing apps in region null
2026-06-13 01:48:23.144 DEBUG [DiscoveryClient-CacheRefreshExecutor-0] c.netflix.discovery.DiscoveryClient - The total number of instances fetched by the delta processor : 1
2026-06-13 01:48:23.144 DEBUG [DiscoveryClient-CacheRefreshExecutor-0] c.netflix.discovery.DiscoveryClient - The total number of all instances in the client now is 6
2026-06-13 01:48:23.144 DEBUG [DiscoveryClient-CacheRefreshExecutor-0] c.netflix.discovery.DiscoveryClient - Completed cache refresh task for discovery. All Apps hash code is Local region apps hashcode: UP_6_, is fetching remote regions? false 
2026-06-13 01:48:23.751 DEBUG [http-nio-8086-exec-8] c.c.c.service.ChatSessionService - Session 0fe739eca83141d9ac26d844ba8d226a found in cache
2026-06-13 01:48:23.751 DEBUG [http-nio-8086-exec-8] c.c.c.service.ChatSessionService - Extended session 0fe739eca83141d9ac26d844ba8d226a
2026-06-13 01:48:52.828 DEBUG [DiscoveryClient-HeartbeatExecutor-0] c.netflix.discovery.DiscoveryClient - DiscoveryClient_CHATBOT-MICROSERVICE/chatbot-microservice:f7ea7abaac0af316d677d10b7c409315 - Heartbeat status: 200
2026-06-13 01:48:53.160 DEBUG [DiscoveryClient-CacheRefreshExecutor-0] c.netflix.discovery.DiscoveryClient - Got delta update with apps hashcode UP_6_
2026-06-13 01:48:53.160 DEBUG [DiscoveryClient-CacheRefreshExecutor-0] c.netflix.discovery.DiscoveryClient - Added instance 192.168.1.106:expense-management-microservice:8082 to the existing apps in region null
2026-06-13 01:48:53.160 DEBUG [DiscoveryClient-CacheRefreshExecutor-0] c.netflix.discovery.DiscoveryClient - The total number of instances fetched by the delta processor : 1
2026-06-13 01:48:53.160 DEBUG [DiscoveryClient-CacheRefreshExecutor-0] c.netflix.discovery.DiscoveryClient - The total number of all instances in the client now is 6
2026-06-13 01:48:53.160 DEBUG [DiscoveryClient-CacheRefreshExecutor-0] c.netflix.discovery.DiscoveryClient - Completed cache refresh task for discovery. All Apps hash code is Local region apps hashcode: UP_6_, is fetching remote regions? false 
2026-06-13 01:49:22.857 DEBUG [DiscoveryClient-HeartbeatExecutor-0] c.netflix.discovery.DiscoveryClient - DiscoveryClient_CHATBOT-MICROSERVICE/chatbot-microservice:f7ea7abaac0af316d677d10b7c409315 - Heartbeat status: 200
2026-06-13 01:49:23.065 DEBUG [http-nio-8086-exec-6] c.c.c.service.ChatSessionService - Session 0fe739eca83141d9ac26d844ba8d226a found in cache
2026-06-13 01:49:23.100 DEBUG [http-nio-8086-exec-6] c.c.c.service.ChatSessionService - Extended session 0fe739eca83141d9ac26d844ba8d226a
2026-06-13 01:49:23.158 DEBUG [http-nio-8086-exec-7] c.c.c.service.ChatSessionService - Session 0fe739eca83141d9ac26d844ba8d226a found in cache
2026-06-13 01:49:23.158 DEBUG [http-nio-8086-exec-7] c.c.c.service.ChatSessionService - Extended session 0fe739eca83141d9ac26d844ba8d226a
2026-06-13 01:49:23.174 DEBUG [DiscoveryClient-CacheRefreshExecutor-0] c.netflix.discovery.DiscoveryClient - Got delta update with apps hashcode UP_6_
2026-06-13 01:49:23.174 DEBUG [DiscoveryClient-CacheRefreshExecutor-0] c.netflix.discovery.DiscoveryClient - Added instance 192.168.1.106:expense-management-microservice:8082 to the existing apps in region null
2026-06-13 01:49:23.174 DEBUG [DiscoveryClient-CacheRefreshExecutor-0] c.netflix.discovery.DiscoveryClient - The total number of instances fetched by the delta processor : 1
2026-06-13 01:49:23.174 DEBUG [DiscoveryClient-CacheRefreshExecutor-0] c.netflix.discovery.DiscoveryClient - The total number of all instances in the client now is 6
2026-06-13 01:49:23.174 DEBUG [DiscoveryClient-CacheRefreshExecutor-0] c.netflix.discovery.DiscoveryClient - Completed cache refresh task for discovery. All Apps hash code is Local region apps hashcode: UP_6_, is fetching remote regions? false 
2026-06-13 01:49:52.895 DEBUG [DiscoveryClient-HeartbeatExecutor-0] c.netflix.discovery.DiscoveryClient - DiscoveryClient_CHATBOT-MICROSERVICE/chatbot-microservice:f7ea7abaac0af316d677d10b7c409315 - Heartbeat status: 200
2026-06-13 01:49:53.189 DEBUG [DiscoveryClient-CacheRefreshExecutor-0] c.netflix.discovery.DiscoveryClient - Got delta update with apps hashcode UP_6_
2026-06-13 01:49:53.189 DEBUG [DiscoveryClient-CacheRefreshExecutor-0] c.netflix.discovery.DiscoveryClient - Added instance 192.168.1.106:expense-management-microservice:8082 to the existing apps in region null
2026-06-13 01:49:53.190 DEBUG [DiscoveryClient-CacheRefreshExecutor-0] c.netflix.discovery.DiscoveryClient - The total number of instances fetched by the delta processor : 1
2026-06-13 01:49:53.190 DEBUG [DiscoveryClient-CacheRefreshExecutor-0] c.netflix.discovery.DiscoveryClient - The total number of all instances in the client now is 6
2026-06-13 01:49:53.190 DEBUG [DiscoveryClient-CacheRefreshExecutor-0] c.netflix.discovery.DiscoveryClient - Completed cache refresh task for discovery. All Apps hash code is Local region apps hashcode: UP_6_, is fetching remote regions? false 
2026-06-13 01:50:22.915 DEBUG [DiscoveryClient-HeartbeatExecutor-0] c.netflix.discovery.DiscoveryClient - DiscoveryClient_CHATBOT-MICROSERVICE/chatbot-microservice:f7ea7abaac0af316d677d10b7c409315 - Heartbeat status: 200
2026-06-13 01:50:23.113 DEBUG [http-nio-8086-exec-3] c.c.c.service.ChatSessionService - Session 0fe739eca83141d9ac26d844ba8d226a found in cache
2026-06-13 01:50:23.116 DEBUG [http-nio-8086-exec-3] c.c.c.service.ChatSessionService - Extended session 0fe739eca83141d9ac26d844ba8d226a
2026-06-13 01:50:23.145 DEBUG [http-nio-8086-exec-4] c.c.c.service.ChatSessionService - Session 0fe739eca83141d9ac26d844ba8d226a found in cache
2026-06-13 01:50:23.145 DEBUG [http-nio-8086-exec-4] c.c.c.service.ChatSessionService - Extended session 0fe739eca83141d9ac26d844ba8d226a
2026-06-13 01:50:23.206 DEBUG [DiscoveryClient-CacheRefreshExecutor-0] c.netflix.discovery.DiscoveryClient - Got delta update with apps hashcode UP_6_
2026-06-13 01:50:23.206 DEBUG [DiscoveryClient-CacheRefreshExecutor-0] c.netflix.discovery.DiscoveryClient - Added instance 192.168.1.106:expense-management-microservice:8082 to the existing apps in region null
2026-06-13 01:50:23.206 DEBUG [DiscoveryClient-CacheRefreshExecutor-0] c.netflix.discovery.DiscoveryClient - The total number of instances fetched by the delta processor : 1
2026-06-13 01:50:23.206 DEBUG [DiscoveryClient-CacheRefreshExecutor-0] c.netflix.discovery.DiscoveryClient - The total number of all instances in the client now is 6
2026-06-13 01:50:23.207 DEBUG [DiscoveryClient-CacheRefreshExecutor-0] c.netflix.discovery.DiscoveryClient - Completed cache refresh task for discovery. All Apps hash code is Local region apps hashcode: UP_6_, is fetching remote regions? false 
2026-06-13 01:50:52.943 DEBUG [DiscoveryClient-HeartbeatExecutor-0] c.netflix.discovery.DiscoveryClient - DiscoveryClient_CHATBOT-MICROSERVICE/chatbot-microservice:f7ea7abaac0af316d677d10b7c409315 - Heartbeat status: 200
2026-06-13 01:50:53.213 DEBUG [DiscoveryClient-CacheRefreshExecutor-0] c.netflix.discovery.DiscoveryClient - Got delta update with apps hashcode UP_6_
2026-06-13 01:50:53.213 DEBUG [DiscoveryClient-CacheRefreshExecutor-0] c.netflix.discovery.DiscoveryClient - Added instance 192.168.1.106:expense-management-microservice:8082 to the existing apps in region null
2026-06-13 01:50:53.213 DEBUG [DiscoveryClient-CacheRefreshExecutor-0] c.netflix.discovery.DiscoveryClient - The total number of instances fetched by the delta processor : 1
2026-06-13 01:50:53.213 DEBUG [DiscoveryClient-CacheRefreshExecutor-0] c.netflix.discovery.DiscoveryClient - The total number of all instances in the client now is 6
2026-06-13 01:50:53.213 DEBUG [DiscoveryClient-CacheRefreshExecutor-0] c.netflix.discovery.DiscoveryClient - Completed cache refresh task for discovery. All Apps hash code is Local region apps hashcode: UP_6_, is fetching remote regions? false 
2026-06-13 01:51:16.724 INFO  [AsyncResolver-bootstrap-executor-0] c.n.d.s.r.aws.ConfigClusterResolver - Resolving eureka endpoints via configuration
2026-06-13 01:51:16.724 DEBUG [AsyncResolver-bootstrap-executor-0] c.n.discovery.endpoint.EndpointUtils - The availability zone for the given region us-east-1 are [defaultZone]
2026-06-13 01:51:16.724 DEBUG [AsyncResolver-bootstrap-executor-0] c.n.d.s.r.aws.ConfigClusterResolver - Config resolved to [AwsEndpoint{ serviceUrl='http://localhost:8761/eureka/', region='us-east-1', zone='defaultZone'}]
2026-06-13 01:51:16.725 DEBUG [AsyncResolver-bootstrap-executor-0] c.n.d.s.r.a.ZoneAffinityClusterResolver - Local zone=defaultZone; resolved to: [AwsEndpoint{ serviceUrl='http://localhost:8761/eureka/', region='us-east-1', zone='defaultZone'}]
2026-06-13 01:51:16.725 DEBUG [AsyncResolver-bootstrap-executor-0] c.n.d.shared.resolver.AsyncResolver - Resolved to [AwsEndpoint{ serviceUrl='http://localhost:8761/eureka/', region='us-east-1', zone='defaultZone'}]
2026-06-13 01:51:22.978 DEBUG [DiscoveryClient-HeartbeatExecutor-0] c.netflix.discovery.DiscoveryClient - DiscoveryClient_CHATBOT-MICROSERVICE/chatbot-microservice:f7ea7abaac0af316d677d10b7c409315 - Heartbeat status: 200
2026-06-13 01:51:23.076 DEBUG [http-nio-8086-exec-10] c.c.c.service.ChatSessionService - Session 0fe739eca83141d9ac26d844ba8d226a found in cache
2026-06-13 01:51:23.078 DEBUG [http-nio-8086-exec-10] c.c.c.service.ChatSessionService - Extended session 0fe739eca83141d9ac26d844ba8d226a
2026-06-13 01:51:23.169 DEBUG [http-nio-8086-exec-1] c.c.c.service.ChatSessionService - Session 0fe739eca83141d9ac26d844ba8d226a found in cache
2026-06-13 01:51:23.171 DEBUG [http-nio-8086-exec-1] c.c.c.service.ChatSessionService - Extended session 0fe739eca83141d9ac26d844ba8d226a
2026-06-13 01:51:23.225 DEBUG [DiscoveryClient-CacheRefreshExecutor-0] c.netflix.discovery.DiscoveryClient - Got delta update with apps hashcode UP_6_
2026-06-13 01:51:23.225 DEBUG [DiscoveryClient-CacheRefreshExecutor-0] c.netflix.discovery.DiscoveryClient - The total number of instances fetched by the delta processor : 0
2026-06-13 01:51:23.225 DEBUG [DiscoveryClient-CacheRefreshExecutor-0] c.netflix.discovery.DiscoveryClient - The total number of all instances in the client now is 6
2026-06-13 01:51:23.225 DEBUG [DiscoveryClient-CacheRefreshExecutor-0] c.netflix.discovery.DiscoveryClient - Completed cache refresh task for discovery. All Apps hash code is Local region apps hashcode: UP_6_, is fetching remote regions? false 
2026-06-13 01:51:53.004 DEBUG [DiscoveryClient-HeartbeatExecutor-0] c.netflix.discovery.DiscoveryClient - DiscoveryClient_CHATBOT-MICROSERVICE/chatbot-microservice:f7ea7abaac0af316d677d10b7c409315 - Heartbeat status: 200
2026-06-13 01:51:53.242 DEBUG [DiscoveryClient-CacheRefreshExecutor-0] c.netflix.discovery.DiscoveryClient - Got delta update with apps hashcode UP_5_
2026-06-13 01:51:53.242 DEBUG [DiscoveryClient-CacheRefreshExecutor-0] c.netflix.discovery.DiscoveryClient - Deleted instance 192.168.1.106:expense-management-microservice:8082 to the existing apps 
2026-06-13 01:51:53.242 DEBUG [DiscoveryClient-CacheRefreshExecutor-0] c.netflix.discovery.DiscoveryClient - The total number of instances fetched by the delta processor : 1
2026-06-13 01:51:53.242 DEBUG [DiscoveryClient-CacheRefreshExecutor-0] c.netflix.discovery.DiscoveryClient - The total number of all instances in the client now is 5
2026-06-13 01:51:53.243 DEBUG [DiscoveryClient-CacheRefreshExecutor-0] c.netflix.discovery.DiscoveryClient - Completed cache refresh task for discovery. All Apps hash code is Local region apps hashcode: UP_5_, is fetching remote regions? false 
2026-06-13 01:52:14.929 INFO  [MessageBroker-12] o.s.w.s.c.WebSocketMessageBrokerStats - WebSocketSession[0 current WS(0)-HttpStream(0)-HttpPoll(0), 0 total, 0 closed abnormally (0 connect failure, 0 send limit, 0 transport error)], stompSubProtocol[processed CONNECT(0)-CONNECTED(0)-DISCONNECT(0)], stompBrokerRelay[null], inboundChannel[pool size = 0, active threads = 0, queued tasks = 0, completed tasks = 0], outboundChannel[pool size = 0, active threads = 0, queued tasks = 0, completed tasks = 0], sockJsScheduler[pool size = 12, active threads = 1, queued tasks = 1, completed tasks = 33]
2026-06-13 01:52:23.021 DEBUG [DiscoveryClient-HeartbeatExecutor-0] c.n.d.s.t.d.SessionedEurekaHttpClient - Ending a session and starting anew
2026-06-13 01:52:23.054 DEBUG [DiscoveryClient-HeartbeatExecutor-0] c.n.d.s.t.d.RedirectingEurekaHttpClient - Pinning to endpoint null
2026-06-13 01:52:23.055 DEBUG [DiscoveryClient-HeartbeatExecutor-0] c.netflix.discovery.DiscoveryClient - DiscoveryClient_CHATBOT-MICROSERVICE/chatbot-microservice:f7ea7abaac0af316d677d10b7c409315 - Heartbeat status: 200
2026-06-13 01:52:23.177 DEBUG [http-nio-8086-exec-2] c.c.c.service.ChatSessionService - Session 0fe739eca83141d9ac26d844ba8d226a found in cache
2026-06-13 01:52:23.188 DEBUG [http-nio-8086-exec-2] c.c.c.service.ChatSessionService - Extended session 0fe739eca83141d9ac26d844ba8d226a
2026-06-13 01:52:23.291 DEBUG [DiscoveryClient-CacheRefreshExecutor-0] c.netflix.discovery.DiscoveryClient - Got delta update with apps hashcode UP_5_
2026-06-13 01:52:23.291 DEBUG [DiscoveryClient-CacheRefreshExecutor-0] c.netflix.discovery.DiscoveryClient - The total number of instances fetched by the delta processor : 1
2026-06-13 01:52:23.291 DEBUG [DiscoveryClient-CacheRefreshExecutor-0] c.netflix.discovery.DiscoveryClient - The total number of all instances in the client now is 5
2026-06-13 01:52:23.291 DEBUG [DiscoveryClient-CacheRefreshExecutor-0] c.netflix.discovery.DiscoveryClient - Completed cache refresh task for discovery. All Apps hash code is Local region apps hashcode: UP_5_, is fetching remote regions? false 
2026-06-13 01:52:23.561 DEBUG [http-nio-8086-exec-6] c.c.c.service.ChatSessionService - Session 0fe739eca83141d9ac26d844ba8d226a found in cache
2026-06-13 01:52:23.562 DEBUG [http-nio-8086-exec-6] c.c.c.service.ChatSessionService - Extended session 0fe739eca83141d9ac26d844ba8d226a
2026-06-13 01:52:53.091 DEBUG [DiscoveryClient-HeartbeatExecutor-0] c.netflix.discovery.DiscoveryClient - DiscoveryClient_CHATBOT-MICROSERVICE/chatbot-microservice:f7ea7abaac0af316d677d10b7c409315 - Heartbeat status: 200
2026-06-13 01:52:53.316 DEBUG [DiscoveryClient-CacheRefreshExecutor-0] c.netflix.discovery.DiscoveryClient - Got delta update with apps hashcode UP_5_
2026-06-13 01:52:53.316 DEBUG [DiscoveryClient-CacheRefreshExecutor-0] c.netflix.discovery.DiscoveryClient - The total number of instances fetched by the delta processor : 1
2026-06-13 01:52:53.316 DEBUG [DiscoveryClient-CacheRefreshExecutor-0] c.netflix.discovery.DiscoveryClient - The total number of all instances in the client now is 5
2026-06-13 01:52:53.316 DEBUG [DiscoveryClient-CacheRefreshExecutor-0] c.netflix.discovery.DiscoveryClient - Completed cache refresh task for discovery. All Apps hash code is Local region apps hashcode: UP_5_, is fetching remote regions? false 
2026-06-13 01:53:23.077 DEBUG [http-nio-8086-exec-5] c.c.c.service.ChatSessionService - Session 0fe739eca83141d9ac26d844ba8d226a found in cache
2026-06-13 01:53:23.079 DEBUG [http-nio-8086-exec-5] c.c.c.service.ChatSessionService - Extended session 0fe739eca83141d9ac26d844ba8d226a
2026-06-13 01:53:23.115 DEBUG [DiscoveryClient-HeartbeatExecutor-0] c.netflix.discovery.DiscoveryClient - DiscoveryClient_CHATBOT-MICROSERVICE/chatbot-microservice:f7ea7abaac0af316d677d10b7c409315 - Heartbeat status: 200
2026-06-13 01:53:23.150 DEBUG [http-nio-8086-exec-3] c.c.c.service.ChatSessionService - Session 0fe739eca83141d9ac26d844ba8d226a found in cache
2026-06-13 01:53:23.151 DEBUG [http-nio-8086-exec-3] c.c.c.service.ChatSessionService - Extended session 0fe739eca83141d9ac26d844ba8d226a
2026-06-13 01:53:23.337 DEBUG [DiscoveryClient-CacheRefreshExecutor-0] c.netflix.discovery.DiscoveryClient - Got delta update with apps hashcode UP_5_
2026-06-13 01:53:23.337 DEBUG [DiscoveryClient-CacheRefreshExecutor-0] c.netflix.discovery.DiscoveryClient - The total number of instances fetched by the delta processor : 1
2026-06-13 01:53:23.338 DEBUG [DiscoveryClient-CacheRefreshExecutor-0] c.netflix.discovery.DiscoveryClient - The total number of all instances in the client now is 5
2026-06-13 01:53:23.338 DEBUG [DiscoveryClient-CacheRefreshExecutor-0] c.netflix.discovery.DiscoveryClient - Completed cache refresh task for discovery. All Apps hash code is Local region apps hashcode: UP_5_, is fetching remote regions? false 
2026-06-13 01:53:53.141 DEBUG [DiscoveryClient-HeartbeatExecutor-0] c.netflix.discovery.DiscoveryClient - DiscoveryClient_CHATBOT-MICROSERVICE/chatbot-microservice:f7ea7abaac0af316d677d10b7c409315 - Heartbeat status: 200
2026-06-13 01:53:53.345 DEBUG [DiscoveryClient-CacheRefreshExecutor-0] c.netflix.discovery.DiscoveryClient - Got delta update with apps hashcode UP_6_
2026-06-13 01:53:53.346 DEBUG [DiscoveryClient-CacheRefreshExecutor-0] c.netflix.discovery.DiscoveryClient - Added instance 192.168.1.106:expense-management-microservice:8082 to the existing apps in region null
2026-06-13 01:53:53.346 DEBUG [DiscoveryClient-CacheRefreshExecutor-0] c.netflix.discovery.DiscoveryClient - The total number of instances fetched by the delta processor : 1
2026-06-13 01:53:53.347 DEBUG [DiscoveryClient-CacheRefreshExecutor-0] c.netflix.discovery.DiscoveryClient - The total number of all instances in the client now is 6
2026-06-13 01:53:53.367 DEBUG [DiscoveryClient-CacheRefreshExecutor-0] c.netflix.discovery.DiscoveryClient - Completed cache refresh task for discovery. All Apps hash code is Local region apps hashcode: UP_6_, is fetching remote regions? false 
2026-06-13 01:54:12.363 DEBUG [http-nio-8086-exec-9] c.c.c.service.ChatSessionService - Session 105f38b13d9e495785061e29600283e6 found in cache
2026-06-13 01:54:12.378 DEBUG [http-nio-8086-exec-9] c.c.c.service.ChatSessionService - Extended session 105f38b13d9e495785061e29600283e6
2026-06-13 01:54:18.158 DEBUG [http-nio-8086-exec-1] c.c.c.service.ChatSessionService - Session 105f38b13d9e495785061e29600283e6 found in cache
2026-06-13 01:54:18.251 DEBUG [http-nio-8086-exec-8] c.c.c.service.ChatSessionService - Session 105f38b13d9e495785061e29600283e6 found in cache
2026-06-13 01:54:23.162 DEBUG [http-nio-8086-exec-2] c.c.c.service.ChatSessionService - Session 0fe739eca83141d9ac26d844ba8d226a found in cache
2026-06-13 01:54:23.164 DEBUG [DiscoveryClient-HeartbeatExecutor-0] c.netflix.discovery.DiscoveryClient - DiscoveryClient_CHATBOT-MICROSERVICE/chatbot-microservice:f7ea7abaac0af316d677d10b7c409315 - Heartbeat status: 200
2026-06-13 01:54:23.164 DEBUG [http-nio-8086-exec-2] c.c.c.service.ChatSessionService - Extended session 0fe739eca83141d9ac26d844ba8d226a
2026-06-13 01:54:23.296 DEBUG [http-nio-8086-exec-6] c.c.c.service.ChatSessionService - Session 0fe739eca83141d9ac26d844ba8d226a found in cache
2026-06-13 01:54:23.296 DEBUG [http-nio-8086-exec-6] c.c.c.service.ChatSessionService - Extended session 0fe739eca83141d9ac26d844ba8d226a
2026-06-13 01:54:23.432 DEBUG [DiscoveryClient-CacheRefreshExecutor-0] c.netflix.discovery.DiscoveryClient - Got delta update with apps hashcode UP_6_
2026-06-13 01:54:23.432 DEBUG [DiscoveryClient-CacheRefreshExecutor-0] c.netflix.discovery.DiscoveryClient - Added instance 192.168.1.106:expense-management-microservice:8082 to the existing apps in region null
2026-06-13 01:54:23.432 DEBUG [DiscoveryClient-CacheRefreshExecutor-0] c.netflix.discovery.DiscoveryClient - The total number of instances fetched by the delta processor : 1
2026-06-13 01:54:23.432 DEBUG [DiscoveryClient-CacheRefreshExecutor-0] c.netflix.discovery.DiscoveryClient - The total number of all instances in the client now is 6
2026-06-13 01:54:23.432 DEBUG [DiscoveryClient-CacheRefreshExecutor-0] c.netflix.discovery.DiscoveryClient - Completed cache refresh task for discovery. All Apps hash code is Local region apps hashcode: UP_6_, is fetching remote regions? false 
2026-06-13 01:54:46.979 DEBUG [http-nio-8086-exec-3] c.c.c.service.ChatSessionService - Session 0fe739eca83141d9ac26d844ba8d226a found in cache
2026-06-13 01:54:46.982 DEBUG [http-nio-8086-exec-3] c.c.c.service.ChatSessionService - Extended session 0fe739eca83141d9ac26d844ba8d226a
2026-06-13 01:54:47.010 DEBUG [http-nio-8086-exec-5] c.c.c.service.ChatSessionService - Session 0fe739eca83141d9ac26d844ba8d226a found in cache
2026-06-13 01:54:47.041 DEBUG [http-nio-8086-exec-5] c.c.c.service.ChatSessionService - Updated context for session 0fe739eca83141d9ac26d844ba8d226a
2026-06-13 01:54:47.165 DEBUG [http-nio-8086-exec-4] c.c.c.service.ChatSessionService - Session 105f38b13d9e495785061e29600283e6 found in cache
2026-06-13 01:54:47.166 DEBUG [http-nio-8086-exec-4] c.c.c.service.ChatSessionService - Extended session 105f38b13d9e495785061e29600283e6
2026-06-13 01:54:53.196 DEBUG [DiscoveryClient-HeartbeatExecutor-0] c.netflix.discovery.DiscoveryClient - DiscoveryClient_CHATBOT-MICROSERVICE/chatbot-microservice:f7ea7abaac0af316d677d10b7c409315 - Heartbeat status: 200
2026-06-13 01:54:53.438 DEBUG [DiscoveryClient-CacheRefreshExecutor-0] c.netflix.discovery.DiscoveryClient - Got delta update with apps hashcode UP_6_
2026-06-13 01:54:53.438 DEBUG [DiscoveryClient-CacheRefreshExecutor-0] c.netflix.discovery.DiscoveryClient - Added instance 192.168.1.106:expense-management-microservice:8082 to the existing apps in region null
2026-06-13 01:54:53.438 DEBUG [DiscoveryClient-CacheRefreshExecutor-0] c.netflix.discovery.DiscoveryClient - The total number of instances fetched by the delta processor : 1
2026-06-13 01:54:53.439 DEBUG [DiscoveryClient-CacheRefreshExecutor-0] c.netflix.discovery.DiscoveryClient - The total number of all instances in the client now is 6
2026-06-13 01:54:53.439 DEBUG [DiscoveryClient-CacheRefreshExecutor-0] c.netflix.discovery.DiscoveryClient - Completed cache refresh task for discovery. All Apps hash code is Local region apps hashcode: UP_6_, is fetching remote regions? false 
2026-06-13 01:55:10.824 DEBUG [http-nio-8086-exec-1] c.c.c.service.ChatSessionService - Session 0fe739eca83141d9ac26d844ba8d226a found in cache
2026-06-13 01:55:10.824 DEBUG [http-nio-8086-exec-1] c.c.c.service.ChatSessionService - Extended session 0fe739eca83141d9ac26d844ba8d226a
2026-06-13 01:55:23.141 DEBUG [http-nio-8086-exec-2] c.c.c.service.ChatSessionService - Session 0fe739eca83141d9ac26d844ba8d226a found in cache
2026-06-13 01:55:23.148 DEBUG [http-nio-8086-exec-2] c.c.c.service.ChatSessionService - Extended session 0fe739eca83141d9ac26d844ba8d226a
2026-06-13 01:55:23.224 DEBUG [DiscoveryClient-HeartbeatExecutor-0] c.netflix.discovery.DiscoveryClient - DiscoveryClient_CHATBOT-MICROSERVICE/chatbot-microservice:f7ea7abaac0af316d677d10b7c409315 - Heartbeat status: 200
2026-06-13 01:55:23.473 DEBUG [DiscoveryClient-CacheRefreshExecutor-0] c.netflix.discovery.DiscoveryClient - Got delta update with apps hashcode UP_6_
2026-06-13 01:55:23.473 DEBUG [DiscoveryClient-CacheRefreshExecutor-0] c.netflix.discovery.DiscoveryClient - Added instance 192.168.1.106:expense-management-microservice:8082 to the existing apps in region null
2026-06-13 01:55:23.473 DEBUG [DiscoveryClient-CacheRefreshExecutor-0] c.netflix.discovery.DiscoveryClient - The total number of instances fetched by the delta processor : 1
2026-06-13 01:55:23.473 DEBUG [DiscoveryClient-CacheRefreshExecutor-0] c.netflix.discovery.DiscoveryClient - The total number of all instances in the client now is 6
2026-06-13 01:55:23.473 DEBUG [DiscoveryClient-CacheRefreshExecutor-0] c.netflix.discovery.DiscoveryClient - Completed cache refresh task for discovery. All Apps hash code is Local region apps hashcode: UP_6_, is fetching remote regions? false 
2026-06-13 01:55:35.819 DEBUG [http-nio-8086-exec-7] c.c.c.service.ChatSessionService - Session 0fe739eca83141d9ac26d844ba8d226a found in cache
2026-06-13 01:55:35.821 DEBUG [http-nio-8086-exec-7] c.c.c.service.ChatSessionService - Extended session 0fe739eca83141d9ac26d844ba8d226a
2026-06-13 01:55:53.257 DEBUG [DiscoveryClient-HeartbeatExecutor-0] c.netflix.discovery.DiscoveryClient - DiscoveryClient_CHATBOT-MICROSERVICE/chatbot-microservice:f7ea7abaac0af316d677d10b7c409315 - Heartbeat status: 200
2026-06-13 01:55:53.498 DEBUG [DiscoveryClient-CacheRefreshExecutor-0] c.netflix.discovery.DiscoveryClient - Got delta update with apps hashcode UP_6_
2026-06-13 01:55:53.500 DEBUG [DiscoveryClient-CacheRefreshExecutor-0] c.netflix.discovery.DiscoveryClient - Added instance 192.168.1.106:expense-management-microservice:8082 to the existing apps in region null
2026-06-13 01:55:53.500 DEBUG [DiscoveryClient-CacheRefreshExecutor-0] c.netflix.discovery.DiscoveryClient - The total number of instances fetched by the delta processor : 1
2026-06-13 01:55:53.500 DEBUG [DiscoveryClient-CacheRefreshExecutor-0] c.netflix.discovery.DiscoveryClient - The total number of all instances in the client now is 6
2026-06-13 01:55:53.500 DEBUG [DiscoveryClient-CacheRefreshExecutor-0] c.netflix.discovery.DiscoveryClient - Completed cache refresh task for discovery. All Apps hash code is Local region apps hashcode: UP_6_, is fetching remote regions? false 
2026-06-13 01:56:10.631 DEBUG [http-nio-8086-exec-5] c.c.c.service.ChatSessionService - Session 0fe739eca83141d9ac26d844ba8d226a found in cache
2026-06-13 01:56:10.633 DEBUG [http-nio-8086-exec-5] c.c.c.service.ChatSessionService - Extended session 0fe739eca83141d9ac26d844ba8d226a
2026-06-13 01:56:16.732 INFO  [AsyncResolver-bootstrap-executor-0] c.n.d.s.r.aws.ConfigClusterResolver - Resolving eureka endpoints via configuration
2026-06-13 01:56:16.732 DEBUG [AsyncResolver-bootstrap-executor-0] c.n.discovery.endpoint.EndpointUtils - The availability zone for the given region us-east-1 are [defaultZone]
2026-06-13 01:56:16.732 DEBUG [AsyncResolver-bootstrap-executor-0] c.n.d.s.r.aws.ConfigClusterResolver - Config resolved to [AwsEndpoint{ serviceUrl='http://localhost:8761/eureka/', region='us-east-1', zone='defaultZone'}]
2026-06-13 01:56:16.732 DEBUG [AsyncResolver-bootstrap-executor-0] c.n.d.s.r.a.ZoneAffinityClusterResolver - Local zone=defaultZone; resolved to: [AwsEndpoint{ serviceUrl='http://localhost:8761/eureka/', region='us-east-1', zone='defaultZone'}]
2026-06-13 01:56:16.732 DEBUG [AsyncResolver-bootstrap-executor-0] c.n.d.shared.resolver.AsyncResolver - Resolved to [AwsEndpoint{ serviceUrl='http://localhost:8761/eureka/', region='us-east-1', zone='defaultZone'}]
2026-06-13 01:56:23.134 DEBUG [http-nio-8086-exec-10] c.c.c.service.ChatSessionService - Session 0fe739eca83141d9ac26d844ba8d226a found in cache
2026-06-13 01:56:23.140 DEBUG [http-nio-8086-exec-10] c.c.c.service.ChatSessionService - Extended session 0fe739eca83141d9ac26d844ba8d226a
2026-06-13 01:56:23.287 DEBUG [DiscoveryClient-HeartbeatExecutor-0] c.netflix.discovery.DiscoveryClient - DiscoveryClient_CHATBOT-MICROSERVICE/chatbot-microservice:f7ea7abaac0af316d677d10b7c409315 - Heartbeat status: 200
2026-06-13 01:56:23.505 DEBUG [DiscoveryClient-CacheRefreshExecutor-0] c.netflix.discovery.DiscoveryClient - Got delta update with apps hashcode UP_6_
2026-06-13 01:56:23.505 DEBUG [DiscoveryClient-CacheRefreshExecutor-0] c.netflix.discovery.DiscoveryClient - Added instance 192.168.1.106:expense-management-microservice:8082 to the existing apps in region null
2026-06-13 01:56:23.505 DEBUG [DiscoveryClient-CacheRefreshExecutor-0] c.netflix.discovery.DiscoveryClient - The total number of instances fetched by the delta processor : 1
2026-06-13 01:56:23.505 DEBUG [DiscoveryClient-CacheRefreshExecutor-0] c.netflix.discovery.DiscoveryClient - The total number of all instances in the client now is 6
2026-06-13 01:56:23.505 DEBUG [DiscoveryClient-CacheRefreshExecutor-0] c.netflix.discovery.DiscoveryClient - Completed cache refresh task for discovery. All Apps hash code is Local region apps hashcode: UP_6_, is fetching remote regions? false 
2026-06-13 01:56:25.805 DEBUG [http-nio-8086-exec-9] c.c.c.service.ChatSessionService - Session 0fe739eca83141d9ac26d844ba8d226a found in cache
2026-06-13 01:56:25.812 DEBUG [http-nio-8086-exec-9] c.c.c.service.ChatSessionService - Extended session 0fe739eca83141d9ac26d844ba8d226a
2026-06-13 01:56:50.834 DEBUG [http-nio-8086-exec-8] c.c.c.service.ChatSessionService - Session 0fe739eca83141d9ac26d844ba8d226a found in cache
2026-06-13 01:56:50.840 DEBUG [http-nio-8086-exec-8] c.c.c.service.ChatSessionService - Extended session 0fe739eca83141d9ac26d844ba8d226a
2026-06-13 01:56:53.324 DEBUG [DiscoveryClient-HeartbeatExecutor-0] c.netflix.discovery.DiscoveryClient - DiscoveryClient_CHATBOT-MICROSERVICE/chatbot-microservice:f7ea7abaac0af316d677d10b7c409315 - Heartbeat status: 200
2026-06-13 01:56:53.526 DEBUG [DiscoveryClient-CacheRefreshExecutor-0] c.netflix.discovery.DiscoveryClient - Got delta update with apps hashcode UP_6_
2026-06-13 01:56:53.526 DEBUG [DiscoveryClient-CacheRefreshExecutor-0] c.netflix.discovery.DiscoveryClient - Added instance 192.168.1.106:expense-management-microservice:8082 to the existing apps in region null
2026-06-13 01:56:53.526 DEBUG [DiscoveryClient-CacheRefreshExecutor-0] c.netflix.discovery.DiscoveryClient - The total number of instances fetched by the delta processor : 1
2026-06-13 01:56:53.526 DEBUG [DiscoveryClient-CacheRefreshExecutor-0] c.netflix.discovery.DiscoveryClient - The total number of all instances in the client now is 6
2026-06-13 01:56:53.526 DEBUG [DiscoveryClient-CacheRefreshExecutor-0] c.netflix.discovery.DiscoveryClient - Completed cache refresh task for discovery. All Apps hash code is Local region apps hashcode: UP_6_, is fetching remote regions? false 
2026-06-13 01:57:18.829 DEBUG [http-nio-8086-exec-6] c.c.c.service.ChatSessionService - Session 0fe739eca83141d9ac26d844ba8d226a found in cache
2026-06-13 01:57:18.832 DEBUG [http-nio-8086-exec-6] c.c.c.service.ChatSessionService - Extended session 0fe739eca83141d9ac26d844ba8d226a
2026-06-13 01:57:23.845 DEBUG [DiscoveryClient-CacheRefreshExecutor-0] c.netflix.discovery.DiscoveryClient - Got delta update with apps hashcode UP_6_
2026-06-13 01:57:23.847 DEBUG [DiscoveryClient-CacheRefreshExecutor-0] c.netflix.discovery.DiscoveryClient - Added instance 192.168.1.106:expense-management-microservice:8082 to the existing apps in region null
2026-06-13 01:57:23.847 DEBUG [DiscoveryClient-CacheRefreshExecutor-0] c.netflix.discovery.DiscoveryClient - The total number of instances fetched by the delta processor : 1
2026-06-13 01:57:23.847 DEBUG [DiscoveryClient-CacheRefreshExecutor-0] c.netflix.discovery.DiscoveryClient - The total number of all instances in the client now is 6
2026-06-13 01:57:23.847 DEBUG [DiscoveryClient-CacheRefreshExecutor-0] c.netflix.discovery.DiscoveryClient - Completed cache refresh task for discovery. All Apps hash code is Local region apps hashcode: UP_6_, is fetching remote regions? false 
2026-06-13 01:57:23.938 DEBUG [DiscoveryClient-HeartbeatExecutor-0] c.netflix.discovery.DiscoveryClient - DiscoveryClient_CHATBOT-MICROSERVICE/chatbot-microservice:f7ea7abaac0af316d677d10b7c409315 - Heartbeat status: 200
2026-06-13 01:57:40.838 DEBUG [http-nio-8086-exec-3] c.c.c.service.ChatSessionService - Session 0fe739eca83141d9ac26d844ba8d226a found in cache
2026-06-13 01:57:40.840 DEBUG [http-nio-8086-exec-3] c.c.c.service.ChatSessionService - Extended session 0fe739eca83141d9ac26d844ba8d226a
2026-06-13 01:57:54.268 DEBUG [DiscoveryClient-HeartbeatExecutor-0] c.netflix.discovery.DiscoveryClient - DiscoveryClient_CHATBOT-MICROSERVICE/chatbot-microservice:f7ea7abaac0af316d677d10b7c409315 - Heartbeat status: 200
2026-06-13 01:57:54.270 DEBUG [DiscoveryClient-CacheRefreshExecutor-0] c.netflix.discovery.DiscoveryClient - Got delta update with apps hashcode UP_6_
2026-06-13 01:57:54.270 DEBUG [DiscoveryClient-CacheRefreshExecutor-0] c.netflix.discovery.DiscoveryClient - Added instance 192.168.1.106:expense-management-microservice:8082 to the existing apps in region null
2026-06-13 01:57:54.270 DEBUG [DiscoveryClient-CacheRefreshExecutor-0] c.netflix.discovery.DiscoveryClient - The total number of instances fetched by the delta processor : 1
2026-06-13 01:57:54.271 DEBUG [DiscoveryClient-CacheRefreshExecutor-0] c.netflix.discovery.DiscoveryClient - The total number of all instances in the client now is 6
2026-06-13 01:57:54.271 DEBUG [DiscoveryClient-CacheRefreshExecutor-0] c.netflix.discovery.DiscoveryClient - Completed cache refresh task for discovery. All Apps hash code is Local region apps hashcode: UP_6_, is fetching remote regions? false 
2026-06-13 01:58:02.856 DEBUG [http-nio-8086-exec-4] c.c.c.service.ChatSessionService - Session 0fe739eca83141d9ac26d844ba8d226a found in cache
2026-06-13 01:58:02.858 DEBUG [http-nio-8086-exec-4] c.c.c.service.ChatSessionService - Extended session 0fe739eca83141d9ac26d844ba8d226a
2026-06-13 01:58:06.053 DEBUG [http-nio-8086-exec-10] c.c.c.service.ChatSessionService - Session 0fe739eca83141d9ac26d844ba8d226a found in cache
2026-06-13 01:58:06.055 DEBUG [http-nio-8086-exec-10] c.c.c.service.ChatSessionService - Extended session 0fe739eca83141d9ac26d844ba8d226a
2026-06-13 01:58:24.294 DEBUG [DiscoveryClient-HeartbeatExecutor-0] c.netflix.discovery.DiscoveryClient - DiscoveryClient_CHATBOT-MICROSERVICE/chatbot-microservice:f7ea7abaac0af316d677d10b7c409315 - Heartbeat status: 200
2026-06-13 01:58:24.296 DEBUG [DiscoveryClient-CacheRefreshExecutor-0] c.netflix.discovery.DiscoveryClient - Got delta update with apps hashcode UP_6_
2026-06-13 01:58:24.296 DEBUG [DiscoveryClient-CacheRefreshExecutor-0] c.netflix.discovery.DiscoveryClient - Added instance 192.168.1.106:expense-management-microservice:8082 to the existing apps in region null
2026-06-13 01:58:24.296 DEBUG [DiscoveryClient-CacheRefreshExecutor-0] c.netflix.discovery.DiscoveryClient - The total number of instances fetched by the delta processor : 1
2026-06-13 01:58:24.296 DEBUG [DiscoveryClient-CacheRefreshExecutor-0] c.netflix.discovery.DiscoveryClient - The total number of all instances in the client now is 6
2026-06-13 01:58:24.296 DEBUG [DiscoveryClient-CacheRefreshExecutor-0] c.netflix.discovery.DiscoveryClient - Completed cache refresh task for discovery. All Apps hash code is Local region apps hashcode: UP_6_, is fetching remote regions? false 
2026-06-13 01:58:35.110 DEBUG [http-nio-8086-exec-1] c.c.c.service.ChatSessionService - Session 0fe739eca83141d9ac26d844ba8d226a found in cache
2026-06-13 01:58:35.111 DEBUG [http-nio-8086-exec-1] c.c.c.service.ChatSessionService - Extended session 0fe739eca83141d9ac26d844ba8d226a
2026-06-13 01:58:54.317 DEBUG [DiscoveryClient-CacheRefreshExecutor-0] c.netflix.discovery.DiscoveryClient - Got delta update with apps hashcode UP_6_
2026-06-13 01:58:54.317 DEBUG [DiscoveryClient-CacheRefreshExecutor-0] c.netflix.discovery.DiscoveryClient - Added instance 192.168.1.106:expense-management-microservice:8082 to the existing apps in region null
2026-06-13 01:58:54.317 DEBUG [DiscoveryClient-CacheRefreshExecutor-0] c.netflix.discovery.DiscoveryClient - The total number of instances fetched by the delta processor : 1
2026-06-13 01:58:54.317 DEBUG [DiscoveryClient-CacheRefreshExecutor-0] c.netflix.discovery.DiscoveryClient - The total number of all instances in the client now is 6
2026-06-13 01:58:54.317 DEBUG [DiscoveryClient-CacheRefreshExecutor-0] c.netflix.discovery.DiscoveryClient - Completed cache refresh task for discovery. All Apps hash code is Local region apps hashcode: UP_6_, is fetching remote regions? false 
2026-06-13 01:58:54.329 DEBUG [DiscoveryClient-HeartbeatExecutor-0] c.netflix.discovery.DiscoveryClient - DiscoveryClient_CHATBOT-MICROSERVICE/chatbot-microservice:f7ea7abaac0af316d677d10b7c409315 - Heartbeat status: 200
2026-06-13 01:59:08.065 DEBUG [http-nio-8086-exec-2] c.c.c.service.ChatSessionService - Session 105f38b13d9e495785061e29600283e6 found in cache
2026-06-13 01:59:08.069 DEBUG [http-nio-8086-exec-2] c.c.c.service.ChatSessionService - Extended session 105f38b13d9e495785061e29600283e6
2026-06-13 01:59:08.383 DEBUG [http-nio-8086-exec-6] c.c.c.service.ChatSessionService - Session 0fe739eca83141d9ac26d844ba8d226a found in cache
2026-06-13 01:59:08.413 DEBUG [http-nio-8086-exec-6] c.c.c.service.ChatSessionService - Updated context for session 0fe739eca83141d9ac26d844ba8d226a
2026-06-13 01:59:08.545 DEBUG [http-nio-8086-exec-7] c.c.c.service.ChatSessionService - Session 0fe739eca83141d9ac26d844ba8d226a found in cache
2026-06-13 01:59:08.560 DEBUG [http-nio-8086-exec-7] c.c.c.service.ChatSessionService - Extended session 0fe739eca83141d9ac26d844ba8d226a
2026-06-13 01:59:22.716 DEBUG [http-nio-8086-exec-4] c.c.c.service.ChatSessionService - Session 0fe739eca83141d9ac26d844ba8d226a found in cache
2026-06-13 01:59:22.717 DEBUG [http-nio-8086-exec-4] c.c.c.service.ChatSessionService - Extended session 0fe739eca83141d9ac26d844ba8d226a
2026-06-13 01:59:23.804 DEBUG [http-nio-8086-exec-10] c.c.c.service.ChatSessionService - Session 0fe739eca83141d9ac26d844ba8d226a found in cache
2026-06-13 01:59:23.808 DEBUG [http-nio-8086-exec-10] c.c.c.service.ChatSessionService - Extended session 0fe739eca83141d9ac26d844ba8d226a
2026-06-13 01:59:24.357 DEBUG [DiscoveryClient-CacheRefreshExecutor-0] c.netflix.discovery.DiscoveryClient - Got delta update with apps hashcode UP_6_
2026-06-13 01:59:24.380 DEBUG [DiscoveryClient-CacheRefreshExecutor-0] c.netflix.discovery.DiscoveryClient - Added instance 192.168.1.106:expense-management-microservice:8082 to the existing apps in region null
2026-06-13 01:59:24.384 DEBUG [DiscoveryClient-CacheRefreshExecutor-0] c.netflix.discovery.DiscoveryClient - The total number of instances fetched by the delta processor : 1
2026-06-13 01:59:24.394 DEBUG [DiscoveryClient-HeartbeatExecutor-0] c.netflix.discovery.DiscoveryClient - DiscoveryClient_CHATBOT-MICROSERVICE/chatbot-microservice:f7ea7abaac0af316d677d10b7c409315 - Heartbeat status: 200
2026-06-13 01:59:24.385 DEBUG [DiscoveryClient-CacheRefreshExecutor-0] c.netflix.discovery.DiscoveryClient - The total number of all instances in the client now is 6
2026-06-13 01:59:24.396 DEBUG [DiscoveryClient-CacheRefreshExecutor-0] c.netflix.discovery.DiscoveryClient - Completed cache refresh task for discovery. All Apps hash code is Local region apps hashcode: UP_6_, is fetching remote regions? false 
2026-06-13 01:59:34.173 DEBUG [http-nio-8086-exec-1] c.c.c.service.ChatSessionService - Session 0fe739eca83141d9ac26d844ba8d226a found in cache
2026-06-13 01:59:34.755 DEBUG [http-nio-8086-exec-8] c.c.c.service.ChatSessionService - Session 0fe739eca83141d9ac26d844ba8d226a found in cache
2026-06-13 01:59:54.412 DEBUG [DiscoveryClient-HeartbeatExecutor-0] c.netflix.discovery.DiscoveryClient - DiscoveryClient_CHATBOT-MICROSERVICE/chatbot-microservice:f7ea7abaac0af316d677d10b7c409315 - Heartbeat status: 200
2026-06-13 01:59:54.413 DEBUG [DiscoveryClient-CacheRefreshExecutor-0] c.netflix.discovery.DiscoveryClient - Got delta update with apps hashcode UP_6_
2026-06-13 01:59:54.413 DEBUG [DiscoveryClient-CacheRefreshExecutor-0] c.netflix.discovery.DiscoveryClient - The total number of instances fetched by the delta processor : 0
2026-06-13 01:59:54.414 DEBUG [DiscoveryClient-CacheRefreshExecutor-0] c.netflix.discovery.DiscoveryClient - The total number of all instances in the client now is 6
2026-06-13 01:59:54.414 DEBUG [DiscoveryClient-CacheRefreshExecutor-0] c.netflix.discovery.DiscoveryClient - Completed cache refresh task for discovery. All Apps hash code is Local region apps hashcode: UP_6_, is fetching remote regions? false 
2026-06-13 02:00:07.034 DEBUG [http-nio-8086-exec-6] c.c.c.service.ChatSessionService - Session 0fe739eca83141d9ac26d844ba8d226a found in cache
2026-06-13 02:00:07.037 DEBUG [http-nio-8086-exec-6] c.c.c.service.ChatSessionService - Extended session 0fe739eca83141d9ac26d844ba8d226a
2026-06-13 02:00:23.202 DEBUG [http-nio-8086-exec-3] c.c.c.service.ChatSessionService - Session 0fe739eca83141d9ac26d844ba8d226a found in cache
2026-06-13 02:00:23.204 DEBUG [http-nio-8086-exec-3] c.c.c.service.ChatSessionService - Extended session 0fe739eca83141d9ac26d844ba8d226a
2026-06-13 02:00:24.444 DEBUG [DiscoveryClient-HeartbeatExecutor-0] c.netflix.discovery.DiscoveryClient - DiscoveryClient_CHATBOT-MICROSERVICE/chatbot-microservice:f7ea7abaac0af316d677d10b7c409315 - Heartbeat status: 200
2026-06-13 02:00:24.447 DEBUG [DiscoveryClient-CacheRefreshExecutor-0] c.netflix.discovery.DiscoveryClient - Got delta update with apps hashcode UP_6_
2026-06-13 02:00:24.447 DEBUG [DiscoveryClient-CacheRefreshExecutor-0] c.netflix.discovery.DiscoveryClient - The total number of instances fetched by the delta processor : 0
2026-06-13 02:00:24.447 DEBUG [DiscoveryClient-CacheRefreshExecutor-0] c.netflix.discovery.DiscoveryClient - The total number of all instances in the client now is 6
2026-06-13 02:00:24.447 DEBUG [DiscoveryClient-CacheRefreshExecutor-0] c.netflix.discovery.DiscoveryClient - Completed cache refresh task for discovery. All Apps hash code is Local region apps hashcode: UP_6_, is fetching remote regions? false 
2026-06-13 02:00:54.475 DEBUG [DiscoveryClient-HeartbeatExecutor-0] c.netflix.discovery.DiscoveryClient - DiscoveryClient_CHATBOT-MICROSERVICE/chatbot-microservice:f7ea7abaac0af316d677d10b7c409315 - Heartbeat status: 200
2026-06-13 02:00:54.475 DEBUG [DiscoveryClient-CacheRefreshExecutor-0] c.netflix.discovery.DiscoveryClient - Got delta update with apps hashcode UP_6_
2026-06-13 02:00:54.475 DEBUG [DiscoveryClient-CacheRefreshExecutor-0] c.netflix.discovery.DiscoveryClient - The total number of instances fetched by the delta processor : 0
2026-06-13 02:00:54.475 DEBUG [DiscoveryClient-CacheRefreshExecutor-0] c.netflix.discovery.DiscoveryClient - The total number of all instances in the client now is 6
2026-06-13 02:00:54.475 DEBUG [DiscoveryClient-CacheRefreshExecutor-0] c.netflix.discovery.DiscoveryClient - Completed cache refresh task for discovery. All Apps hash code is Local region apps hashcode: UP_6_, is fetching remote regions? false 
2026-06-13 02:01:16.735 INFO  [AsyncResolver-bootstrap-executor-0] c.n.d.s.r.aws.ConfigClusterResolver - Resolving eureka endpoints via configuration
2026-06-13 02:01:16.735 DEBUG [AsyncResolver-bootstrap-executor-0] c.n.discovery.endpoint.EndpointUtils - The availability zone for the given region us-east-1 are [defaultZone]
2026-06-13 02:01:16.737 DEBUG [AsyncResolver-bootstrap-executor-0] c.n.d.s.r.aws.ConfigClusterResolver - Config resolved to [AwsEndpoint{ serviceUrl='http://localhost:8761/eureka/', region='us-east-1', zone='defaultZone'}]
2026-06-13 02:01:16.737 DEBUG [AsyncResolver-bootstrap-executor-0] c.n.d.s.r.a.ZoneAffinityClusterResolver - Local zone=defaultZone; resolved to: [AwsEndpoint{ serviceUrl='http://localhost:8761/eureka/', region='us-east-1', zone='defaultZone'}]
2026-06-13 02:01:16.737 DEBUG [AsyncResolver-bootstrap-executor-0] c.n.d.shared.resolver.AsyncResolver - Resolved to [AwsEndpoint{ serviceUrl='http://localhost:8761/eureka/', region='us-east-1', zone='defaultZone'}]
2026-06-13 02:01:23.158 DEBUG [http-nio-8086-exec-4] c.c.c.service.ChatSessionService - Session 0fe739eca83141d9ac26d844ba8d226a found in cache
2026-06-13 02:01:23.158 DEBUG [http-nio-8086-exec-4] c.c.c.service.ChatSessionService - Extended session 0fe739eca83141d9ac26d844ba8d226a
2026-06-13 02:01:24.500 DEBUG [DiscoveryClient-CacheRefreshExecutor-0] c.netflix.discovery.DiscoveryClient - Got delta update with apps hashcode UP_6_
2026-06-13 02:01:24.500 DEBUG [DiscoveryClient-CacheRefreshExecutor-0] c.netflix.discovery.DiscoveryClient - The total number of instances fetched by the delta processor : 0
2026-06-13 02:01:24.500 DEBUG [DiscoveryClient-CacheRefreshExecutor-0] c.netflix.discovery.DiscoveryClient - The total number of all instances in the client now is 6
2026-06-13 02:01:24.500 DEBUG [DiscoveryClient-CacheRefreshExecutor-0] c.netflix.discovery.DiscoveryClient - Completed cache refresh task for discovery. All Apps hash code is Local region apps hashcode: UP_6_, is fetching remote regions? false 
2026-06-13 02:01:24.502 DEBUG [DiscoveryClient-HeartbeatExecutor-0] c.netflix.discovery.DiscoveryClient - DiscoveryClient_CHATBOT-MICROSERVICE/chatbot-microservice:f7ea7abaac0af316d677d10b7c409315 - Heartbeat status: 200
2026-06-13 02:01:54.536 DEBUG [DiscoveryClient-HeartbeatExecutor-0] c.netflix.discovery.DiscoveryClient - DiscoveryClient_CHATBOT-MICROSERVICE/chatbot-microservice:f7ea7abaac0af316d677d10b7c409315 - Heartbeat status: 200
2026-06-13 02:01:54.534 DEBUG [DiscoveryClient-CacheRefreshExecutor-0] c.netflix.discovery.DiscoveryClient - Got delta update with apps hashcode UP_6_
2026-06-13 02:01:54.538 DEBUG [DiscoveryClient-CacheRefreshExecutor-0] c.netflix.discovery.DiscoveryClient - The total number of instances fetched by the delta processor : 0
2026-06-13 02:01:54.538 DEBUG [DiscoveryClient-CacheRefreshExecutor-0] c.netflix.discovery.DiscoveryClient - The total number of all instances in the client now is 6
2026-06-13 02:01:54.541 DEBUG [DiscoveryClient-CacheRefreshExecutor-0] c.netflix.discovery.DiscoveryClient - Completed cache refresh task for discovery. All Apps hash code is Local region apps hashcode: UP_6_, is fetching remote regions? false 
2026-06-13 02:02:23.635 DEBUG [http-nio-8086-exec-9] c.c.c.service.ChatSessionService - Session 0fe739eca83141d9ac26d844ba8d226a found in cache
2026-06-13 02:02:23.717 DEBUG [http-nio-8086-exec-9] c.c.c.service.ChatSessionService - Extended session 0fe739eca83141d9ac26d844ba8d226a
2026-06-13 02:02:24.578 DEBUG [DiscoveryClient-HeartbeatExecutor-0] c.netflix.discovery.DiscoveryClient - DiscoveryClient_CHATBOT-MICROSERVICE/chatbot-microservice:f7ea7abaac0af316d677d10b7c409315 - Heartbeat status: 200
2026-06-13 02:02:24.579 DEBUG [DiscoveryClient-CacheRefreshExecutor-0] c.netflix.discovery.DiscoveryClient - Got delta update with apps hashcode UP_6_
2026-06-13 02:02:24.579 DEBUG [DiscoveryClient-CacheRefreshExecutor-0] c.netflix.discovery.DiscoveryClient - The total number of instances fetched by the delta processor : 0
2026-06-13 02:02:24.579 DEBUG [DiscoveryClient-CacheRefreshExecutor-0] c.netflix.discovery.DiscoveryClient - The total number of all instances in the client now is 6
2026-06-13 02:02:24.579 DEBUG [DiscoveryClient-CacheRefreshExecutor-0] c.netflix.discovery.DiscoveryClient - Completed cache refresh task for discovery. All Apps hash code is Local region apps hashcode: UP_6_, is fetching remote regions? false 
2026-06-13 02:02:54.605 DEBUG [DiscoveryClient-CacheRefreshExecutor-0] c.netflix.discovery.DiscoveryClient - Got delta update with apps hashcode UP_6_
2026-06-13 02:02:54.606 DEBUG [DiscoveryClient-CacheRefreshExecutor-0] c.netflix.discovery.DiscoveryClient - The total number of instances fetched by the delta processor : 0
2026-06-13 02:02:54.606 DEBUG [DiscoveryClient-CacheRefreshExecutor-0] c.netflix.discovery.DiscoveryClient - The total number of all instances in the client now is 6
2026-06-13 02:02:54.606 DEBUG [DiscoveryClient-CacheRefreshExecutor-0] c.netflix.discovery.DiscoveryClient - Completed cache refresh task for discovery. All Apps hash code is Local region apps hashcode: UP_6_, is fetching remote regions? false 
2026-06-13 02:02:54.624 DEBUG [DiscoveryClient-HeartbeatExecutor-0] c.netflix.discovery.DiscoveryClient - DiscoveryClient_CHATBOT-MICROSERVICE/chatbot-microservice:f7ea7abaac0af316d677d10b7c409315 - Heartbeat status: 200
2026-06-13 02:03:25.031 DEBUG [DiscoveryClient-HeartbeatExecutor-0] c.netflix.discovery.DiscoveryClient - DiscoveryClient_CHATBOT-MICROSERVICE/chatbot-microservice:f7ea7abaac0af316d677d10b7c409315 - Heartbeat status: 200
2026-06-13 02:03:25.035 DEBUG [DiscoveryClient-CacheRefreshExecutor-0] c.netflix.discovery.DiscoveryClient - Got delta update with apps hashcode UP_6_
2026-06-13 02:03:25.037 DEBUG [DiscoveryClient-CacheRefreshExecutor-0] c.netflix.discovery.DiscoveryClient - The total number of instances fetched by the delta processor : 0
2026-06-13 02:03:25.037 DEBUG [DiscoveryClient-CacheRefreshExecutor-0] c.netflix.discovery.DiscoveryClient - The total number of all instances in the client now is 6
2026-06-13 02:03:26.821 DEBUG [DiscoveryClient-CacheRefreshExecutor-0] c.netflix.discovery.DiscoveryClient - Completed cache refresh task for discovery. All Apps hash code is Local region apps hashcode: UP_6_, is fetching remote regions? false 
2026-06-13 02:03:30.052 DEBUG [http-nio-8086-exec-8] c.c.c.service.ChatSessionService - Session 0fe739eca83141d9ac26d844ba8d226a found in cache
2026-06-13 02:03:30.058 DEBUG [http-nio-8086-exec-8] c.c.c.service.ChatSessionService - Extended session 0fe739eca83141d9ac26d844ba8d226a
2026-06-13 02:03:55.061 DEBUG [DiscoveryClient-HeartbeatExecutor-0] c.netflix.discovery.DiscoveryClient - DiscoveryClient_CHATBOT-MICROSERVICE/chatbot-microservice:f7ea7abaac0af316d677d10b7c409315 - Heartbeat status: 200
2026-06-13 02:03:56.837 DEBUG [DiscoveryClient-CacheRefreshExecutor-0] c.netflix.discovery.DiscoveryClient - Got delta update with apps hashcode UP_6_
2026-06-13 02:03:56.837 DEBUG [DiscoveryClient-CacheRefreshExecutor-0] c.netflix.discovery.DiscoveryClient - The total number of instances fetched by the delta processor : 0
2026-06-13 02:03:56.837 DEBUG [DiscoveryClient-CacheRefreshExecutor-0] c.netflix.discovery.DiscoveryClient - The total number of all instances in the client now is 6
2026-06-13 02:03:56.837 DEBUG [DiscoveryClient-CacheRefreshExecutor-0] c.netflix.discovery.DiscoveryClient - Completed cache refresh task for discovery. All Apps hash code is Local region apps hashcode: UP_6_, is fetching remote regions? false 
2026-06-13 02:04:26.616 DEBUG [DiscoveryClient-HeartbeatExecutor-0] c.netflix.discovery.DiscoveryClient - DiscoveryClient_CHATBOT-MICROSERVICE/chatbot-microservice:f7ea7abaac0af316d677d10b7c409315 - Heartbeat status: 200
2026-06-13 02:04:28.134 DEBUG [DiscoveryClient-CacheRefreshExecutor-0] c.netflix.discovery.DiscoveryClient - Got delta update with apps hashcode UP_6_
2026-06-13 02:04:28.134 DEBUG [DiscoveryClient-CacheRefreshExecutor-0] c.netflix.discovery.DiscoveryClient - The total number of instances fetched by the delta processor : 0
2026-06-13 02:04:28.136 DEBUG [DiscoveryClient-CacheRefreshExecutor-0] c.netflix.discovery.DiscoveryClient - The total number of all instances in the client now is 6
2026-06-13 02:04:28.136 DEBUG [DiscoveryClient-CacheRefreshExecutor-0] c.netflix.discovery.DiscoveryClient - Completed cache refresh task for discovery. All Apps hash code is Local region apps hashcode: UP_6_, is fetching remote regions? false 
2026-06-13 02:04:30.031 DEBUG [http-nio-8086-exec-6] c.c.c.service.ChatSessionService - Session 0fe739eca83141d9ac26d844ba8d226a found in cache
2026-06-13 02:04:30.042 DEBUG [http-nio-8086-exec-6] c.c.c.service.ChatSessionService - Extended session 0fe739eca83141d9ac26d844ba8d226a
2026-06-13 02:04:56.645 DEBUG [DiscoveryClient-HeartbeatExecutor-0] c.netflix.discovery.DiscoveryClient - DiscoveryClient_CHATBOT-MICROSERVICE/chatbot-microservice:f7ea7abaac0af316d677d10b7c409315 - Heartbeat status: 200
2026-06-13 02:04:58.148 DEBUG [DiscoveryClient-CacheRefreshExecutor-0] c.netflix.discovery.DiscoveryClient - Got delta update with apps hashcode UP_6_
2026-06-13 02:04:58.148 DEBUG [DiscoveryClient-CacheRefreshExecutor-0] c.netflix.discovery.DiscoveryClient - The total number of instances fetched by the delta processor : 0
2026-06-13 02:04:58.148 DEBUG [DiscoveryClient-CacheRefreshExecutor-0] c.netflix.discovery.DiscoveryClient - The total number of all instances in the client now is 6
2026-06-13 02:04:58.148 DEBUG [DiscoveryClient-CacheRefreshExecutor-0] c.netflix.discovery.DiscoveryClient - Completed cache refresh task for discovery. All Apps hash code is Local region apps hashcode: UP_6_, is fetching remote regions? false 
2026-06-13 02:05:24.408 DEBUG [http-nio-8086-exec-3] c.c.c.service.ChatSessionService - Session 0fe739eca83141d9ac26d844ba8d226a found in cache
2026-06-13 02:05:24.411 DEBUG [http-nio-8086-exec-3] c.c.c.service.ChatSessionService - Extended session 0fe739eca83141d9ac26d844ba8d226a
2026-06-13 02:05:26.722 DEBUG [DiscoveryClient-HeartbeatExecutor-0] c.netflix.discovery.DiscoveryClient - DiscoveryClient_CHATBOT-MICROSERVICE/chatbot-microservice:f7ea7abaac0af316d677d10b7c409315 - Heartbeat status: 200
2026-06-13 02:05:28.260 DEBUG [DiscoveryClient-CacheRefreshExecutor-0] c.netflix.discovery.DiscoveryClient - Got delta update with apps hashcode UP_6_
2026-06-13 02:05:28.261 DEBUG [DiscoveryClient-CacheRefreshExecutor-0] c.netflix.discovery.DiscoveryClient - The total number of instances fetched by the delta processor : 0
2026-06-13 02:05:28.267 DEBUG [DiscoveryClient-CacheRefreshExecutor-0] c.netflix.discovery.DiscoveryClient - The total number of all instances in the client now is 6
2026-06-13 02:05:28.267 DEBUG [DiscoveryClient-CacheRefreshExecutor-0] c.netflix.discovery.DiscoveryClient - Completed cache refresh task for discovery. All Apps hash code is Local region apps hashcode: UP_6_, is fetching remote regions? false 
2026-06-13 02:05:56.743 DEBUG [DiscoveryClient-HeartbeatExecutor-0] c.netflix.discovery.DiscoveryClient - DiscoveryClient_CHATBOT-MICROSERVICE/chatbot-microservice:f7ea7abaac0af316d677d10b7c409315 - Heartbeat status: 200
2026-06-13 02:05:58.280 DEBUG [DiscoveryClient-CacheRefreshExecutor-0] c.netflix.discovery.DiscoveryClient - Got delta update with apps hashcode UP_6_
2026-06-13 02:05:58.281 DEBUG [DiscoveryClient-CacheRefreshExecutor-0] c.netflix.discovery.DiscoveryClient - The total number of instances fetched by the delta processor : 0
2026-06-13 02:05:58.281 DEBUG [DiscoveryClient-CacheRefreshExecutor-0] c.netflix.discovery.DiscoveryClient - The total number of all instances in the client now is 6
2026-06-13 02:05:58.281 DEBUG [DiscoveryClient-CacheRefreshExecutor-0] c.netflix.discovery.DiscoveryClient - Completed cache refresh task for discovery. All Apps hash code is Local region apps hashcode: UP_6_, is fetching remote regions? false 
2026-06-13 02:06:17.558 INFO  [AsyncResolver-bootstrap-executor-0] c.n.d.s.r.aws.ConfigClusterResolver - Resolving eureka endpoints via configuration
2026-06-13 02:06:17.972 DEBUG [AsyncResolver-bootstrap-executor-0] c.n.discovery.endpoint.EndpointUtils - The availability zone for the given region us-east-1 are [defaultZone]
2026-06-13 02:06:19.205 DEBUG [AsyncResolver-bootstrap-executor-0] c.n.d.s.r.aws.ConfigClusterResolver - Config resolved to [AwsEndpoint{ serviceUrl='http://localhost:8761/eureka/', region='us-east-1', zone='defaultZone'}]
2026-06-13 02:06:19.207 DEBUG [AsyncResolver-bootstrap-executor-0] c.n.d.s.r.a.ZoneAffinityClusterResolver - Local zone=defaultZone; resolved to: [AwsEndpoint{ serviceUrl='http://localhost:8761/eureka/', region='us-east-1', zone='defaultZone'}]
2026-06-13 02:06:19.213 DEBUG [AsyncResolver-bootstrap-executor-0] c.n.d.shared.resolver.AsyncResolver - Resolved to [AwsEndpoint{ serviceUrl='http://localhost:8761/eureka/', region='us-east-1', zone='defaultZone'}]
2026-06-13 02:06:23.350 DEBUG [http-nio-8086-exec-4] c.c.c.service.ChatSessionService - Session 0fe739eca83141d9ac26d844ba8d226a found in cache
2026-06-13 02:06:23.353 DEBUG [http-nio-8086-exec-4] c.c.c.service.ChatSessionService - Extended session 0fe739eca83141d9ac26d844ba8d226a
2026-06-13 02:06:26.780 DEBUG [DiscoveryClient-HeartbeatExecutor-0] c.netflix.discovery.DiscoveryClient - DiscoveryClient_CHATBOT-MICROSERVICE/chatbot-microservice:f7ea7abaac0af316d677d10b7c409315 - Heartbeat status: 200
2026-06-13 02:06:28.293 DEBUG [DiscoveryClient-CacheRefreshExecutor-0] c.netflix.discovery.DiscoveryClient - Got delta update with apps hashcode UP_6_
2026-06-13 02:06:28.293 DEBUG [DiscoveryClient-CacheRefreshExecutor-0] c.netflix.discovery.DiscoveryClient - The total number of instances fetched by the delta processor : 0
2026-06-13 02:06:28.293 DEBUG [DiscoveryClient-CacheRefreshExecutor-0] c.netflix.discovery.DiscoveryClient - The total number of all instances in the client now is 6
2026-06-13 02:06:28.293 DEBUG [DiscoveryClient-CacheRefreshExecutor-0] c.netflix.discovery.DiscoveryClient - Completed cache refresh task for discovery. All Apps hash code is Local region apps hashcode: UP_6_, is fetching remote regions? false 
2026-06-13 02:06:56.811 DEBUG [DiscoveryClient-HeartbeatExecutor-0] c.netflix.discovery.DiscoveryClient - DiscoveryClient_CHATBOT-MICROSERVICE/chatbot-microservice:f7ea7abaac0af316d677d10b7c409315 - Heartbeat status: 200
2026-06-13 02:06:58.306 DEBUG [DiscoveryClient-CacheRefreshExecutor-0] c.netflix.discovery.DiscoveryClient - Got delta update with apps hashcode UP_6_
2026-06-13 02:06:58.306 DEBUG [DiscoveryClient-CacheRefreshExecutor-0] c.netflix.discovery.DiscoveryClient - The total number of instances fetched by the delta processor : 0
2026-06-13 02:06:58.307 DEBUG [DiscoveryClient-CacheRefreshExecutor-0] c.netflix.discovery.DiscoveryClient - The total number of all instances in the client now is 6
2026-06-13 02:06:58.307 DEBUG [DiscoveryClient-CacheRefreshExecutor-0] c.netflix.discovery.DiscoveryClient - Completed cache refresh task for discovery. All Apps hash code is Local region apps hashcode: UP_6_, is fetching remote regions? false 
2026-06-13 02:07:23.133 DEBUG [http-nio-8086-exec-9] c.c.c.service.ChatSessionService - Session 0fe739eca83141d9ac26d844ba8d226a found in cache
2026-06-13 02:07:23.136 DEBUG [http-nio-8086-exec-9] c.c.c.service.ChatSessionService - Extended session 0fe739eca83141d9ac26d844ba8d226a
2026-06-13 02:07:26.850 DEBUG [DiscoveryClient-HeartbeatExecutor-0] c.netflix.discovery.DiscoveryClient - DiscoveryClient_CHATBOT-MICROSERVICE/chatbot-microservice:f7ea7abaac0af316d677d10b7c409315 - Heartbeat status: 200
2026-06-13 02:07:28.318 DEBUG [DiscoveryClient-CacheRefreshExecutor-0] c.netflix.discovery.DiscoveryClient - Got delta update with apps hashcode UP_6_
2026-06-13 02:07:28.318 DEBUG [DiscoveryClient-CacheRefreshExecutor-0] c.netflix.discovery.DiscoveryClient - The total number of instances fetched by the delta processor : 0
2026-06-13 02:07:28.318 DEBUG [DiscoveryClient-CacheRefreshExecutor-0] c.netflix.discovery.DiscoveryClient - The total number of all instances in the client now is 6
2026-06-13 02:07:28.318 DEBUG [DiscoveryClient-CacheRefreshExecutor-0] c.netflix.discovery.DiscoveryClient - Completed cache refresh task for discovery. All Apps hash code is Local region apps hashcode: UP_6_, is fetching remote regions? false 
2026-06-13 02:07:56.870 DEBUG [DiscoveryClient-HeartbeatExecutor-0] c.netflix.discovery.DiscoveryClient - DiscoveryClient_CHATBOT-MICROSERVICE/chatbot-microservice:f7ea7abaac0af316d677d10b7c409315 - Heartbeat status: 200
2026-06-13 02:07:58.329 DEBUG [DiscoveryClient-CacheRefreshExecutor-0] c.netflix.discovery.DiscoveryClient - Got delta update with apps hashcode UP_6_
2026-06-13 02:07:58.329 DEBUG [DiscoveryClient-CacheRefreshExecutor-0] c.netflix.discovery.DiscoveryClient - The total number of instances fetched by the delta processor : 0
2026-06-13 02:07:58.329 DEBUG [DiscoveryClient-CacheRefreshExecutor-0] c.netflix.discovery.DiscoveryClient - The total number of all instances in the client now is 6
2026-06-13 02:07:58.329 DEBUG [DiscoveryClient-CacheRefreshExecutor-0] c.netflix.discovery.DiscoveryClient - Completed cache refresh task for discovery. All Apps hash code is Local region apps hashcode: UP_6_, is fetching remote regions? false 
2026-06-13 02:08:23.158 DEBUG [http-nio-8086-exec-8] c.c.c.service.ChatSessionService - Session 0fe739eca83141d9ac26d844ba8d226a found in cache
2026-06-13 02:08:23.159 DEBUG [http-nio-8086-exec-8] c.c.c.service.ChatSessionService - Extended session 0fe739eca83141d9ac26d844ba8d226a
2026-06-13 02:08:26.902 DEBUG [DiscoveryClient-HeartbeatExecutor-0] c.netflix.discovery.DiscoveryClient - DiscoveryClient_CHATBOT-MICROSERVICE/chatbot-microservice:f7ea7abaac0af316d677d10b7c409315 - Heartbeat status: 200
2026-06-13 02:08:28.355 DEBUG [DiscoveryClient-CacheRefreshExecutor-0] c.n.d.s.t.d.SessionedEurekaHttpClient - Ending a session and starting anew
2026-06-13 02:08:29.706 DEBUG [DiscoveryClient-CacheRefreshExecutor-0] c.n.d.s.t.d.RedirectingEurekaHttpClient - Pinning to endpoint null
2026-06-13 02:08:29.706 DEBUG [DiscoveryClient-CacheRefreshExecutor-0] c.netflix.discovery.DiscoveryClient - Got delta update with apps hashcode UP_6_
2026-06-13 02:08:29.706 DEBUG [DiscoveryClient-CacheRefreshExecutor-0] c.netflix.discovery.DiscoveryClient - The total number of instances fetched by the delta processor : 0
2026-06-13 02:08:29.706 DEBUG [DiscoveryClient-CacheRefreshExecutor-0] c.netflix.discovery.DiscoveryClient - The total number of all instances in the client now is 6
2026-06-13 02:08:29.707 DEBUG [DiscoveryClient-CacheRefreshExecutor-0] c.netflix.discovery.DiscoveryClient - Completed cache refresh task for discovery. All Apps hash code is Local region apps hashcode: UP_6_, is fetching remote regions? false 
2026-06-13 02:08:56.928 DEBUG [DiscoveryClient-HeartbeatExecutor-0] c.netflix.discovery.DiscoveryClient - DiscoveryClient_CHATBOT-MICROSERVICE/chatbot-microservice:f7ea7abaac0af316d677d10b7c409315 - Heartbeat status: 200
2026-06-13 02:08:59.720 DEBUG [DiscoveryClient-CacheRefreshExecutor-0] c.netflix.discovery.DiscoveryClient - Got delta update with apps hashcode UP_6_
2026-06-13 02:08:59.721 DEBUG [DiscoveryClient-CacheRefreshExecutor-0] c.netflix.discovery.DiscoveryClient - The total number of instances fetched by the delta processor : 0
2026-06-13 02:08:59.721 DEBUG [DiscoveryClient-CacheRefreshExecutor-0] c.netflix.discovery.DiscoveryClient - The total number of all instances in the client now is 6
2026-06-13 02:08:59.721 DEBUG [DiscoveryClient-CacheRefreshExecutor-0] c.netflix.discovery.DiscoveryClient - Completed cache refresh task for discovery. All Apps hash code is Local region apps hashcode: UP_6_, is fetching remote regions? false 
2026-06-13 02:09:23.612 DEBUG [http-nio-8086-exec-6] c.c.c.service.ChatSessionService - Session 0fe739eca83141d9ac26d844ba8d226a found in cache
2026-06-13 02:09:23.614 DEBUG [http-nio-8086-exec-6] c.c.c.service.ChatSessionService - Extended session 0fe739eca83141d9ac26d844ba8d226a
2026-06-13 02:09:26.951 DEBUG [DiscoveryClient-HeartbeatExecutor-0] c.netflix.discovery.DiscoveryClient - DiscoveryClient_CHATBOT-MICROSERVICE/chatbot-microservice:f7ea7abaac0af316d677d10b7c409315 - Heartbeat status: 200
2026-06-13 02:09:29.747 DEBUG [DiscoveryClient-CacheRefreshExecutor-0] c.netflix.discovery.DiscoveryClient - Got delta update with apps hashcode UP_6_
2026-06-13 02:09:29.747 DEBUG [DiscoveryClient-CacheRefreshExecutor-0] c.netflix.discovery.DiscoveryClient - The total number of instances fetched by the delta processor : 0
2026-06-13 02:09:29.747 DEBUG [DiscoveryClient-CacheRefreshExecutor-0] c.netflix.discovery.DiscoveryClient - The total number of all instances in the client now is 6
2026-06-13 02:09:29.747 DEBUG [DiscoveryClient-CacheRefreshExecutor-0] c.netflix.discovery.DiscoveryClient - Completed cache refresh task for discovery. All Apps hash code is Local region apps hashcode: UP_6_, is fetching remote regions? false 
2026-06-13 02:09:56.981 DEBUG [DiscoveryClient-HeartbeatExecutor-0] c.netflix.discovery.DiscoveryClient - DiscoveryClient_CHATBOT-MICROSERVICE/chatbot-microservice:f7ea7abaac0af316d677d10b7c409315 - Heartbeat status: 200
2026-06-13 02:09:59.768 DEBUG [DiscoveryClient-CacheRefreshExecutor-0] c.netflix.discovery.DiscoveryClient - Got delta update with apps hashcode UP_6_
2026-06-13 02:09:59.768 DEBUG [DiscoveryClient-CacheRefreshExecutor-0] c.netflix.discovery.DiscoveryClient - The total number of instances fetched by the delta processor : 0
2026-06-13 02:09:59.769 DEBUG [DiscoveryClient-CacheRefreshExecutor-0] c.netflix.discovery.DiscoveryClient - The total number of all instances in the client now is 6
2026-06-13 02:09:59.769 DEBUG [DiscoveryClient-CacheRefreshExecutor-0] c.netflix.discovery.DiscoveryClient - Completed cache refresh task for discovery. All Apps hash code is Local region apps hashcode: UP_6_, is fetching remote regions? false 
2026-06-13 02:10:23.182 DEBUG [http-nio-8086-exec-3] c.c.c.service.ChatSessionService - Session 0fe739eca83141d9ac26d844ba8d226a found in cache
2026-06-13 02:10:23.184 DEBUG [http-nio-8086-exec-3] c.c.c.service.ChatSessionService - Extended session 0fe739eca83141d9ac26d844ba8d226a
2026-06-13 02:10:27.008 DEBUG [DiscoveryClient-HeartbeatExecutor-0] c.netflix.discovery.DiscoveryClient - DiscoveryClient_CHATBOT-MICROSERVICE/chatbot-microservice:f7ea7abaac0af316d677d10b7c409315 - Heartbeat status: 200
2026-06-13 02:10:29.789 DEBUG [DiscoveryClient-CacheRefreshExecutor-0] c.netflix.discovery.DiscoveryClient - Got delta update with apps hashcode UP_6_
2026-06-13 02:10:29.789 DEBUG [DiscoveryClient-CacheRefreshExecutor-0] c.netflix.discovery.DiscoveryClient - The total number of instances fetched by the delta processor : 0
2026-06-13 02:10:29.789 DEBUG [DiscoveryClient-CacheRefreshExecutor-0] c.netflix.discovery.DiscoveryClient - The total number of all instances in the client now is 6
2026-06-13 02:10:29.789 DEBUG [DiscoveryClient-CacheRefreshExecutor-0] c.netflix.discovery.DiscoveryClient - Completed cache refresh task for discovery. All Apps hash code is Local region apps hashcode: UP_6_, is fetching remote regions? false 
2026-06-13 02:10:57.042 DEBUG [DiscoveryClient-HeartbeatExecutor-0] c.netflix.discovery.DiscoveryClient - DiscoveryClient_CHATBOT-MICROSERVICE/chatbot-microservice:f7ea7abaac0af316d677d10b7c409315 - Heartbeat status: 200
2026-06-13 02:10:59.815 DEBUG [DiscoveryClient-CacheRefreshExecutor-0] c.netflix.discovery.DiscoveryClient - Got delta update with apps hashcode UP_6_
2026-06-13 02:10:59.815 DEBUG [DiscoveryClient-CacheRefreshExecutor-0] c.netflix.discovery.DiscoveryClient - The total number of instances fetched by the delta processor : 0
2026-06-13 02:10:59.815 DEBUG [DiscoveryClient-CacheRefreshExecutor-0] c.netflix.discovery.DiscoveryClient - The total number of all instances in the client now is 6
2026-06-13 02:10:59.815 DEBUG [DiscoveryClient-CacheRefreshExecutor-0] c.netflix.discovery.DiscoveryClient - Completed cache refresh task for discovery. All Apps hash code is Local region apps hashcode: UP_6_, is fetching remote regions? false 
2026-06-13 02:11:19.248 INFO  [AsyncResolver-bootstrap-executor-0] c.n.d.s.r.aws.ConfigClusterResolver - Resolving eureka endpoints via configuration
2026-06-13 02:11:19.248 DEBUG [AsyncResolver-bootstrap-executor-0] c.n.discovery.endpoint.EndpointUtils - The availability zone for the given region us-east-1 are [defaultZone]
2026-06-13 02:11:19.248 DEBUG [AsyncResolver-bootstrap-executor-0] c.n.d.s.r.aws.ConfigClusterResolver - Config resolved to [AwsEndpoint{ serviceUrl='http://localhost:8761/eureka/', region='us-east-1', zone='defaultZone'}]
2026-06-13 02:11:19.248 DEBUG [AsyncResolver-bootstrap-executor-0] c.n.d.s.r.a.ZoneAffinityClusterResolver - Local zone=defaultZone; resolved to: [AwsEndpoint{ serviceUrl='http://localhost:8761/eureka/', region='us-east-1', zone='defaultZone'}]
2026-06-13 02:11:19.248 DEBUG [AsyncResolver-bootstrap-executor-0] c.n.d.shared.resolver.AsyncResolver - Resolved to [AwsEndpoint{ serviceUrl='http://localhost:8761/eureka/', region='us-east-1', zone='defaultZone'}]
2026-06-13 02:11:23.161 DEBUG [http-nio-8086-exec-4] c.c.c.service.ChatSessionService - Session 0fe739eca83141d9ac26d844ba8d226a found in cache
2026-06-13 02:11:23.161 DEBUG [http-nio-8086-exec-4] c.c.c.service.ChatSessionService - Extended session 0fe739eca83141d9ac26d844ba8d226a
2026-06-13 02:11:27.063 DEBUG [DiscoveryClient-HeartbeatExecutor-0] c.netflix.discovery.DiscoveryClient - DiscoveryClient_CHATBOT-MICROSERVICE/chatbot-microservice:f7ea7abaac0af316d677d10b7c409315 - Heartbeat status: 200
2026-06-13 02:11:29.848 DEBUG [DiscoveryClient-CacheRefreshExecutor-0] c.netflix.discovery.DiscoveryClient - Got delta update with apps hashcode UP_6_
2026-06-13 02:11:29.848 DEBUG [DiscoveryClient-CacheRefreshExecutor-0] c.netflix.discovery.DiscoveryClient - The total number of instances fetched by the delta processor : 0
2026-06-13 02:11:29.849 DEBUG [DiscoveryClient-CacheRefreshExecutor-0] c.netflix.discovery.DiscoveryClient - The total number of all instances in the client now is 6
2026-06-13 02:11:29.849 DEBUG [DiscoveryClient-CacheRefreshExecutor-0] c.netflix.discovery.DiscoveryClient - Completed cache refresh task for discovery. All Apps hash code is Local region apps hashcode: UP_6_, is fetching remote regions? false 
2026-06-13 02:11:30.779 DEBUG [http-nio-8086-exec-9] c.c.c.service.ChatSessionService - Session 105f38b13d9e495785061e29600283e6 found in cache
2026-06-13 02:11:30.779 DEBUG [http-nio-8086-exec-9] c.c.c.service.ChatSessionService - Extended session 105f38b13d9e495785061e29600283e6
2026-06-13 02:11:35.633 DEBUG [http-nio-8086-exec-1] c.c.c.service.ChatSessionService - Session 105f38b13d9e495785061e29600283e6 found in cache
2026-06-13 02:11:35.793 DEBUG [http-nio-8086-exec-8] c.c.c.service.ChatSessionService - Session 105f38b13d9e495785061e29600283e6 found in cache
2026-06-13 02:11:57.079 DEBUG [DiscoveryClient-HeartbeatExecutor-0] c.netflix.discovery.DiscoveryClient - DiscoveryClient_CHATBOT-MICROSERVICE/chatbot-microservice:f7ea7abaac0af316d677d10b7c409315 - Heartbeat status: 200
2026-06-13 02:11:59.879 DEBUG [DiscoveryClient-CacheRefreshExecutor-0] c.netflix.discovery.DiscoveryClient - Got delta update with apps hashcode UP_6_
2026-06-13 02:11:59.879 DEBUG [DiscoveryClient-CacheRefreshExecutor-0] c.netflix.discovery.DiscoveryClient - The total number of instances fetched by the delta processor : 0
2026-06-13 02:11:59.879 DEBUG [DiscoveryClient-CacheRefreshExecutor-0] c.netflix.discovery.DiscoveryClient - The total number of all instances in the client now is 6
2026-06-13 02:11:59.879 DEBUG [DiscoveryClient-CacheRefreshExecutor-0] c.netflix.discovery.DiscoveryClient - Completed cache refresh task for discovery. All Apps hash code is Local region apps hashcode: UP_6_, is fetching remote regions? false 
2026-06-13 02:12:00.778 DEBUG [http-nio-8086-exec-6] c.c.c.service.ChatSessionService - Session 105f38b13d9e495785061e29600283e6 found in cache
2026-06-13 02:12:00.781 DEBUG [http-nio-8086-exec-6] c.c.c.service.ChatSessionService - Extended session 105f38b13d9e495785061e29600283e6
2026-06-13 02:12:23.177 DEBUG [http-nio-8086-exec-3] c.c.c.service.ChatSessionService - Session 0fe739eca83141d9ac26d844ba8d226a found in cache
2026-06-13 02:12:23.177 DEBUG [http-nio-8086-exec-3] c.c.c.service.ChatSessionService - Extended session 0fe739eca83141d9ac26d844ba8d226a
2026-06-13 02:12:26.060 DEBUG [http-nio-8086-exec-5] c.c.c.service.ChatSessionService - Session 105f38b13d9e495785061e29600283e6 found in cache
2026-06-13 02:12:26.062 DEBUG [http-nio-8086-exec-5] c.c.c.service.ChatSessionService - Extended session 105f38b13d9e495785061e29600283e6
2026-06-13 02:12:27.113 DEBUG [DiscoveryClient-HeartbeatExecutor-0] c.netflix.discovery.DiscoveryClient - DiscoveryClient_CHATBOT-MICROSERVICE/chatbot-microservice:f7ea7abaac0af316d677d10b7c409315 - Heartbeat status: 200
2026-06-13 02:12:27.991 DEBUG [http-nio-8086-exec-4] c.c.c.service.ChatSessionService - Session 0fe739eca83141d9ac26d844ba8d226a found in cache
2026-06-13 02:12:27.991 DEBUG [http-nio-8086-exec-4] c.c.c.service.ChatSessionService - Extended session 0fe739eca83141d9ac26d844ba8d226a
2026-06-13 02:12:29.912 DEBUG [DiscoveryClient-CacheRefreshExecutor-0] c.netflix.discovery.DiscoveryClient - Got delta update with apps hashcode UP_6_
2026-06-13 02:12:29.912 DEBUG [DiscoveryClient-CacheRefreshExecutor-0] c.netflix.discovery.DiscoveryClient - The total number of instances fetched by the delta processor : 0
2026-06-13 02:12:29.913 DEBUG [DiscoveryClient-CacheRefreshExecutor-0] c.netflix.discovery.DiscoveryClient - The total number of all instances in the client now is 6
2026-06-13 02:12:29.913 DEBUG [DiscoveryClient-CacheRefreshExecutor-0] c.netflix.discovery.DiscoveryClient - Completed cache refresh task for discovery. All Apps hash code is Local region apps hashcode: UP_6_, is fetching remote regions? false 
2026-06-13 02:12:46.871 DEBUG [http-nio-8086-exec-9] c.c.c.service.ChatSessionService - Session 0fe739eca83141d9ac26d844ba8d226a found in cache
2026-06-13 02:12:46.874 DEBUG [http-nio-8086-exec-9] c.c.c.service.ChatSessionService - Extended session 0fe739eca83141d9ac26d844ba8d226a
2026-06-13 02:12:50.777 DEBUG [http-nio-8086-exec-1] c.c.c.service.ChatSessionService - Session 105f38b13d9e495785061e29600283e6 found in cache
2026-06-13 02:12:50.778 DEBUG [http-nio-8086-exec-1] c.c.c.service.ChatSessionService - Extended session 105f38b13d9e495785061e29600283e6
2026-06-13 02:12:55.056 DEBUG [http-nio-8086-exec-8] c.c.c.service.ChatSessionService - Session 0fe739eca83141d9ac26d844ba8d226a found in cache
2026-06-13 02:12:55.056 DEBUG [http-nio-8086-exec-8] c.c.c.service.ChatSessionService - Extended session 0fe739eca83141d9ac26d844ba8d226a
2026-06-13 02:12:57.141 DEBUG [DiscoveryClient-HeartbeatExecutor-0] c.netflix.discovery.DiscoveryClient - DiscoveryClient_CHATBOT-MICROSERVICE/chatbot-microservice:f7ea7abaac0af316d677d10b7c409315 - Heartbeat status: 200
2026-06-13 02:12:59.943 DEBUG [DiscoveryClient-CacheRefreshExecutor-0] c.netflix.discovery.DiscoveryClient - Got delta update with apps hashcode UP_6_
2026-06-13 02:12:59.944 DEBUG [DiscoveryClient-CacheRefreshExecutor-0] c.netflix.discovery.DiscoveryClient - The total number of instances fetched by the delta processor : 0
2026-06-13 02:12:59.945 DEBUG [DiscoveryClient-CacheRefreshExecutor-0] c.netflix.discovery.DiscoveryClient - The total number of all instances in the client now is 6
2026-06-13 02:12:59.945 DEBUG [DiscoveryClient-CacheRefreshExecutor-0] c.netflix.discovery.DiscoveryClient - Completed cache refresh task for discovery. All Apps hash code is Local region apps hashcode: UP_6_, is fetching remote regions? false 
2026-06-13 02:13:16.048 DEBUG [http-nio-8086-exec-6] c.c.c.service.ChatSessionService - Session 105f38b13d9e495785061e29600283e6 found in cache
2026-06-13 02:13:16.048 DEBUG [http-nio-8086-exec-6] c.c.c.service.ChatSessionService - Extended session 105f38b13d9e495785061e29600283e6
2026-06-13 02:13:20.063 DEBUG [http-nio-8086-exec-7] c.c.c.service.ChatSessionService - Session 0fe739eca83141d9ac26d844ba8d226a found in cache
2026-06-13 02:13:20.064 DEBUG [http-nio-8086-exec-7] c.c.c.service.ChatSessionService - Extended session 0fe739eca83141d9ac26d844ba8d226a
2026-06-13 02:13:23.139 DEBUG [http-nio-8086-exec-3] c.c.c.service.ChatSessionService - Session 0fe739eca83141d9ac26d844ba8d226a found in cache
2026-06-13 02:13:23.142 DEBUG [http-nio-8086-exec-3] c.c.c.service.ChatSessionService - Extended session 0fe739eca83141d9ac26d844ba8d226a
2026-06-13 02:13:27.157 DEBUG [DiscoveryClient-HeartbeatExecutor-0] c.netflix.discovery.DiscoveryClient - DiscoveryClient_CHATBOT-MICROSERVICE/chatbot-microservice:f7ea7abaac0af316d677d10b7c409315 - Heartbeat status: 200
2026-06-13 02:13:29.972 DEBUG [DiscoveryClient-CacheRefreshExecutor-0] c.netflix.discovery.DiscoveryClient - Got delta update with apps hashcode UP_6_
2026-06-13 02:13:29.972 DEBUG [DiscoveryClient-CacheRefreshExecutor-0] c.netflix.discovery.DiscoveryClient - The total number of instances fetched by the delta processor : 0
2026-06-13 02:13:29.972 DEBUG [DiscoveryClient-CacheRefreshExecutor-0] c.netflix.discovery.DiscoveryClient - The total number of all instances in the client now is 6
2026-06-13 02:13:29.972 DEBUG [DiscoveryClient-CacheRefreshExecutor-0] c.netflix.discovery.DiscoveryClient - Completed cache refresh task for discovery. All Apps hash code is Local region apps hashcode: UP_6_, is fetching remote regions? false 
2026-06-13 02:13:41.048 DEBUG [http-nio-8086-exec-4] c.c.c.service.ChatSessionService - Session 105f38b13d9e495785061e29600283e6 found in cache
2026-06-13 02:13:41.080 DEBUG [http-nio-8086-exec-4] c.c.c.service.ChatSessionService - Extended session 105f38b13d9e495785061e29600283e6
2026-06-13 02:13:45.058 DEBUG [http-nio-8086-exec-10] c.c.c.service.ChatSessionService - Session 0fe739eca83141d9ac26d844ba8d226a found in cache
2026-06-13 02:13:45.059 DEBUG [http-nio-8086-exec-10] c.c.c.service.ChatSessionService - Extended session 0fe739eca83141d9ac26d844ba8d226a
2026-06-13 02:13:57.181 DEBUG [DiscoveryClient-HeartbeatExecutor-0] c.netflix.discovery.DiscoveryClient - DiscoveryClient_CHATBOT-MICROSERVICE/chatbot-microservice:f7ea7abaac0af316d677d10b7c409315 - Heartbeat status: 200
2026-06-13 02:13:59.997 DEBUG [DiscoveryClient-CacheRefreshExecutor-0] c.netflix.discovery.DiscoveryClient - Got delta update with apps hashcode UP_6_
2026-06-13 02:13:59.997 DEBUG [DiscoveryClient-CacheRefreshExecutor-0] c.netflix.discovery.DiscoveryClient - The total number of instances fetched by the delta processor : 0
2026-06-13 02:13:59.998 DEBUG [DiscoveryClient-CacheRefreshExecutor-0] c.netflix.discovery.DiscoveryClient - The total number of all instances in the client now is 6
2026-06-13 02:13:59.998 DEBUG [DiscoveryClient-CacheRefreshExecutor-0] c.netflix.discovery.DiscoveryClient - Completed cache refresh task for discovery. All Apps hash code is Local region apps hashcode: UP_6_, is fetching remote regions? false 
2026-06-13 02:14:06.061 DEBUG [http-nio-8086-exec-1] c.c.c.service.ChatSessionService - Session 105f38b13d9e495785061e29600283e6 found in cache
2026-06-13 02:14:06.062 DEBUG [http-nio-8086-exec-1] c.c.c.service.ChatSessionService - Extended session 105f38b13d9e495785061e29600283e6
2026-06-13 02:14:10.064 DEBUG [http-nio-8086-exec-8] c.c.c.service.ChatSessionService - Session 0fe739eca83141d9ac26d844ba8d226a found in cache
2026-06-13 02:14:10.065 DEBUG [http-nio-8086-exec-8] c.c.c.service.ChatSessionService - Extended session 0fe739eca83141d9ac26d844ba8d226a
2026-06-13 02:14:23.135 DEBUG [http-nio-8086-exec-6] c.c.c.service.ChatSessionService - Session 0fe739eca83141d9ac26d844ba8d226a found in cache
2026-06-13 02:14:23.136 DEBUG [http-nio-8086-exec-6] c.c.c.service.ChatSessionService - Extended session 0fe739eca83141d9ac26d844ba8d226a
2026-06-13 02:14:27.207 DEBUG [DiscoveryClient-HeartbeatExecutor-0] c.netflix.discovery.DiscoveryClient - DiscoveryClient_CHATBOT-MICROSERVICE/chatbot-microservice:f7ea7abaac0af316d677d10b7c409315 - Heartbeat status: 200
2026-06-13 02:14:32.185 DEBUG [http-nio-8086-exec-3] c.c.c.service.ChatSessionService - Session 105f38b13d9e495785061e29600283e6 found in cache
2026-06-13 02:14:32.185 DEBUG [http-nio-8086-exec-3] c.c.c.service.ChatSessionService - Extended session 105f38b13d9e495785061e29600283e6
2026-06-13 02:14:32.353 DEBUG [DiscoveryClient-CacheRefreshExecutor-0] c.netflix.discovery.DiscoveryClient - Got delta update with apps hashcode DOWN_1_UP_5_
2026-06-13 02:14:32.353 DEBUG [DiscoveryClient-CacheRefreshExecutor-0] c.netflix.discovery.DiscoveryClient - Added instance 192.168.1.106:expense-management-microservice:8082 to the existing apps in region null
2026-06-13 02:14:32.353 DEBUG [DiscoveryClient-CacheRefreshExecutor-0] c.netflix.discovery.DiscoveryClient - The total number of instances fetched by the delta processor : 1
2026-06-13 02:14:32.353 DEBUG [DiscoveryClient-CacheRefreshExecutor-0] c.netflix.discovery.DiscoveryClient - The total number of all instances in the client now is 6
2026-06-13 02:14:32.353 DEBUG [DiscoveryClient-CacheRefreshExecutor-0] c.netflix.discovery.DiscoveryClient - Completed cache refresh task for discovery. All Apps hash code is Local region apps hashcode: DOWN_1_UP_5_, is fetching remote regions? false 
2026-06-13 02:14:35.070 DEBUG [http-nio-8086-exec-5] c.c.c.service.ChatSessionService - Session 0fe739eca83141d9ac26d844ba8d226a found in cache
2026-06-13 02:14:35.072 DEBUG [http-nio-8086-exec-5] c.c.c.service.ChatSessionService - Extended session 0fe739eca83141d9ac26d844ba8d226a
2026-06-13 02:14:57.050 DEBUG [http-nio-8086-exec-10] c.c.c.service.ChatSessionService - Session 105f38b13d9e495785061e29600283e6 found in cache
2026-06-13 02:14:57.068 DEBUG [http-nio-8086-exec-10] c.c.c.service.ChatSessionService - Extended session 105f38b13d9e495785061e29600283e6
2026-06-13 02:14:57.489 DEBUG [DiscoveryClient-HeartbeatExecutor-0] c.netflix.discovery.DiscoveryClient - DiscoveryClient_CHATBOT-MICROSERVICE/chatbot-microservice:f7ea7abaac0af316d677d10b7c409315 - Heartbeat status: 200
2026-06-13 02:15:00.062 DEBUG [http-nio-8086-exec-9] c.c.c.service.ChatSessionService - Session 0fe739eca83141d9ac26d844ba8d226a found in cache
2026-06-13 02:15:00.062 DEBUG [http-nio-8086-exec-9] c.c.c.service.ChatSessionService - Extended session 0fe739eca83141d9ac26d844ba8d226a
2026-06-13 02:15:02.379 DEBUG [DiscoveryClient-CacheRefreshExecutor-0] c.netflix.discovery.DiscoveryClient - Got delta update with apps hashcode UP_5_
2026-06-13 02:15:02.379 DEBUG [DiscoveryClient-CacheRefreshExecutor-0] c.netflix.discovery.DiscoveryClient - Deleted instance 192.168.1.106:expense-management-microservice:8082 to the existing apps 
2026-06-13 02:15:02.379 DEBUG [DiscoveryClient-CacheRefreshExecutor-0] c.netflix.discovery.DiscoveryClient - The total number of instances fetched by the delta processor : 1
2026-06-13 02:15:02.380 DEBUG [DiscoveryClient-CacheRefreshExecutor-0] c.netflix.discovery.DiscoveryClient - The total number of all instances in the client now is 5
2026-06-13 02:15:02.380 DEBUG [DiscoveryClient-CacheRefreshExecutor-0] c.netflix.discovery.DiscoveryClient - Completed cache refresh task for discovery. All Apps hash code is Local region apps hashcode: UP_5_, is fetching remote regions? false 
2026-06-13 02:15:20.788 DEBUG [http-nio-8086-exec-8] c.c.c.service.ChatSessionService - Session 105f38b13d9e495785061e29600283e6 found in cache
2026-06-13 02:15:20.788 DEBUG [http-nio-8086-exec-8] c.c.c.service.ChatSessionService - Extended session 105f38b13d9e495785061e29600283e6
2026-06-13 02:15:23.132 DEBUG [http-nio-8086-exec-2] c.c.c.service.ChatSessionService - Session 0fe739eca83141d9ac26d844ba8d226a found in cache
2026-06-13 02:15:23.132 DEBUG [http-nio-8086-exec-2] c.c.c.service.ChatSessionService - Extended session 0fe739eca83141d9ac26d844ba8d226a
2026-06-13 02:15:25.056 DEBUG [http-nio-8086-exec-6] c.c.c.service.ChatSessionService - Session 0fe739eca83141d9ac26d844ba8d226a found in cache
2026-06-13 02:15:25.056 DEBUG [http-nio-8086-exec-6] c.c.c.service.ChatSessionService - Extended session 0fe739eca83141d9ac26d844ba8d226a
2026-06-13 02:15:27.511 DEBUG [DiscoveryClient-HeartbeatExecutor-0] c.netflix.discovery.DiscoveryClient - DiscoveryClient_CHATBOT-MICROSERVICE/chatbot-microservice:f7ea7abaac0af316d677d10b7c409315 - Heartbeat status: 200
2026-06-13 02:15:32.404 DEBUG [DiscoveryClient-CacheRefreshExecutor-0] c.netflix.discovery.DiscoveryClient - Got delta update with apps hashcode UP_6_
2026-06-13 02:15:32.404 DEBUG [DiscoveryClient-CacheRefreshExecutor-0] c.netflix.discovery.DiscoveryClient - Added instance localhost:expense-management-microservice:8082 to the existing apps in region null
2026-06-13 02:15:32.404 DEBUG [DiscoveryClient-CacheRefreshExecutor-0] c.netflix.discovery.DiscoveryClient - The total number of instances fetched by the delta processor : 2
2026-06-13 02:15:32.405 DEBUG [DiscoveryClient-CacheRefreshExecutor-0] c.netflix.discovery.DiscoveryClient - The Reconcile hashcodes do not match, client : DOWN_1_UP_6_, server : UP_6_. Getting the full registry
2026-06-13 02:15:32.445 DEBUG [DiscoveryClient-CacheRefreshExecutor-0] c.netflix.discovery.DiscoveryClient - The Reconcile hashcodes after complete sync up, client : UP_6_, server : UP_6_.
2026-06-13 02:15:32.445 DEBUG [DiscoveryClient-CacheRefreshExecutor-0] c.netflix.discovery.DiscoveryClient - The total number of all instances in the client now is 6
2026-06-13 02:15:32.445 DEBUG [DiscoveryClient-CacheRefreshExecutor-0] c.netflix.discovery.DiscoveryClient - Completed cache refresh task for discovery. All Apps hash code is Local region apps hashcode: UP_6_, is fetching remote regions? false 
2026-06-13 02:15:46.047 DEBUG [http-nio-8086-exec-3] c.c.c.service.ChatSessionService - Session 105f38b13d9e495785061e29600283e6 found in cache
2026-06-13 02:15:46.050 DEBUG [http-nio-8086-exec-3] c.c.c.service.ChatSessionService - Extended session 105f38b13d9e495785061e29600283e6
2026-06-13 02:15:57.545 DEBUG [DiscoveryClient-HeartbeatExecutor-0] c.netflix.discovery.DiscoveryClient - DiscoveryClient_CHATBOT-MICROSERVICE/chatbot-microservice:f7ea7abaac0af316d677d10b7c409315 - Heartbeat status: 200
2026-06-13 02:16:02.465 DEBUG [DiscoveryClient-CacheRefreshExecutor-0] c.netflix.discovery.DiscoveryClient - Got delta update with apps hashcode UP_6_
2026-06-13 02:16:02.465 DEBUG [DiscoveryClient-CacheRefreshExecutor-0] c.netflix.discovery.DiscoveryClient - Deleted instance 192.168.1.106:expense-management-microservice:8082 to the existing apps 
2026-06-13 02:16:02.465 DEBUG [DiscoveryClient-CacheRefreshExecutor-0] c.netflix.discovery.DiscoveryClient - Added instance localhost:expense-management-microservice:8082 to the existing apps in region null
2026-06-13 02:16:02.465 DEBUG [DiscoveryClient-CacheRefreshExecutor-0] c.netflix.discovery.DiscoveryClient - The total number of instances fetched by the delta processor : 2
2026-06-13 02:16:02.465 DEBUG [DiscoveryClient-CacheRefreshExecutor-0] c.netflix.discovery.DiscoveryClient - The total number of all instances in the client now is 6
2026-06-13 02:16:02.465 DEBUG [DiscoveryClient-CacheRefreshExecutor-0] c.netflix.discovery.DiscoveryClient - Completed cache refresh task for discovery. All Apps hash code is Local region apps hashcode: UP_6_, is fetching remote regions? false 
2026-06-13 02:16:10.786 DEBUG [http-nio-8086-exec-4] c.c.c.service.ChatSessionService - Session 105f38b13d9e495785061e29600283e6 found in cache
2026-06-13 02:16:10.788 DEBUG [http-nio-8086-exec-4] c.c.c.service.ChatSessionService - Extended session 105f38b13d9e495785061e29600283e6
2026-06-13 02:16:19.263 INFO  [AsyncResolver-bootstrap-executor-0] c.n.d.s.r.aws.ConfigClusterResolver - Resolving eureka endpoints via configuration
2026-06-13 02:16:19.263 DEBUG [AsyncResolver-bootstrap-executor-0] c.n.discovery.endpoint.EndpointUtils - The availability zone for the given region us-east-1 are [defaultZone]
2026-06-13 02:16:19.266 DEBUG [AsyncResolver-bootstrap-executor-0] c.n.d.s.r.aws.ConfigClusterResolver - Config resolved to [AwsEndpoint{ serviceUrl='http://localhost:8761/eureka/', region='us-east-1', zone='defaultZone'}]
2026-06-13 02:16:19.267 DEBUG [AsyncResolver-bootstrap-executor-0] c.n.d.s.r.a.ZoneAffinityClusterResolver - Local zone=defaultZone; resolved to: [AwsEndpoint{ serviceUrl='http://localhost:8761/eureka/', region='us-east-1', zone='defaultZone'}]
2026-06-13 02:16:19.268 DEBUG [AsyncResolver-bootstrap-executor-0] c.n.d.shared.resolver.AsyncResolver - Resolved to [AwsEndpoint{ serviceUrl='http://localhost:8761/eureka/', region='us-east-1', zone='defaultZone'}]
2026-06-13 02:16:23.059 DEBUG [http-nio-8086-exec-9] c.c.c.service.ChatSessionService - Session 0fe739eca83141d9ac26d844ba8d226a found in cache
2026-06-13 02:16:23.062 DEBUG [http-nio-8086-exec-9] c.c.c.service.ChatSessionService - Extended session 0fe739eca83141d9ac26d844ba8d226a
2026-06-13 02:16:23.135 DEBUG [http-nio-8086-exec-1] c.c.c.service.ChatSessionService - Session 0fe739eca83141d9ac26d844ba8d226a found in cache
2026-06-13 02:16:23.136 DEBUG [http-nio-8086-exec-1] c.c.c.service.ChatSessionService - Extended session 0fe739eca83141d9ac26d844ba8d226a
2026-06-13 02:16:27.579 DEBUG [DiscoveryClient-HeartbeatExecutor-0] c.netflix.discovery.DiscoveryClient - DiscoveryClient_CHATBOT-MICROSERVICE/chatbot-microservice:f7ea7abaac0af316d677d10b7c409315 - Heartbeat status: 200
2026-06-13 02:16:32.918 DEBUG [DiscoveryClient-CacheRefreshExecutor-0] c.netflix.discovery.DiscoveryClient - Got delta update with apps hashcode UP_6_
2026-06-13 02:16:32.918 DEBUG [DiscoveryClient-CacheRefreshExecutor-0] c.netflix.discovery.DiscoveryClient - Deleted instance 192.168.1.106:expense-management-microservice:8082 to the existing apps 
2026-06-13 02:16:32.918 DEBUG [DiscoveryClient-CacheRefreshExecutor-0] c.netflix.discovery.DiscoveryClient - Added instance localhost:expense-management-microservice:8082 to the existing apps in region null
2026-06-13 02:16:32.918 DEBUG [DiscoveryClient-CacheRefreshExecutor-0] c.netflix.discovery.DiscoveryClient - The total number of instances fetched by the delta processor : 2
2026-06-13 02:16:32.918 DEBUG [DiscoveryClient-CacheRefreshExecutor-0] c.netflix.discovery.DiscoveryClient - The total number of all instances in the client now is 6
2026-06-13 02:16:32.918 DEBUG [DiscoveryClient-CacheRefreshExecutor-0] c.netflix.discovery.DiscoveryClient - Completed cache refresh task for discovery. All Apps hash code is Local region apps hashcode: UP_6_, is fetching remote regions? false 
2026-06-13 02:16:33.456 DEBUG [http-nio-8086-exec-2] c.c.c.service.ChatSessionService - Session 0fe739eca83141d9ac26d844ba8d226a found in cache
2026-06-13 02:16:33.499 DEBUG [http-nio-8086-exec-2] c.c.c.service.ChatSessionService - Updated context for session 0fe739eca83141d9ac26d844ba8d226a
2026-06-13 02:16:36.055 DEBUG [http-nio-8086-exec-6] c.c.c.service.ChatSessionService - Session 105f38b13d9e495785061e29600283e6 found in cache
2026-06-13 02:16:36.055 DEBUG [http-nio-8086-exec-6] c.c.c.service.ChatSessionService - Extended session 105f38b13d9e495785061e29600283e6
2026-06-13 02:16:39.368 DEBUG [http-nio-8086-exec-7] c.c.c.service.ChatSessionService - Session 0fe739eca83141d9ac26d844ba8d226a found in cache
2026-06-13 02:16:39.371 DEBUG [http-nio-8086-exec-7] c.c.c.service.ChatSessionService - Extended session 0fe739eca83141d9ac26d844ba8d226a
2026-06-13 02:16:57.583 DEBUG [DiscoveryClient-HeartbeatExecutor-0] c.n.d.s.t.d.SessionedEurekaHttpClient - Ending a session and starting anew
2026-06-13 02:16:57.960 DEBUG [DiscoveryClient-HeartbeatExecutor-0] c.n.d.s.t.d.RedirectingEurekaHttpClient - Pinning to endpoint null
2026-06-13 02:16:57.960 DEBUG [DiscoveryClient-HeartbeatExecutor-0] c.netflix.discovery.DiscoveryClient - DiscoveryClient_CHATBOT-MICROSERVICE/chatbot-microservice:f7ea7abaac0af316d677d10b7c409315 - Heartbeat status: 200
2026-06-13 02:17:03.687 DEBUG [DiscoveryClient-CacheRefreshExecutor-0] c.netflix.discovery.DiscoveryClient - Got delta update with apps hashcode UP_6_
2026-06-13 02:17:03.687 DEBUG [DiscoveryClient-CacheRefreshExecutor-0] c.netflix.discovery.DiscoveryClient - Deleted instance 192.168.1.106:expense-management-microservice:8082 to the existing apps 
2026-06-13 02:17:03.687 DEBUG [DiscoveryClient-CacheRefreshExecutor-0] c.netflix.discovery.DiscoveryClient - Added instance localhost:expense-management-microservice:8082 to the existing apps in region null
2026-06-13 02:17:03.687 DEBUG [DiscoveryClient-CacheRefreshExecutor-0] c.netflix.discovery.DiscoveryClient - The total number of instances fetched by the delta processor : 2
2026-06-13 02:17:03.687 DEBUG [DiscoveryClient-CacheRefreshExecutor-0] c.netflix.discovery.DiscoveryClient - The total number of all instances in the client now is 6
2026-06-13 02:17:03.687 DEBUG [DiscoveryClient-CacheRefreshExecutor-0] c.netflix.discovery.DiscoveryClient - Completed cache refresh task for discovery. All Apps hash code is Local region apps hashcode: UP_6_, is fetching remote regions? false 
2026-06-13 02:17:04.860 DEBUG [http-nio-8086-exec-5] c.c.c.service.ChatSessionService - Session 105f38b13d9e495785061e29600283e6 found in cache
2026-06-13 02:17:04.860 DEBUG [http-nio-8086-exec-4] c.c.c.service.ChatSessionService - Session 0fe739eca83141d9ac26d844ba8d226a found in cache
2026-06-13 02:17:04.876 DEBUG [http-nio-8086-exec-4] c.c.c.service.ChatSessionService - Extended session 0fe739eca83141d9ac26d844ba8d226a
2026-06-13 02:17:04.876 DEBUG [http-nio-8086-exec-5] c.c.c.service.ChatSessionService - Extended session 105f38b13d9e495785061e29600283e6
2026-06-13 02:17:27.046 DEBUG [http-nio-8086-exec-1] c.c.c.service.ChatSessionService - Session 105f38b13d9e495785061e29600283e6 found in cache
2026-06-13 02:17:27.050 DEBUG [http-nio-8086-exec-1] c.c.c.service.ChatSessionService - Extended session 105f38b13d9e495785061e29600283e6
2026-06-13 02:17:27.976 DEBUG [DiscoveryClient-HeartbeatExecutor-0] c.netflix.discovery.DiscoveryClient - DiscoveryClient_CHATBOT-MICROSERVICE/chatbot-microservice:f7ea7abaac0af316d677d10b7c409315 - Heartbeat status: 200
2026-06-13 02:17:28.753 DEBUG [http-nio-8086-exec-8] c.c.c.service.ChatSessionService - Session 0fe739eca83141d9ac26d844ba8d226a found in cache
2026-06-13 02:17:28.755 DEBUG [http-nio-8086-exec-8] c.c.c.service.ChatSessionService - Extended session 0fe739eca83141d9ac26d844ba8d226a
2026-06-13 02:17:33.261 DEBUG [http-nio-8086-exec-2] c.c.c.service.ChatSessionService - Session 0fe739eca83141d9ac26d844ba8d226a found in cache
2026-06-13 02:17:33.264 DEBUG [http-nio-8086-exec-2] c.c.c.service.ChatSessionService - Extended session 0fe739eca83141d9ac26d844ba8d226a
2026-06-13 02:17:34.361 DEBUG [DiscoveryClient-CacheRefreshExecutor-0] c.netflix.discovery.DiscoveryClient - Got delta update with apps hashcode UP_6_
2026-06-13 02:17:34.362 DEBUG [DiscoveryClient-CacheRefreshExecutor-0] c.netflix.discovery.DiscoveryClient - Deleted instance 192.168.1.106:expense-management-microservice:8082 to the existing apps 
2026-06-13 02:17:34.362 DEBUG [DiscoveryClient-CacheRefreshExecutor-0] c.netflix.discovery.DiscoveryClient - Added instance localhost:expense-management-microservice:8082 to the existing apps in region null
2026-06-13 02:17:34.362 DEBUG [DiscoveryClient-CacheRefreshExecutor-0] c.netflix.discovery.DiscoveryClient - The total number of instances fetched by the delta processor : 2
2026-06-13 02:17:34.362 DEBUG [DiscoveryClient-CacheRefreshExecutor-0] c.netflix.discovery.DiscoveryClient - The total number of all instances in the client now is 6
2026-06-13 02:17:34.362 DEBUG [DiscoveryClient-CacheRefreshExecutor-0] c.netflix.discovery.DiscoveryClient - Completed cache refresh task for discovery. All Apps hash code is Local region apps hashcode: UP_6_, is fetching remote regions? false 
2026-06-13 02:17:51.076 DEBUG [http-nio-8086-exec-7] c.c.c.service.ChatSessionService - Session 105f38b13d9e495785061e29600283e6 found in cache
2026-06-13 02:17:51.077 DEBUG [http-nio-8086-exec-7] c.c.c.service.ChatSessionService - Extended session 105f38b13d9e495785061e29600283e6
2026-06-13 02:17:58.011 DEBUG [DiscoveryClient-HeartbeatExecutor-0] c.netflix.discovery.DiscoveryClient - DiscoveryClient_CHATBOT-MICROSERVICE/chatbot-microservice:f7ea7abaac0af316d677d10b7c409315 - Heartbeat status: 200
2026-06-13 02:18:04.429 DEBUG [DiscoveryClient-CacheRefreshExecutor-0] c.netflix.discovery.DiscoveryClient - Got delta update with apps hashcode UP_6_
2026-06-13 02:18:04.429 DEBUG [DiscoveryClient-CacheRefreshExecutor-0] c.netflix.discovery.DiscoveryClient - Deleted instance 192.168.1.106:expense-management-microservice:8082 to the existing apps 
2026-06-13 02:18:04.429 DEBUG [DiscoveryClient-CacheRefreshExecutor-0] c.netflix.discovery.DiscoveryClient - Added instance localhost:expense-management-microservice:8082 to the existing apps in region null
2026-06-13 02:18:04.430 DEBUG [DiscoveryClient-CacheRefreshExecutor-0] c.netflix.discovery.DiscoveryClient - The total number of instances fetched by the delta processor : 2
2026-06-13 02:18:04.432 DEBUG [DiscoveryClient-CacheRefreshExecutor-0] c.netflix.discovery.DiscoveryClient - The total number of all instances in the client now is 6
2026-06-13 02:18:04.432 DEBUG [DiscoveryClient-CacheRefreshExecutor-0] c.netflix.discovery.DiscoveryClient - Completed cache refresh task for discovery. All Apps hash code is Local region apps hashcode: UP_6_, is fetching remote regions? false 
2026-06-13 02:18:22.725 DEBUG [http-nio-8086-exec-5] c.c.c.service.ChatSessionService - Session 105f38b13d9e495785061e29600283e6 found in cache
2026-06-13 02:18:22.729 DEBUG [http-nio-8086-exec-5] c.c.c.service.ChatSessionService - Extended session 105f38b13d9e495785061e29600283e6
2026-06-13 02:18:23.229 DEBUG [http-nio-8086-exec-4] c.c.c.service.ChatSessionService - Session 0fe739eca83141d9ac26d844ba8d226a found in cache
2026-06-13 02:18:23.231 DEBUG [http-nio-8086-exec-4] c.c.c.service.ChatSessionService - Extended session 0fe739eca83141d9ac26d844ba8d226a
2026-06-13 02:18:28.048 DEBUG [DiscoveryClient-HeartbeatExecutor-0] c.netflix.discovery.DiscoveryClient - DiscoveryClient_CHATBOT-MICROSERVICE/chatbot-microservice:f7ea7abaac0af316d677d10b7c409315 - Heartbeat status: 200
2026-06-13 02:18:35.000 DEBUG [DiscoveryClient-CacheRefreshExecutor-0] c.netflix.discovery.DiscoveryClient - Got delta update with apps hashcode UP_6_
2026-06-13 02:18:35.000 DEBUG [DiscoveryClient-CacheRefreshExecutor-0] c.netflix.discovery.DiscoveryClient - The total number of instances fetched by the delta processor : 0
2026-06-13 02:18:35.001 DEBUG [DiscoveryClient-CacheRefreshExecutor-0] c.netflix.discovery.DiscoveryClient - The total number of all instances in the client now is 6
2026-06-13 02:18:35.001 DEBUG [DiscoveryClient-CacheRefreshExecutor-0] c.netflix.discovery.DiscoveryClient - Completed cache refresh task for discovery. All Apps hash code is Local region apps hashcode: UP_6_, is fetching remote regions? false 
2026-06-13 02:18:41.110 DEBUG [http-nio-8086-exec-10] c.c.c.service.ChatSessionService - Session 105f38b13d9e495785061e29600283e6 found in cache
2026-06-13 02:18:41.132 DEBUG [http-nio-8086-exec-10] c.c.c.service.ChatSessionService - Extended session 105f38b13d9e495785061e29600283e6
2026-06-13 02:18:58.075 DEBUG [DiscoveryClient-HeartbeatExecutor-0] c.netflix.discovery.DiscoveryClient - DiscoveryClient_CHATBOT-MICROSERVICE/chatbot-microservice:f7ea7abaac0af316d677d10b7c409315 - Heartbeat status: 200
2026-06-13 02:19:03.082 DEBUG [http-nio-8086-exec-8] c.c.c.service.ChatSessionService - Session 0fe739eca83141d9ac26d844ba8d226a found in cache
2026-06-13 02:19:03.089 DEBUG [http-nio-8086-exec-8] c.c.c.service.ChatSessionService - Extended session 0fe739eca83141d9ac26d844ba8d226a
2026-06-13 02:19:05.022 DEBUG [DiscoveryClient-CacheRefreshExecutor-0] c.netflix.discovery.DiscoveryClient - Got delta update with apps hashcode UP_6_
2026-06-13 02:19:05.023 DEBUG [DiscoveryClient-CacheRefreshExecutor-0] c.netflix.discovery.DiscoveryClient - The total number of instances fetched by the delta processor : 0
2026-06-13 02:19:05.024 DEBUG [DiscoveryClient-CacheRefreshExecutor-0] c.netflix.discovery.DiscoveryClient - The total number of all instances in the client now is 6
2026-06-13 02:19:05.024 DEBUG [DiscoveryClient-CacheRefreshExecutor-0] c.netflix.discovery.DiscoveryClient - Completed cache refresh task for discovery. All Apps hash code is Local region apps hashcode: UP_6_, is fetching remote regions? false 
2026-06-13 02:19:10.061 DEBUG [http-nio-8086-exec-6] c.c.c.service.ChatSessionService - Session 0fe739eca83141d9ac26d844ba8d226a found in cache
2026-06-13 02:19:10.064 DEBUG [http-nio-8086-exec-6] c.c.c.service.ChatSessionService - Extended session 0fe739eca83141d9ac26d844ba8d226a
2026-06-13 02:19:23.136 DEBUG [http-nio-8086-exec-3] c.c.c.service.ChatSessionService - Session 0fe739eca83141d9ac26d844ba8d226a found in cache
2026-06-13 02:19:23.137 DEBUG [http-nio-8086-exec-3] c.c.c.service.ChatSessionService - Extended session 0fe739eca83141d9ac26d844ba8d226a
2026-06-13 02:19:28.098 DEBUG [DiscoveryClient-HeartbeatExecutor-0] c.netflix.discovery.DiscoveryClient - DiscoveryClient_CHATBOT-MICROSERVICE/chatbot-microservice:f7ea7abaac0af316d677d10b7c409315 - Heartbeat status: 200
2026-06-13 02:19:35.050 DEBUG [DiscoveryClient-CacheRefreshExecutor-0] c.netflix.discovery.DiscoveryClient - Got delta update with apps hashcode UP_6_
2026-06-13 02:19:35.050 DEBUG [DiscoveryClient-CacheRefreshExecutor-0] c.netflix.discovery.DiscoveryClient - The total number of instances fetched by the delta processor : 0
2026-06-13 02:19:35.050 DEBUG [DiscoveryClient-CacheRefreshExecutor-0] c.netflix.discovery.DiscoveryClient - The total number of all instances in the client now is 6
2026-06-13 02:19:35.050 DEBUG [DiscoveryClient-CacheRefreshExecutor-0] c.netflix.discovery.DiscoveryClient - Completed cache refresh task for discovery. All Apps hash code is Local region apps hashcode: UP_6_, is fetching remote regions? false 
2026-06-13 02:19:36.144 DEBUG [http-nio-8086-exec-4] c.c.c.service.ChatSessionService - Session 0fe739eca83141d9ac26d844ba8d226a found in cache
2026-06-13 02:19:36.146 DEBUG [http-nio-8086-exec-4] c.c.c.service.ChatSessionService - Extended session 0fe739eca83141d9ac26d844ba8d226a
2026-06-13 02:19:49.034 DEBUG [http-nio-8086-exec-10] c.c.c.service.ChatSessionService - Session 105f38b13d9e495785061e29600283e6 found in cache
2026-06-13 02:19:49.036 DEBUG [http-nio-8086-exec-10] c.c.c.service.ChatSessionService - Extended session 105f38b13d9e495785061e29600283e6
2026-06-13 02:19:55.793 DEBUG [http-nio-8086-exec-8] c.c.c.service.ChatSessionService - Session 105f38b13d9e495785061e29600283e6 found in cache
2026-06-13 02:19:55.799 DEBUG [http-nio-8086-exec-8] c.c.c.service.ChatSessionService - Extended session 105f38b13d9e495785061e29600283e6
2026-06-13 02:19:58.117 DEBUG [DiscoveryClient-HeartbeatExecutor-0] c.netflix.discovery.DiscoveryClient - DiscoveryClient_CHATBOT-MICROSERVICE/chatbot-microservice:f7ea7abaac0af316d677d10b7c409315 - Heartbeat status: 200
2026-06-13 02:20:05.082 DEBUG [DiscoveryClient-CacheRefreshExecutor-0] c.netflix.discovery.DiscoveryClient - Got delta update with apps hashcode UP_6_
2026-06-13 02:20:05.082 DEBUG [DiscoveryClient-CacheRefreshExecutor-0] c.netflix.discovery.DiscoveryClient - The total number of instances fetched by the delta processor : 0
2026-06-13 02:20:05.083 DEBUG [DiscoveryClient-CacheRefreshExecutor-0] c.netflix.discovery.DiscoveryClient - The total number of all instances in the client now is 6
2026-06-13 02:20:05.083 DEBUG [DiscoveryClient-CacheRefreshExecutor-0] c.netflix.discovery.DiscoveryClient - Completed cache refresh task for discovery. All Apps hash code is Local region apps hashcode: UP_6_, is fetching remote regions? false 
2026-06-13 02:20:23.199 DEBUG [http-nio-8086-exec-6] c.c.c.service.ChatSessionService - Session 0fe739eca83141d9ac26d844ba8d226a found in cache
2026-06-13 02:20:23.201 DEBUG [http-nio-8086-exec-6] c.c.c.service.ChatSessionService - Extended session 0fe739eca83141d9ac26d844ba8d226a
2026-06-13 02:20:28.153 DEBUG [DiscoveryClient-HeartbeatExecutor-0] c.netflix.discovery.DiscoveryClient - DiscoveryClient_CHATBOT-MICROSERVICE/chatbot-microservice:f7ea7abaac0af316d677d10b7c409315 - Heartbeat status: 200
2026-06-13 02:20:35.097 DEBUG [DiscoveryClient-CacheRefreshExecutor-0] c.netflix.discovery.DiscoveryClient - Got delta update with apps hashcode UP_6_
2026-06-13 02:20:35.097 DEBUG [DiscoveryClient-CacheRefreshExecutor-0] c.netflix.discovery.DiscoveryClient - The total number of instances fetched by the delta processor : 0
2026-06-13 02:20:35.099 DEBUG [DiscoveryClient-CacheRefreshExecutor-0] c.netflix.discovery.DiscoveryClient - The total number of all instances in the client now is 6
2026-06-13 02:20:35.099 DEBUG [DiscoveryClient-CacheRefreshExecutor-0] c.netflix.discovery.DiscoveryClient - Completed cache refresh task for discovery. All Apps hash code is Local region apps hashcode: UP_6_, is fetching remote regions? false 
2026-06-13 02:20:35.754 DEBUG [http-nio-8086-exec-3] c.c.c.service.ChatSessionService - Session 105f38b13d9e495785061e29600283e6 found in cache
2026-06-13 02:20:35.756 DEBUG [http-nio-8086-exec-3] c.c.c.service.ChatSessionService - Extended session 105f38b13d9e495785061e29600283e6
2026-06-13 02:20:46.867 DEBUG [http-nio-8086-exec-4] c.c.c.service.ChatSessionService - Session 105f38b13d9e495785061e29600283e6 found in cache
2026-06-13 02:20:46.868 DEBUG [http-nio-8086-exec-4] c.c.c.service.ChatSessionService - Extended session 105f38b13d9e495785061e29600283e6
2026-06-13 02:20:58.177 DEBUG [DiscoveryClient-HeartbeatExecutor-0] c.netflix.discovery.DiscoveryClient - DiscoveryClient_CHATBOT-MICROSERVICE/chatbot-microservice:f7ea7abaac0af316d677d10b7c409315 - Heartbeat status: 200
2026-06-13 02:21:05.116 DEBUG [DiscoveryClient-CacheRefreshExecutor-0] c.netflix.discovery.DiscoveryClient - Got delta update with apps hashcode UP_6_
2026-06-13 02:21:05.116 DEBUG [DiscoveryClient-CacheRefreshExecutor-0] c.netflix.discovery.DiscoveryClient - The total number of instances fetched by the delta processor : 0
2026-06-13 02:21:05.116 DEBUG [DiscoveryClient-CacheRefreshExecutor-0] c.netflix.discovery.DiscoveryClient - The total number of all instances in the client now is 6
2026-06-13 02:21:05.116 DEBUG [DiscoveryClient-CacheRefreshExecutor-0] c.netflix.discovery.DiscoveryClient - Completed cache refresh task for discovery. All Apps hash code is Local region apps hashcode: UP_6_, is fetching remote regions? false 
2026-06-13 02:21:19.281 INFO  [AsyncResolver-bootstrap-executor-0] c.n.d.s.r.aws.ConfigClusterResolver - Resolving eureka endpoints via configuration
2026-06-13 02:21:19.297 DEBUG [AsyncResolver-bootstrap-executor-0] c.n.discovery.endpoint.EndpointUtils - The availability zone for the given region us-east-1 are [defaultZone]
2026-06-13 02:21:19.297 DEBUG [AsyncResolver-bootstrap-executor-0] c.n.d.s.r.aws.ConfigClusterResolver - Config resolved to [AwsEndpoint{ serviceUrl='http://localhost:8761/eureka/', region='us-east-1', zone='defaultZone'}]
2026-06-13 02:21:19.297 DEBUG [AsyncResolver-bootstrap-executor-0] c.n.d.s.r.a.ZoneAffinityClusterResolver - Local zone=defaultZone; resolved to: [AwsEndpoint{ serviceUrl='http://localhost:8761/eureka/', region='us-east-1', zone='defaultZone'}]
2026-06-13 02:21:19.297 DEBUG [AsyncResolver-bootstrap-executor-0] c.n.d.shared.resolver.AsyncResolver - Resolved to [AwsEndpoint{ serviceUrl='http://localhost:8761/eureka/', region='us-east-1', zone='defaultZone'}]
2026-06-13 02:21:23.109 DEBUG [http-nio-8086-exec-10] c.c.c.service.ChatSessionService - Session 0fe739eca83141d9ac26d844ba8d226a found in cache
2026-06-13 02:21:23.109 DEBUG [http-nio-8086-exec-10] c.c.c.service.ChatSessionService - Extended session 0fe739eca83141d9ac26d844ba8d226a
2026-06-13 02:21:28.200 DEBUG [DiscoveryClient-HeartbeatExecutor-0] c.netflix.discovery.DiscoveryClient - DiscoveryClient_CHATBOT-MICROSERVICE/chatbot-microservice:f7ea7abaac0af316d677d10b7c409315 - Heartbeat status: 200
2026-06-13 02:21:35.136 DEBUG [DiscoveryClient-CacheRefreshExecutor-0] c.netflix.discovery.DiscoveryClient - Got delta update with apps hashcode UP_6_
2026-06-13 02:21:35.137 DEBUG [DiscoveryClient-CacheRefreshExecutor-0] c.netflix.discovery.DiscoveryClient - The total number of instances fetched by the delta processor : 0
2026-06-13 02:21:35.137 DEBUG [DiscoveryClient-CacheRefreshExecutor-0] c.netflix.discovery.DiscoveryClient - The total number of all instances in the client now is 6
2026-06-13 02:21:35.138 DEBUG [DiscoveryClient-CacheRefreshExecutor-0] c.netflix.discovery.DiscoveryClient - Completed cache refresh task for discovery. All Apps hash code is Local region apps hashcode: UP_6_, is fetching remote regions? false 
2026-06-13 02:21:58.223 DEBUG [DiscoveryClient-HeartbeatExecutor-0] c.netflix.discovery.DiscoveryClient - DiscoveryClient_CHATBOT-MICROSERVICE/chatbot-microservice:f7ea7abaac0af316d677d10b7c409315 - Heartbeat status: 200
2026-06-13 02:22:05.170 DEBUG [DiscoveryClient-CacheRefreshExecutor-0] c.netflix.discovery.DiscoveryClient - Got delta update with apps hashcode UP_6_
2026-06-13 02:22:05.170 DEBUG [DiscoveryClient-CacheRefreshExecutor-0] c.netflix.discovery.DiscoveryClient - The total number of instances fetched by the delta processor : 0
2026-06-13 02:22:05.170 DEBUG [DiscoveryClient-CacheRefreshExecutor-0] c.netflix.discovery.DiscoveryClient - The total number of all instances in the client now is 6
2026-06-13 02:22:05.170 DEBUG [DiscoveryClient-CacheRefreshExecutor-0] c.netflix.discovery.DiscoveryClient - Completed cache refresh task for discovery. All Apps hash code is Local region apps hashcode: UP_6_, is fetching remote regions? false 
2026-06-13 02:22:16.960 INFO  [MessageBroker-5] o.s.w.s.c.WebSocketMessageBrokerStats - WebSocketSession[0 current WS(0)-HttpStream(0)-HttpPoll(0), 0 total, 0 closed abnormally (0 connect failure, 0 send limit, 0 transport error)], stompSubProtocol[processed CONNECT(0)-CONNECTED(0)-DISCONNECT(0)], stompBrokerRelay[null], inboundChannel[pool size = 0, active threads = 0, queued tasks = 0, completed tasks = 0], outboundChannel[pool size = 0, active threads = 0, queued tasks = 0, completed tasks = 0], sockJsScheduler[pool size = 12, active threads = 1, queued tasks = 1, completed tasks = 37]
2026-06-13 02:22:23.067 DEBUG [http-nio-8086-exec-8] c.c.c.service.ChatSessionService - Session 0fe739eca83141d9ac26d844ba8d226a found in cache
2026-06-13 02:22:23.067 DEBUG [http-nio-8086-exec-8] c.c.c.service.ChatSessionService - Extended session 0fe739eca83141d9ac26d844ba8d226a
2026-06-13 02:22:23.133 DEBUG [http-nio-8086-exec-2] c.c.c.service.ChatSessionService - Session 0fe739eca83141d9ac26d844ba8d226a found in cache
2026-06-13 02:22:23.133 DEBUG [http-nio-8086-exec-2] c.c.c.service.ChatSessionService - Extended session 0fe739eca83141d9ac26d844ba8d226a
2026-06-13 02:22:28.258 DEBUG [DiscoveryClient-HeartbeatExecutor-0] c.netflix.discovery.DiscoveryClient - DiscoveryClient_CHATBOT-MICROSERVICE/chatbot-microservice:f7ea7abaac0af316d677d10b7c409315 - Heartbeat status: 200
2026-06-13 02:22:35.182 DEBUG [DiscoveryClient-CacheRefreshExecutor-0] c.netflix.discovery.DiscoveryClient - Got delta update with apps hashcode UP_6_
2026-06-13 02:22:35.182 DEBUG [DiscoveryClient-CacheRefreshExecutor-0] c.netflix.discovery.DiscoveryClient - The total number of instances fetched by the delta processor : 0
2026-06-13 02:22:35.183 DEBUG [DiscoveryClient-CacheRefreshExecutor-0] c.netflix.discovery.DiscoveryClient - The total number of all instances in the client now is 6
2026-06-13 02:22:35.183 DEBUG [DiscoveryClient-CacheRefreshExecutor-0] c.netflix.discovery.DiscoveryClient - Completed cache refresh task for discovery. All Apps hash code is Local region apps hashcode: UP_6_, is fetching remote regions? false 
2026-06-13 02:22:43.298 DEBUG [http-nio-8086-exec-7] c.c.c.service.ChatSessionService - Session 0fe739eca83141d9ac26d844ba8d226a found in cache
2026-06-13 02:22:43.299 DEBUG [http-nio-8086-exec-7] c.c.c.service.ChatSessionService - Extended session 0fe739eca83141d9ac26d844ba8d226a
2026-06-13 02:22:55.057 DEBUG [http-nio-8086-exec-5] c.c.c.service.ChatSessionService - Session 0fe739eca83141d9ac26d844ba8d226a found in cache
2026-06-13 02:22:55.073 DEBUG [http-nio-8086-exec-5] c.c.c.service.ChatSessionService - Extended session 0fe739eca83141d9ac26d844ba8d226a
2026-06-13 02:22:58.294 DEBUG [DiscoveryClient-HeartbeatExecutor-0] c.netflix.discovery.DiscoveryClient - DiscoveryClient_CHATBOT-MICROSERVICE/chatbot-microservice:f7ea7abaac0af316d677d10b7c409315 - Heartbeat status: 200
2026-06-13 02:23:05.511 DEBUG [DiscoveryClient-CacheRefreshExecutor-0] c.netflix.discovery.DiscoveryClient - Got delta update with apps hashcode UP_6_
2026-06-13 02:23:05.511 DEBUG [DiscoveryClient-CacheRefreshExecutor-0] c.netflix.discovery.DiscoveryClient - The total number of instances fetched by the delta processor : 0
2026-06-13 02:23:05.511 DEBUG [DiscoveryClient-CacheRefreshExecutor-0] c.netflix.discovery.DiscoveryClient - The total number of all instances in the client now is 6
2026-06-13 02:23:05.511 DEBUG [DiscoveryClient-CacheRefreshExecutor-0] c.netflix.discovery.DiscoveryClient - Completed cache refresh task for discovery. All Apps hash code is Local region apps hashcode: UP_6_, is fetching remote regions? false 
2026-06-13 02:23:18.868 DEBUG [http-nio-8086-exec-9] c.c.c.service.ChatSessionService - Session 0fe739eca83141d9ac26d844ba8d226a found in cache
2026-06-13 02:23:19.013 DEBUG [http-nio-8086-exec-9] c.c.c.service.ChatSessionService - Updated context for session 0fe739eca83141d9ac26d844ba8d226a
2026-06-13 02:23:24.241 DEBUG [http-nio-8086-exec-1] c.c.c.service.ChatSessionService - Session 0fe739eca83141d9ac26d844ba8d226a found in cache
2026-06-13 02:23:24.243 DEBUG [http-nio-8086-exec-1] c.c.c.service.ChatSessionService - Extended session 0fe739eca83141d9ac26d844ba8d226a
2026-06-13 02:23:28.325 DEBUG [DiscoveryClient-HeartbeatExecutor-0] c.netflix.discovery.DiscoveryClient - DiscoveryClient_CHATBOT-MICROSERVICE/chatbot-microservice:f7ea7abaac0af316d677d10b7c409315 - Heartbeat status: 200
2026-06-13 02:23:35.162 DEBUG [http-nio-8086-exec-2] c.c.c.service.ChatSessionService - Session 0fe739eca83141d9ac26d844ba8d226a found in cache
2026-06-13 02:23:35.162 DEBUG [http-nio-8086-exec-2] c.c.c.service.ChatSessionService - Extended session 0fe739eca83141d9ac26d844ba8d226a
2026-06-13 02:23:35.551 DEBUG [DiscoveryClient-CacheRefreshExecutor-0] c.netflix.discovery.DiscoveryClient - Got delta update with apps hashcode UP_6_
2026-06-13 02:23:35.551 DEBUG [DiscoveryClient-CacheRefreshExecutor-0] c.netflix.discovery.DiscoveryClient - The total number of instances fetched by the delta processor : 0
2026-06-13 02:23:35.551 DEBUG [DiscoveryClient-CacheRefreshExecutor-0] c.netflix.discovery.DiscoveryClient - The total number of all instances in the client now is 6
2026-06-13 02:23:35.553 DEBUG [DiscoveryClient-CacheRefreshExecutor-0] c.netflix.discovery.DiscoveryClient - Completed cache refresh task for discovery. All Apps hash code is Local region apps hashcode: UP_6_, is fetching remote regions? false 
2026-06-13 02:23:45.048 DEBUG [http-nio-8086-exec-7] c.c.c.service.ChatSessionService - Session 0fe739eca83141d9ac26d844ba8d226a found in cache
2026-06-13 02:23:45.050 DEBUG [http-nio-8086-exec-7] c.c.c.service.ChatSessionService - Extended session 0fe739eca83141d9ac26d844ba8d226a
2026-06-13 02:23:58.343 DEBUG [DiscoveryClient-HeartbeatExecutor-0] c.netflix.discovery.DiscoveryClient - DiscoveryClient_CHATBOT-MICROSERVICE/chatbot-microservice:f7ea7abaac0af316d677d10b7c409315 - Heartbeat status: 200
2026-06-13 02:24:05.577 DEBUG [DiscoveryClient-CacheRefreshExecutor-0] c.netflix.discovery.DiscoveryClient - Got delta update with apps hashcode UP_6_
2026-06-13 02:24:05.577 DEBUG [DiscoveryClient-CacheRefreshExecutor-0] c.netflix.discovery.DiscoveryClient - The total number of instances fetched by the delta processor : 0
2026-06-13 02:24:05.577 DEBUG [DiscoveryClient-CacheRefreshExecutor-0] c.netflix.discovery.DiscoveryClient - The total number of all instances in the client now is 6
2026-06-13 02:24:05.577 DEBUG [DiscoveryClient-CacheRefreshExecutor-0] c.netflix.discovery.DiscoveryClient - Completed cache refresh task for discovery. All Apps hash code is Local region apps hashcode: UP_6_, is fetching remote regions? false 
2026-06-13 02:24:10.054 DEBUG [http-nio-8086-exec-5] c.c.c.service.ChatSessionService - Session 0fe739eca83141d9ac26d844ba8d226a found in cache
2026-06-13 02:24:10.055 DEBUG [http-nio-8086-exec-5] c.c.c.service.ChatSessionService - Extended session 0fe739eca83141d9ac26d844ba8d226a
2026-06-13 02:24:23.896 DEBUG [http-nio-8086-exec-9] c.c.c.service.ChatSessionService - Session 0fe739eca83141d9ac26d844ba8d226a found in cache
2026-06-13 02:24:23.900 DEBUG [http-nio-8086-exec-9] c.c.c.service.ChatSessionService - Extended session 0fe739eca83141d9ac26d844ba8d226a
2026-06-13 02:24:28.365 DEBUG [DiscoveryClient-HeartbeatExecutor-0] c.netflix.discovery.DiscoveryClient - DiscoveryClient_CHATBOT-MICROSERVICE/chatbot-microservice:f7ea7abaac0af316d677d10b7c409315 - Heartbeat status: 200
2026-06-13 02:24:36.589 DEBUG [DiscoveryClient-CacheRefreshExecutor-0] c.netflix.discovery.DiscoveryClient - Got delta update with apps hashcode UP_6_
2026-06-13 02:24:36.589 DEBUG [DiscoveryClient-CacheRefreshExecutor-0] c.netflix.discovery.DiscoveryClient - The total number of instances fetched by the delta processor : 0
2026-06-13 02:24:36.589 DEBUG [DiscoveryClient-CacheRefreshExecutor-0] c.netflix.discovery.DiscoveryClient - The total number of all instances in the client now is 6
2026-06-13 02:24:36.589 DEBUG [DiscoveryClient-CacheRefreshExecutor-0] c.netflix.discovery.DiscoveryClient - Completed cache refresh task for discovery. All Apps hash code is Local region apps hashcode: UP_6_, is fetching remote regions? false 
2026-06-13 02:24:58.388 DEBUG [DiscoveryClient-HeartbeatExecutor-0] c.netflix.discovery.DiscoveryClient - DiscoveryClient_CHATBOT-MICROSERVICE/chatbot-microservice:f7ea7abaac0af316d677d10b7c409315 - Heartbeat status: 200
2026-06-13 02:25:06.943 DEBUG [DiscoveryClient-CacheRefreshExecutor-0] c.netflix.discovery.DiscoveryClient - Got delta update with apps hashcode UP_6_
2026-06-13 02:25:06.943 DEBUG [DiscoveryClient-CacheRefreshExecutor-0] c.netflix.discovery.DiscoveryClient - The total number of instances fetched by the delta processor : 0
2026-06-13 02:25:06.943 DEBUG [DiscoveryClient-CacheRefreshExecutor-0] c.netflix.discovery.DiscoveryClient - The total number of all instances in the client now is 6
2026-06-13 02:25:06.943 DEBUG [DiscoveryClient-CacheRefreshExecutor-0] c.netflix.discovery.DiscoveryClient - Completed cache refresh task for discovery. All Apps hash code is Local region apps hashcode: UP_6_, is fetching remote regions? false 
2026-06-13 02:25:24.882 DEBUG [http-nio-8086-exec-1] c.c.c.service.ChatSessionService - Session 0fe739eca83141d9ac26d844ba8d226a found in cache
2026-06-13 02:25:24.885 DEBUG [http-nio-8086-exec-1] c.c.c.service.ChatSessionService - Extended session 0fe739eca83141d9ac26d844ba8d226a
2026-06-13 02:25:28.416 DEBUG [DiscoveryClient-HeartbeatExecutor-0] c.netflix.discovery.DiscoveryClient - DiscoveryClient_CHATBOT-MICROSERVICE/chatbot-microservice:f7ea7abaac0af316d677d10b7c409315 - Heartbeat status: 200
2026-06-13 02:25:35.860 DEBUG [http-nio-8086-exec-2] c.c.c.service.ChatSessionService - Session 0fe739eca83141d9ac26d844ba8d226a found in cache
2026-06-13 02:25:35.860 DEBUG [http-nio-8086-exec-2] c.c.c.service.ChatSessionService - Extended session 0fe739eca83141d9ac26d844ba8d226a
2026-06-13 02:25:36.975 DEBUG [DiscoveryClient-CacheRefreshExecutor-0] c.netflix.discovery.DiscoveryClient - Got delta update with apps hashcode UP_6_
2026-06-13 02:25:36.976 DEBUG [DiscoveryClient-CacheRefreshExecutor-0] c.netflix.discovery.DiscoveryClient - The total number of instances fetched by the delta processor : 0
2026-06-13 02:25:36.976 DEBUG [DiscoveryClient-CacheRefreshExecutor-0] c.netflix.discovery.DiscoveryClient - The total number of all instances in the client now is 6
2026-06-13 02:25:36.976 DEBUG [DiscoveryClient-CacheRefreshExecutor-0] c.netflix.discovery.DiscoveryClient - Completed cache refresh task for discovery. All Apps hash code is Local region apps hashcode: UP_6_, is fetching remote regions? false 
2026-06-13 02:25:58.453 DEBUG [DiscoveryClient-HeartbeatExecutor-0] c.netflix.discovery.DiscoveryClient - DiscoveryClient_CHATBOT-MICROSERVICE/chatbot-microservice:f7ea7abaac0af316d677d10b7c409315 - Heartbeat status: 200
2026-06-13 02:26:06.987 DEBUG [DiscoveryClient-CacheRefreshExecutor-0] c.netflix.discovery.DiscoveryClient - Got delta update with apps hashcode UP_6_
2026-06-13 02:26:06.987 DEBUG [DiscoveryClient-CacheRefreshExecutor-0] c.netflix.discovery.DiscoveryClient - The total number of instances fetched by the delta processor : 0
2026-06-13 02:26:06.987 DEBUG [DiscoveryClient-CacheRefreshExecutor-0] c.netflix.discovery.DiscoveryClient - The total number of all instances in the client now is 6
2026-06-13 02:26:06.987 DEBUG [DiscoveryClient-CacheRefreshExecutor-0] c.netflix.discovery.DiscoveryClient - Completed cache refresh task for discovery. All Apps hash code is Local region apps hashcode: UP_6_, is fetching remote regions? false 
2026-06-13 02:26:19.718 INFO  [AsyncResolver-bootstrap-executor-0] c.n.d.s.r.aws.ConfigClusterResolver - Resolving eureka endpoints via configuration
2026-06-13 02:26:19.963 DEBUG [AsyncResolver-bootstrap-executor-0] c.n.discovery.endpoint.EndpointUtils - The availability zone for the given region us-east-1 are [defaultZone]
2026-06-13 02:26:22.965 DEBUG [AsyncResolver-bootstrap-executor-0] c.n.d.s.r.aws.ConfigClusterResolver - Config resolved to [AwsEndpoint{ serviceUrl='http://localhost:8761/eureka/', region='us-east-1', zone='defaultZone'}]
2026-06-13 02:26:22.982 DEBUG [AsyncResolver-bootstrap-executor-0] c.n.d.s.r.a.ZoneAffinityClusterResolver - Local zone=defaultZone; resolved to: [AwsEndpoint{ serviceUrl='http://localhost:8761/eureka/', region='us-east-1', zone='defaultZone'}]
2026-06-13 02:26:22.987 DEBUG [AsyncResolver-bootstrap-executor-0] c.n.d.shared.resolver.AsyncResolver - Resolved to [AwsEndpoint{ serviceUrl='http://localhost:8761/eureka/', region='us-east-1', zone='defaultZone'}]
2026-06-13 02:26:28.478 DEBUG [DiscoveryClient-HeartbeatExecutor-0] c.netflix.discovery.DiscoveryClient - DiscoveryClient_CHATBOT-MICROSERVICE/chatbot-microservice:f7ea7abaac0af316d677d10b7c409315 - Heartbeat status: 200
2026-06-13 02:26:28.553 DEBUG [http-nio-8086-exec-7] c.c.c.service.ChatSessionService - Session 0fe739eca83141d9ac26d844ba8d226a found in cache
2026-06-13 02:26:28.627 DEBUG [http-nio-8086-exec-7] c.c.c.service.ChatSessionService - Extended session 0fe739eca83141d9ac26d844ba8d226a
2026-06-13 02:26:37.124 DEBUG [DiscoveryClient-CacheRefreshExecutor-0] c.netflix.discovery.DiscoveryClient - Got delta update with apps hashcode UP_6_
2026-06-13 02:26:37.124 DEBUG [DiscoveryClient-CacheRefreshExecutor-0] c.netflix.discovery.DiscoveryClient - The total number of instances fetched by the delta processor : 0
2026-06-13 02:26:37.138 DEBUG [DiscoveryClient-CacheRefreshExecutor-0] c.netflix.discovery.DiscoveryClient - The total number of all instances in the client now is 6
2026-06-13 02:26:37.139 DEBUG [DiscoveryClient-CacheRefreshExecutor-0] c.netflix.discovery.DiscoveryClient - Completed cache refresh task for discovery. All Apps hash code is Local region apps hashcode: UP_6_, is fetching remote regions? false 
2026-06-13 02:26:56.370 DEBUG [http-nio-8086-exec-5] c.c.c.service.ChatSessionService - Session 105f38b13d9e495785061e29600283e6 found in cache
2026-06-13 02:26:56.379 DEBUG [http-nio-8086-exec-5] c.c.c.service.ChatSessionService - Extended session 105f38b13d9e495785061e29600283e6
2026-06-13 02:26:58.514 DEBUG [DiscoveryClient-HeartbeatExecutor-0] c.netflix.discovery.DiscoveryClient - DiscoveryClient_CHATBOT-MICROSERVICE/chatbot-microservice:f7ea7abaac0af316d677d10b7c409315 - Heartbeat status: 200
2026-06-13 02:27:01.082 DEBUG [http-nio-8086-exec-4] c.c.c.service.ChatSessionService - Session 105f38b13d9e495785061e29600283e6 found in cache
2026-06-13 02:27:01.085 DEBUG [http-nio-8086-exec-4] c.c.c.service.ChatSessionService - Extended session 105f38b13d9e495785061e29600283e6
2026-06-13 02:27:07.169 DEBUG [DiscoveryClient-CacheRefreshExecutor-0] c.netflix.discovery.DiscoveryClient - Got delta update with apps hashcode UP_6_
2026-06-13 02:27:07.169 DEBUG [DiscoveryClient-CacheRefreshExecutor-0] c.netflix.discovery.DiscoveryClient - The total number of instances fetched by the delta processor : 0
2026-06-13 02:27:07.169 DEBUG [DiscoveryClient-CacheRefreshExecutor-0] c.netflix.discovery.DiscoveryClient - The total number of all instances in the client now is 6
2026-06-13 02:27:07.171 DEBUG [DiscoveryClient-CacheRefreshExecutor-0] c.netflix.discovery.DiscoveryClient - Completed cache refresh task for discovery. All Apps hash code is Local region apps hashcode: UP_6_, is fetching remote regions? false 
2026-06-13 02:27:28.550 DEBUG [DiscoveryClient-HeartbeatExecutor-0] c.netflix.discovery.DiscoveryClient - DiscoveryClient_CHATBOT-MICROSERVICE/chatbot-microservice:f7ea7abaac0af316d677d10b7c409315 - Heartbeat status: 200
2026-06-13 02:27:30.366 DEBUG [http-nio-8086-exec-10] c.c.c.service.ChatSessionService - Session 0fe739eca83141d9ac26d844ba8d226a found in cache
2026-06-13 02:27:30.368 DEBUG [http-nio-8086-exec-10] c.c.c.service.ChatSessionService - Extended session 0fe739eca83141d9ac26d844ba8d226a
2026-06-13 02:27:38.372 DEBUG [DiscoveryClient-CacheRefreshExecutor-0] c.netflix.discovery.DiscoveryClient - Got delta update with apps hashcode UP_6_
2026-06-13 02:27:38.372 DEBUG [DiscoveryClient-CacheRefreshExecutor-0] c.netflix.discovery.DiscoveryClient - The total number of instances fetched by the delta processor : 0
2026-06-13 02:27:38.373 DEBUG [DiscoveryClient-CacheRefreshExecutor-0] c.netflix.discovery.DiscoveryClient - The total number of all instances in the client now is 6
2026-06-13 02:27:38.374 DEBUG [DiscoveryClient-CacheRefreshExecutor-0] c.netflix.discovery.DiscoveryClient - Completed cache refresh task for discovery. All Apps hash code is Local region apps hashcode: UP_6_, is fetching remote regions? false 
2026-06-13 02:27:58.586 DEBUG [DiscoveryClient-HeartbeatExecutor-0] c.netflix.discovery.DiscoveryClient - DiscoveryClient_CHATBOT-MICROSERVICE/chatbot-microservice:f7ea7abaac0af316d677d10b7c409315 - Heartbeat status: 200
2026-06-13 02:28:08.563 DEBUG [DiscoveryClient-CacheRefreshExecutor-0] c.netflix.discovery.DiscoveryClient - Got delta update with apps hashcode UP_6_
2026-06-13 02:28:08.563 DEBUG [DiscoveryClient-CacheRefreshExecutor-0] c.netflix.discovery.DiscoveryClient - The total number of instances fetched by the delta processor : 0
2026-06-13 02:28:08.564 DEBUG [DiscoveryClient-CacheRefreshExecutor-0] c.netflix.discovery.DiscoveryClient - The total number of all instances in the client now is 6
2026-06-13 02:28:08.564 DEBUG [DiscoveryClient-CacheRefreshExecutor-0] c.netflix.discovery.DiscoveryClient - Completed cache refresh task for discovery. All Apps hash code is Local region apps hashcode: UP_6_, is fetching remote regions? false 
2026-06-13 02:28:24.382 DEBUG [http-nio-8086-exec-8] c.c.c.service.ChatSessionService - Session 0fe739eca83141d9ac26d844ba8d226a found in cache
2026-06-13 02:28:24.388 DEBUG [http-nio-8086-exec-8] c.c.c.service.ChatSessionService - Extended session 0fe739eca83141d9ac26d844ba8d226a
2026-06-13 02:28:28.612 DEBUG [DiscoveryClient-HeartbeatExecutor-0] c.netflix.discovery.DiscoveryClient - DiscoveryClient_CHATBOT-MICROSERVICE/chatbot-microservice:f7ea7abaac0af316d677d10b7c409315 - Heartbeat status: 200
2026-06-13 02:28:42.255 DEBUG [DiscoveryClient-CacheRefreshExecutor-0] c.netflix.discovery.DiscoveryClient - Got delta update with apps hashcode UP_6_
2026-06-13 02:28:42.255 DEBUG [DiscoveryClient-CacheRefreshExecutor-0] c.netflix.discovery.DiscoveryClient - The total number of instances fetched by the delta processor : 0
2026-06-13 02:28:42.255 DEBUG [DiscoveryClient-CacheRefreshExecutor-0] c.netflix.discovery.DiscoveryClient - The total number of all instances in the client now is 6
2026-06-13 02:28:42.257 DEBUG [DiscoveryClient-CacheRefreshExecutor-0] c.netflix.discovery.DiscoveryClient - Completed cache refresh task for discovery. All Apps hash code is Local region apps hashcode: UP_6_, is fetching remote regions? false 
2026-06-13 02:28:58.634 DEBUG [DiscoveryClient-HeartbeatExecutor-0] c.netflix.discovery.DiscoveryClient - DiscoveryClient_CHATBOT-MICROSERVICE/chatbot-microservice:f7ea7abaac0af316d677d10b7c409315 - Heartbeat status: 200
2026-06-13 02:29:12.294 DEBUG [DiscoveryClient-CacheRefreshExecutor-0] c.netflix.discovery.DiscoveryClient - Got delta update with apps hashcode UP_6_
2026-06-13 02:29:12.294 DEBUG [DiscoveryClient-CacheRefreshExecutor-0] c.netflix.discovery.DiscoveryClient - The total number of instances fetched by the delta processor : 0
2026-06-13 02:29:12.294 DEBUG [DiscoveryClient-CacheRefreshExecutor-0] c.netflix.discovery.DiscoveryClient - The total number of all instances in the client now is 6
2026-06-13 02:29:12.296 DEBUG [DiscoveryClient-CacheRefreshExecutor-0] c.netflix.discovery.DiscoveryClient - Completed cache refresh task for discovery. All Apps hash code is Local region apps hashcode: UP_6_, is fetching remote regions? false 
2026-06-13 02:29:26.903 DEBUG [http-nio-8086-exec-6] c.c.c.service.ChatSessionService - Session 0fe739eca83141d9ac26d844ba8d226a found in cache
2026-06-13 02:29:26.906 DEBUG [http-nio-8086-exec-6] c.c.c.service.ChatSessionService - Extended session 0fe739eca83141d9ac26d844ba8d226a
2026-06-13 02:29:28.654 DEBUG [DiscoveryClient-HeartbeatExecutor-0] c.netflix.discovery.DiscoveryClient - DiscoveryClient_CHATBOT-MICROSERVICE/chatbot-microservice:f7ea7abaac0af316d677d10b7c409315 - Heartbeat status: 200
2026-06-13 02:29:42.323 DEBUG [DiscoveryClient-CacheRefreshExecutor-0] c.netflix.discovery.DiscoveryClient - Got delta update with apps hashcode UP_6_
2026-06-13 02:29:42.324 DEBUG [DiscoveryClient-CacheRefreshExecutor-0] c.netflix.discovery.DiscoveryClient - The total number of instances fetched by the delta processor : 0
2026-06-13 02:29:42.324 DEBUG [DiscoveryClient-CacheRefreshExecutor-0] c.netflix.discovery.DiscoveryClient - The total number of all instances in the client now is 6
2026-06-13 02:29:42.324 DEBUG [DiscoveryClient-CacheRefreshExecutor-0] c.netflix.discovery.DiscoveryClient - Completed cache refresh task for discovery. All Apps hash code is Local region apps hashcode: UP_6_, is fetching remote regions? false 
2026-06-13 02:29:58.676 DEBUG [DiscoveryClient-HeartbeatExecutor-0] c.netflix.discovery.DiscoveryClient - DiscoveryClient_CHATBOT-MICROSERVICE/chatbot-microservice:f7ea7abaac0af316d677d10b7c409315 - Heartbeat status: 200
2026-06-13 02:30:12.351 DEBUG [DiscoveryClient-CacheRefreshExecutor-0] c.netflix.discovery.DiscoveryClient - Got delta update with apps hashcode UP_6_
2026-06-13 02:30:12.351 DEBUG [DiscoveryClient-CacheRefreshExecutor-0] c.netflix.discovery.DiscoveryClient - The total number of instances fetched by the delta processor : 0
2026-06-13 02:30:12.352 DEBUG [DiscoveryClient-CacheRefreshExecutor-0] c.netflix.discovery.DiscoveryClient - The total number of all instances in the client now is 6
2026-06-13 02:30:12.352 DEBUG [DiscoveryClient-CacheRefreshExecutor-0] c.netflix.discovery.DiscoveryClient - Completed cache refresh task for discovery. All Apps hash code is Local region apps hashcode: UP_6_, is fetching remote regions? false 
2026-06-13 02:30:25.067 DEBUG [http-nio-8086-exec-3] c.c.c.service.ChatSessionService - Session 0fe739eca83141d9ac26d844ba8d226a found in cache
2026-06-13 02:30:25.072 DEBUG [http-nio-8086-exec-3] c.c.c.service.ChatSessionService - Extended session 0fe739eca83141d9ac26d844ba8d226a
2026-06-13 02:30:28.695 DEBUG [DiscoveryClient-HeartbeatExecutor-0] c.netflix.discovery.DiscoveryClient - DiscoveryClient_CHATBOT-MICROSERVICE/chatbot-microservice:f7ea7abaac0af316d677d10b7c409315 - Heartbeat status: 200
2026-06-13 02:30:42.361 DEBUG [DiscoveryClient-CacheRefreshExecutor-0] c.netflix.discovery.DiscoveryClient - Got delta update with apps hashcode UP_6_
2026-06-13 02:30:42.361 DEBUG [DiscoveryClient-CacheRefreshExecutor-0] c.netflix.discovery.DiscoveryClient - The total number of instances fetched by the delta processor : 0
2026-06-13 02:30:42.362 DEBUG [DiscoveryClient-CacheRefreshExecutor-0] c.netflix.discovery.DiscoveryClient - The total number of all instances in the client now is 6
2026-06-13 02:30:42.363 DEBUG [DiscoveryClient-CacheRefreshExecutor-0] c.netflix.discovery.DiscoveryClient - Completed cache refresh task for discovery. All Apps hash code is Local region apps hashcode: UP_6_, is fetching remote regions? false 
2026-06-13 02:30:58.707 DEBUG [DiscoveryClient-HeartbeatExecutor-0] c.netflix.discovery.DiscoveryClient - DiscoveryClient_CHATBOT-MICROSERVICE/chatbot-microservice:f7ea7abaac0af316d677d10b7c409315 - Heartbeat status: 200
2026-06-13 02:31:12.387 DEBUG [DiscoveryClient-CacheRefreshExecutor-0] c.netflix.discovery.DiscoveryClient - Got delta update with apps hashcode UP_6_
2026-06-13 02:31:12.388 DEBUG [DiscoveryClient-CacheRefreshExecutor-0] c.netflix.discovery.DiscoveryClient - The total number of instances fetched by the delta processor : 0
2026-06-13 02:31:12.388 DEBUG [DiscoveryClient-CacheRefreshExecutor-0] c.netflix.discovery.DiscoveryClient - The total number of all instances in the client now is 6
2026-06-13 02:31:12.388 DEBUG [DiscoveryClient-CacheRefreshExecutor-0] c.netflix.discovery.DiscoveryClient - Completed cache refresh task for discovery. All Apps hash code is Local region apps hashcode: UP_6_, is fetching remote regions? false 
2026-06-13 02:31:23.825 INFO  [AsyncResolver-bootstrap-executor-0] c.n.d.s.r.aws.ConfigClusterResolver - Resolving eureka endpoints via configuration
2026-06-13 02:31:23.869 DEBUG [AsyncResolver-bootstrap-executor-0] c.n.discovery.endpoint.EndpointUtils - The availability zone for the given region us-east-1 are [defaultZone]
2026-06-13 02:31:23.966 DEBUG [AsyncResolver-bootstrap-executor-0] c.n.d.s.r.aws.ConfigClusterResolver - Config resolved to [AwsEndpoint{ serviceUrl='http://localhost:8761/eureka/', region='us-east-1', zone='defaultZone'}]
2026-06-13 02:31:23.982 DEBUG [AsyncResolver-bootstrap-executor-0] c.n.d.s.r.a.ZoneAffinityClusterResolver - Local zone=defaultZone; resolved to: [AwsEndpoint{ serviceUrl='http://localhost:8761/eureka/', region='us-east-1', zone='defaultZone'}]
2026-06-13 02:31:23.984 DEBUG [AsyncResolver-bootstrap-executor-0] c.n.d.shared.resolver.AsyncResolver - Resolved to [AwsEndpoint{ serviceUrl='http://localhost:8761/eureka/', region='us-east-1', zone='defaultZone'}]
2026-06-13 02:31:25.050 DEBUG [http-nio-8086-exec-4] c.c.c.service.ChatSessionService - Session 0fe739eca83141d9ac26d844ba8d226a found in cache
2026-06-13 02:31:25.051 DEBUG [http-nio-8086-exec-4] c.c.c.service.ChatSessionService - Extended session 0fe739eca83141d9ac26d844ba8d226a
2026-06-13 02:31:28.737 DEBUG [DiscoveryClient-HeartbeatExecutor-0] c.netflix.discovery.DiscoveryClient - DiscoveryClient_CHATBOT-MICROSERVICE/chatbot-microservice:f7ea7abaac0af316d677d10b7c409315 - Heartbeat status: 200
2026-06-13 02:31:42.404 DEBUG [DiscoveryClient-CacheRefreshExecutor-0] c.netflix.discovery.DiscoveryClient - Got delta update with apps hashcode UP_6_
2026-06-13 02:31:42.405 DEBUG [DiscoveryClient-CacheRefreshExecutor-0] c.netflix.discovery.DiscoveryClient - The total number of instances fetched by the delta processor : 0
2026-06-13 02:31:42.406 DEBUG [DiscoveryClient-CacheRefreshExecutor-0] c.netflix.discovery.DiscoveryClient - The total number of all instances in the client now is 6
2026-06-13 02:31:42.406 DEBUG [DiscoveryClient-CacheRefreshExecutor-0] c.netflix.discovery.DiscoveryClient - Completed cache refresh task for discovery. All Apps hash code is Local region apps hashcode: UP_6_, is fetching remote regions? false 
2026-06-13 02:31:58.772 DEBUG [DiscoveryClient-HeartbeatExecutor-0] c.netflix.discovery.DiscoveryClient - DiscoveryClient_CHATBOT-MICROSERVICE/chatbot-microservice:f7ea7abaac0af316d677d10b7c409315 - Heartbeat status: 200
2026-06-13 02:32:12.423 DEBUG [DiscoveryClient-CacheRefreshExecutor-0] c.netflix.discovery.DiscoveryClient - Got delta update with apps hashcode UP_6_
2026-06-13 02:32:12.424 DEBUG [DiscoveryClient-CacheRefreshExecutor-0] c.netflix.discovery.DiscoveryClient - The total number of instances fetched by the delta processor : 0
2026-06-13 02:32:12.424 DEBUG [DiscoveryClient-CacheRefreshExecutor-0] c.netflix.discovery.DiscoveryClient - The total number of all instances in the client now is 6
2026-06-13 02:32:12.425 DEBUG [DiscoveryClient-CacheRefreshExecutor-0] c.netflix.discovery.DiscoveryClient - Completed cache refresh task for discovery. All Apps hash code is Local region apps hashcode: UP_6_, is fetching remote regions? false 
2026-06-13 02:32:27.357 DEBUG [http-nio-8086-exec-10] c.c.c.service.ChatSessionService - Session 0fe739eca83141d9ac26d844ba8d226a found in cache
2026-06-13 02:32:27.358 DEBUG [http-nio-8086-exec-10] c.c.c.service.ChatSessionService - Extended session 0fe739eca83141d9ac26d844ba8d226a
2026-06-13 02:32:27.430 DEBUG [http-nio-8086-exec-1] c.c.c.service.ChatSessionService - Session 0fe739eca83141d9ac26d844ba8d226a found in cache
2026-06-13 02:32:27.433 DEBUG [http-nio-8086-exec-1] c.c.c.service.ChatSessionService - Extended session 0fe739eca83141d9ac26d844ba8d226a
2026-06-13 02:32:28.795 DEBUG [DiscoveryClient-HeartbeatExecutor-0] c.netflix.discovery.DiscoveryClient - DiscoveryClient_CHATBOT-MICROSERVICE/chatbot-microservice:f7ea7abaac0af316d677d10b7c409315 - Heartbeat status: 200
2026-06-13 02:32:40.541 DEBUG [http-nio-8086-exec-2] c.c.c.service.ChatSessionService - Session 105f38b13d9e495785061e29600283e6 found in cache
2026-06-13 02:32:40.543 DEBUG [http-nio-8086-exec-2] c.c.c.service.ChatSessionService - Extended session 105f38b13d9e495785061e29600283e6
2026-06-13 02:32:42.436 DEBUG [DiscoveryClient-CacheRefreshExecutor-0] c.netflix.discovery.DiscoveryClient - Got delta update with apps hashcode UP_6_
2026-06-13 02:32:42.436 DEBUG [DiscoveryClient-CacheRefreshExecutor-0] c.netflix.discovery.DiscoveryClient - The total number of instances fetched by the delta processor : 0
2026-06-13 02:32:42.461 DEBUG [DiscoveryClient-CacheRefreshExecutor-0] c.netflix.discovery.DiscoveryClient - The total number of all instances in the client now is 6
2026-06-13 02:32:42.461 DEBUG [DiscoveryClient-CacheRefreshExecutor-0] c.netflix.discovery.DiscoveryClient - Completed cache refresh task for discovery. All Apps hash code is Local region apps hashcode: UP_6_, is fetching remote regions? false 
2026-06-13 02:32:58.810 DEBUG [DiscoveryClient-HeartbeatExecutor-0] c.n.d.s.t.d.SessionedEurekaHttpClient - Ending a session and starting anew
2026-06-13 02:32:59.417 DEBUG [DiscoveryClient-HeartbeatExecutor-0] c.n.d.s.t.d.RedirectingEurekaHttpClient - Pinning to endpoint null
2026-06-13 02:32:59.417 DEBUG [DiscoveryClient-HeartbeatExecutor-0] c.netflix.discovery.DiscoveryClient - DiscoveryClient_CHATBOT-MICROSERVICE/chatbot-microservice:f7ea7abaac0af316d677d10b7c409315 - Heartbeat status: 200
2026-06-13 02:33:12.483 DEBUG [DiscoveryClient-CacheRefreshExecutor-0] c.netflix.discovery.DiscoveryClient - Got delta update with apps hashcode UP_6_
2026-06-13 02:33:12.483 DEBUG [DiscoveryClient-CacheRefreshExecutor-0] c.netflix.discovery.DiscoveryClient - The total number of instances fetched by the delta processor : 0
2026-06-13 02:33:12.483 DEBUG [DiscoveryClient-CacheRefreshExecutor-0] c.netflix.discovery.DiscoveryClient - The total number of all instances in the client now is 6
2026-06-13 02:33:12.483 DEBUG [DiscoveryClient-CacheRefreshExecutor-0] c.netflix.discovery.DiscoveryClient - Completed cache refresh task for discovery. All Apps hash code is Local region apps hashcode: UP_6_, is fetching remote regions? false 
2026-06-13 02:33:24.811 DEBUG [http-nio-8086-exec-7] c.c.c.service.ChatSessionService - Session 0fe739eca83141d9ac26d844ba8d226a found in cache
2026-06-13 02:33:24.811 DEBUG [http-nio-8086-exec-7] c.c.c.service.ChatSessionService - Extended session 0fe739eca83141d9ac26d844ba8d226a
2026-06-13 02:33:29.435 DEBUG [DiscoveryClient-HeartbeatExecutor-0] c.netflix.discovery.DiscoveryClient - DiscoveryClient_CHATBOT-MICROSERVICE/chatbot-microservice:f7ea7abaac0af316d677d10b7c409315 - Heartbeat status: 200
2026-06-13 02:33:42.503 DEBUG [DiscoveryClient-CacheRefreshExecutor-0] c.n.d.s.t.d.SessionedEurekaHttpClient - Ending a session and starting anew
2026-06-13 02:33:44.400 DEBUG [DiscoveryClient-CacheRefreshExecutor-0] c.n.d.s.t.d.RedirectingEurekaHttpClient - Pinning to endpoint null
2026-06-13 02:33:44.400 DEBUG [DiscoveryClient-CacheRefreshExecutor-0] c.netflix.discovery.DiscoveryClient - Got delta update with apps hashcode UP_6_
2026-06-13 02:33:44.401 DEBUG [DiscoveryClient-CacheRefreshExecutor-0] c.netflix.discovery.DiscoveryClient - The total number of instances fetched by the delta processor : 0
2026-06-13 02:33:44.401 DEBUG [DiscoveryClient-CacheRefreshExecutor-0] c.netflix.discovery.DiscoveryClient - The total number of all instances in the client now is 6
2026-06-13 02:33:44.402 DEBUG [DiscoveryClient-CacheRefreshExecutor-0] c.netflix.discovery.DiscoveryClient - Completed cache refresh task for discovery. All Apps hash code is Local region apps hashcode: UP_6_, is fetching remote regions? false 
2026-06-13 02:33:59.460 DEBUG [DiscoveryClient-HeartbeatExecutor-0] c.netflix.discovery.DiscoveryClient - DiscoveryClient_CHATBOT-MICROSERVICE/chatbot-microservice:f7ea7abaac0af316d677d10b7c409315 - Heartbeat status: 200
2026-06-13 02:34:14.420 DEBUG [DiscoveryClient-CacheRefreshExecutor-0] c.netflix.discovery.DiscoveryClient - Got delta update with apps hashcode UP_6_
2026-06-13 02:34:14.420 DEBUG [DiscoveryClient-CacheRefreshExecutor-0] c.netflix.discovery.DiscoveryClient - The total number of instances fetched by the delta processor : 0
2026-06-13 02:34:14.422 DEBUG [DiscoveryClient-CacheRefreshExecutor-0] c.netflix.discovery.DiscoveryClient - The total number of all instances in the client now is 6
2026-06-13 02:34:14.422 DEBUG [DiscoveryClient-CacheRefreshExecutor-0] c.netflix.discovery.DiscoveryClient - Completed cache refresh task for discovery. All Apps hash code is Local region apps hashcode: UP_6_, is fetching remote regions? false 
2026-06-13 02:34:29.242 DEBUG [http-nio-8086-exec-5] c.c.c.service.ChatSessionService - Session 0fe739eca83141d9ac26d844ba8d226a found in cache
2026-06-13 02:34:29.245 DEBUG [http-nio-8086-exec-5] c.c.c.service.ChatSessionService - Extended session 0fe739eca83141d9ac26d844ba8d226a
2026-06-13 02:34:29.481 DEBUG [DiscoveryClient-HeartbeatExecutor-0] c.netflix.discovery.DiscoveryClient - DiscoveryClient_CHATBOT-MICROSERVICE/chatbot-microservice:f7ea7abaac0af316d677d10b7c409315 - Heartbeat status: 200
2026-06-13 02:34:44.444 DEBUG [DiscoveryClient-CacheRefreshExecutor-0] c.netflix.discovery.DiscoveryClient - Got delta update with apps hashcode UP_6_
2026-06-13 02:34:44.445 DEBUG [DiscoveryClient-CacheRefreshExecutor-0] c.netflix.discovery.DiscoveryClient - The total number of instances fetched by the delta processor : 0
2026-06-13 02:34:44.445 DEBUG [DiscoveryClient-CacheRefreshExecutor-0] c.netflix.discovery.DiscoveryClient - The total number of all instances in the client now is 6
2026-06-13 02:34:44.445 DEBUG [DiscoveryClient-CacheRefreshExecutor-0] c.netflix.discovery.DiscoveryClient - Completed cache refresh task for discovery. All Apps hash code is Local region apps hashcode: UP_6_, is fetching remote regions? false 
2026-06-13 02:34:59.508 DEBUG [DiscoveryClient-HeartbeatExecutor-0] c.netflix.discovery.DiscoveryClient - DiscoveryClient_CHATBOT-MICROSERVICE/chatbot-microservice:f7ea7abaac0af316d677d10b7c409315 - Heartbeat status: 200
2026-06-13 02:35:14.460 DEBUG [DiscoveryClient-CacheRefreshExecutor-0] c.netflix.discovery.DiscoveryClient - Got delta update with apps hashcode UP_6_
2026-06-13 02:35:14.460 DEBUG [DiscoveryClient-CacheRefreshExecutor-0] c.netflix.discovery.DiscoveryClient - The total number of instances fetched by the delta processor : 0
2026-06-13 02:35:14.460 DEBUG [DiscoveryClient-CacheRefreshExecutor-0] c.netflix.discovery.DiscoveryClient - The total number of all instances in the client now is 6
2026-06-13 02:35:14.460 DEBUG [DiscoveryClient-CacheRefreshExecutor-0] c.netflix.discovery.DiscoveryClient - Completed cache refresh task for discovery. All Apps hash code is Local region apps hashcode: UP_6_, is fetching remote regions? false 
2026-06-13 02:35:23.102 DEBUG [http-nio-8086-exec-9] c.c.c.service.ChatSessionService - Session 105f38b13d9e495785061e29600283e6 found in cache
2026-06-13 02:35:23.105 DEBUG [http-nio-8086-exec-9] c.c.c.service.ChatSessionService - Extended session 105f38b13d9e495785061e29600283e6
2026-06-13 02:35:23.155 DEBUG [http-nio-8086-exec-10] c.c.c.service.ChatSessionService - Session 0fe739eca83141d9ac26d844ba8d226a found in cache
2026-06-13 02:35:23.155 DEBUG [http-nio-8086-exec-10] c.c.c.service.ChatSessionService - Extended session 0fe739eca83141d9ac26d844ba8d226a
2026-06-13 02:35:23.795 DEBUG [http-nio-8086-exec-1] c.c.c.service.ChatSessionService - Session 0fe739eca83141d9ac26d844ba8d226a found in cache
2026-06-13 02:35:23.795 DEBUG [http-nio-8086-exec-1] c.c.c.service.ChatSessionService - Extended session 0fe739eca83141d9ac26d844ba8d226a
2026-06-13 02:35:29.539 DEBUG [DiscoveryClient-HeartbeatExecutor-0] c.netflix.discovery.DiscoveryClient - DiscoveryClient_CHATBOT-MICROSERVICE/chatbot-microservice:f7ea7abaac0af316d677d10b7c409315 - Heartbeat status: 200
2026-06-13 02:35:44.485 DEBUG [DiscoveryClient-CacheRefreshExecutor-0] c.netflix.discovery.DiscoveryClient - Got delta update with apps hashcode UP_6_
2026-06-13 02:35:44.485 DEBUG [DiscoveryClient-CacheRefreshExecutor-0] c.netflix.discovery.DiscoveryClient - The total number of instances fetched by the delta processor : 0
2026-06-13 02:35:44.485 DEBUG [DiscoveryClient-CacheRefreshExecutor-0] c.netflix.discovery.DiscoveryClient - The total number of all instances in the client now is 6
2026-06-13 02:35:44.485 DEBUG [DiscoveryClient-CacheRefreshExecutor-0] c.netflix.discovery.DiscoveryClient - Completed cache refresh task for discovery. All Apps hash code is Local region apps hashcode: UP_6_, is fetching remote regions? false 
2026-06-13 02:35:59.576 DEBUG [DiscoveryClient-HeartbeatExecutor-0] c.netflix.discovery.DiscoveryClient - DiscoveryClient_CHATBOT-MICROSERVICE/chatbot-microservice:f7ea7abaac0af316d677d10b7c409315 - Heartbeat status: 200
2026-06-13 02:36:14.520 DEBUG [DiscoveryClient-CacheRefreshExecutor-0] c.netflix.discovery.DiscoveryClient - Got delta update with apps hashcode UP_6_
2026-06-13 02:36:14.520 DEBUG [DiscoveryClient-CacheRefreshExecutor-0] c.netflix.discovery.DiscoveryClient - The total number of instances fetched by the delta processor : 0
2026-06-13 02:36:14.520 DEBUG [DiscoveryClient-CacheRefreshExecutor-0] c.netflix.discovery.DiscoveryClient - The total number of all instances in the client now is 6
2026-06-13 02:36:14.520 DEBUG [DiscoveryClient-CacheRefreshExecutor-0] c.netflix.discovery.DiscoveryClient - Completed cache refresh task for discovery. All Apps hash code is Local region apps hashcode: UP_6_, is fetching remote regions? false 
2026-06-13 02:36:23.081 DEBUG [http-nio-8086-exec-2] c.c.c.service.ChatSessionService - Session 0fe739eca83141d9ac26d844ba8d226a found in cache
2026-06-13 02:36:23.084 DEBUG [http-nio-8086-exec-2] c.c.c.service.ChatSessionService - Extended session 0fe739eca83141d9ac26d844ba8d226a
2026-06-13 02:36:23.087 DEBUG [http-nio-8086-exec-6] c.c.c.service.ChatSessionService - Session 105f38b13d9e495785061e29600283e6 found in cache
2026-06-13 02:36:23.087 DEBUG [http-nio-8086-exec-6] c.c.c.service.ChatSessionService - Extended session 105f38b13d9e495785061e29600283e6
2026-06-13 02:36:23.261 DEBUG [http-nio-8086-exec-7] c.c.c.service.ChatSessionService - Session 0fe739eca83141d9ac26d844ba8d226a found in cache
2026-06-13 02:36:23.277 DEBUG [http-nio-8086-exec-7] c.c.c.service.ChatSessionService - Extended session 0fe739eca83141d9ac26d844ba8d226a
2026-06-13 02:36:23.990 INFO  [AsyncResolver-bootstrap-executor-0] c.n.d.s.r.aws.ConfigClusterResolver - Resolving eureka endpoints via configuration
2026-06-13 02:36:23.995 DEBUG [AsyncResolver-bootstrap-executor-0] c.n.discovery.endpoint.EndpointUtils - The availability zone for the given region us-east-1 are [defaultZone]
2026-06-13 02:36:23.995 DEBUG [AsyncResolver-bootstrap-executor-0] c.n.d.s.r.aws.ConfigClusterResolver - Config resolved to [AwsEndpoint{ serviceUrl='http://localhost:8761/eureka/', region='us-east-1', zone='defaultZone'}]
2026-06-13 02:36:23.995 DEBUG [AsyncResolver-bootstrap-executor-0] c.n.d.s.r.a.ZoneAffinityClusterResolver - Local zone=defaultZone; resolved to: [AwsEndpoint{ serviceUrl='http://localhost:8761/eureka/', region='us-east-1', zone='defaultZone'}]
2026-06-13 02:36:23.995 DEBUG [AsyncResolver-bootstrap-executor-0] c.n.d.shared.resolver.AsyncResolver - Resolved to [AwsEndpoint{ serviceUrl='http://localhost:8761/eureka/', region='us-east-1', zone='defaultZone'}]
2026-06-13 02:36:29.597 DEBUG [DiscoveryClient-HeartbeatExecutor-0] c.netflix.discovery.DiscoveryClient - DiscoveryClient_CHATBOT-MICROSERVICE/chatbot-microservice:f7ea7abaac0af316d677d10b7c409315 - Heartbeat status: 200
2026-06-13 02:36:44.545 DEBUG [DiscoveryClient-CacheRefreshExecutor-0] c.netflix.discovery.DiscoveryClient - Got delta update with apps hashcode UP_6_
2026-06-13 02:36:44.545 DEBUG [DiscoveryClient-CacheRefreshExecutor-0] c.netflix.discovery.DiscoveryClient - The total number of instances fetched by the delta processor : 0
2026-06-13 02:36:44.545 DEBUG [DiscoveryClient-CacheRefreshExecutor-0] c.netflix.discovery.DiscoveryClient - The total number of all instances in the client now is 6
2026-06-13 02:36:44.545 DEBUG [DiscoveryClient-CacheRefreshExecutor-0] c.netflix.discovery.DiscoveryClient - Completed cache refresh task for discovery. All Apps hash code is Local region apps hashcode: UP_6_, is fetching remote regions? false 
2026-06-13 02:36:59.615 DEBUG [DiscoveryClient-HeartbeatExecutor-0] c.netflix.discovery.DiscoveryClient - DiscoveryClient_CHATBOT-MICROSERVICE/chatbot-microservice:f7ea7abaac0af316d677d10b7c409315 - Heartbeat status: 200
2026-06-13 02:37:14.565 DEBUG [DiscoveryClient-CacheRefreshExecutor-0] c.netflix.discovery.DiscoveryClient - Got delta update with apps hashcode UP_6_
2026-06-13 02:37:14.565 DEBUG [DiscoveryClient-CacheRefreshExecutor-0] c.netflix.discovery.DiscoveryClient - The total number of instances fetched by the delta processor : 0
2026-06-13 02:37:14.565 DEBUG [DiscoveryClient-CacheRefreshExecutor-0] c.netflix.discovery.DiscoveryClient - The total number of all instances in the client now is 6
2026-06-13 02:37:14.565 DEBUG [DiscoveryClient-CacheRefreshExecutor-0] c.netflix.discovery.DiscoveryClient - Completed cache refresh task for discovery. All Apps hash code is Local region apps hashcode: UP_6_, is fetching remote regions? false 
2026-06-13 02:37:23.068 DEBUG [http-nio-8086-exec-4] c.c.c.service.ChatSessionService - Session 105f38b13d9e495785061e29600283e6 found in cache
2026-06-13 02:37:23.073 DEBUG [http-nio-8086-exec-4] c.c.c.service.ChatSessionService - Extended session 105f38b13d9e495785061e29600283e6
2026-06-13 02:37:23.094 DEBUG [http-nio-8086-exec-9] c.c.c.service.ChatSessionService - Session 0fe739eca83141d9ac26d844ba8d226a found in cache
2026-06-13 02:37:23.156 DEBUG [http-nio-8086-exec-9] c.c.c.service.ChatSessionService - Extended session 0fe739eca83141d9ac26d844ba8d226a
2026-06-13 02:37:23.258 DEBUG [http-nio-8086-exec-10] c.c.c.service.ChatSessionService - Session 0fe739eca83141d9ac26d844ba8d226a found in cache
2026-06-13 02:37:23.258 DEBUG [http-nio-8086-exec-10] c.c.c.service.ChatSessionService - Extended session 0fe739eca83141d9ac26d844ba8d226a
2026-06-13 02:37:29.624 DEBUG [DiscoveryClient-HeartbeatExecutor-0] c.netflix.discovery.DiscoveryClient - DiscoveryClient_CHATBOT-MICROSERVICE/chatbot-microservice:f7ea7abaac0af316d677d10b7c409315 - Heartbeat status: 200
2026-06-13 02:37:44.597 DEBUG [DiscoveryClient-CacheRefreshExecutor-0] c.netflix.discovery.DiscoveryClient - Got delta update with apps hashcode UP_6_
2026-06-13 02:37:44.597 DEBUG [DiscoveryClient-CacheRefreshExecutor-0] c.netflix.discovery.DiscoveryClient - The total number of instances fetched by the delta processor : 0
2026-06-13 02:37:44.597 DEBUG [DiscoveryClient-CacheRefreshExecutor-0] c.netflix.discovery.DiscoveryClient - The total number of all instances in the client now is 6
2026-06-13 02:37:44.597 DEBUG [DiscoveryClient-CacheRefreshExecutor-0] c.netflix.discovery.DiscoveryClient - Completed cache refresh task for discovery. All Apps hash code is Local region apps hashcode: UP_6_, is fetching remote regions? false 
2026-06-13 02:37:59.637 DEBUG [DiscoveryClient-HeartbeatExecutor-0] c.netflix.discovery.DiscoveryClient - DiscoveryClient_CHATBOT-MICROSERVICE/chatbot-microservice:f7ea7abaac0af316d677d10b7c409315 - Heartbeat status: 200
2026-06-13 02:38:14.643 DEBUG [DiscoveryClient-CacheRefreshExecutor-0] c.netflix.discovery.DiscoveryClient - Got delta update with apps hashcode UP_6_
2026-06-13 02:38:14.644 DEBUG [DiscoveryClient-CacheRefreshExecutor-0] c.netflix.discovery.DiscoveryClient - The total number of instances fetched by the delta processor : 0
2026-06-13 02:38:14.644 DEBUG [DiscoveryClient-CacheRefreshExecutor-0] c.netflix.discovery.DiscoveryClient - The total number of all instances in the client now is 6
2026-06-13 02:38:14.645 DEBUG [DiscoveryClient-CacheRefreshExecutor-0] c.netflix.discovery.DiscoveryClient - Completed cache refresh task for discovery. All Apps hash code is Local region apps hashcode: UP_6_, is fetching remote regions? false 
2026-06-13 02:38:23.050 DEBUG [http-nio-8086-exec-2] c.c.c.service.ChatSessionService - Session 105f38b13d9e495785061e29600283e6 found in cache
2026-06-13 02:38:23.050 DEBUG [http-nio-8086-exec-2] c.c.c.service.ChatSessionService - Extended session 105f38b13d9e495785061e29600283e6
2026-06-13 02:38:23.150 DEBUG [http-nio-8086-exec-6] c.c.c.service.ChatSessionService - Session 0fe739eca83141d9ac26d844ba8d226a found in cache
2026-06-13 02:38:23.151 DEBUG [http-nio-8086-exec-6] c.c.c.service.ChatSessionService - Extended session 0fe739eca83141d9ac26d844ba8d226a
2026-06-13 02:38:23.569 DEBUG [http-nio-8086-exec-3] c.c.c.service.ChatSessionService - Session 0fe739eca83141d9ac26d844ba8d226a found in cache
2026-06-13 02:38:23.571 DEBUG [http-nio-8086-exec-3] c.c.c.service.ChatSessionService - Extended session 0fe739eca83141d9ac26d844ba8d226a
2026-06-13 02:38:29.668 DEBUG [DiscoveryClient-HeartbeatExecutor-0] c.netflix.discovery.DiscoveryClient - DiscoveryClient_CHATBOT-MICROSERVICE/chatbot-microservice:f7ea7abaac0af316d677d10b7c409315 - Heartbeat status: 200
2026-06-13 02:38:44.697 DEBUG [DiscoveryClient-CacheRefreshExecutor-0] c.netflix.discovery.DiscoveryClient - Got delta update with apps hashcode UP_6_
2026-06-13 02:38:44.697 DEBUG [DiscoveryClient-CacheRefreshExecutor-0] c.netflix.discovery.DiscoveryClient - The total number of instances fetched by the delta processor : 0
2026-06-13 02:38:44.698 DEBUG [DiscoveryClient-CacheRefreshExecutor-0] c.netflix.discovery.DiscoveryClient - The total number of all instances in the client now is 6
2026-06-13 02:38:44.699 DEBUG [DiscoveryClient-CacheRefreshExecutor-0] c.netflix.discovery.DiscoveryClient - Completed cache refresh task for discovery. All Apps hash code is Local region apps hashcode: UP_6_, is fetching remote regions? false 
2026-06-13 02:38:59.697 DEBUG [DiscoveryClient-HeartbeatExecutor-0] c.netflix.discovery.DiscoveryClient - DiscoveryClient_CHATBOT-MICROSERVICE/chatbot-microservice:f7ea7abaac0af316d677d10b7c409315 - Heartbeat status: 200
2026-06-13 02:39:14.501 DEBUG [http-nio-8086-exec-4] c.c.c.service.ChatSessionService - Session 105f38b13d9e495785061e29600283e6 found in cache
2026-06-13 02:39:14.504 DEBUG [http-nio-8086-exec-4] c.c.c.service.ChatSessionService - Extended session 105f38b13d9e495785061e29600283e6
2026-06-13 02:39:14.724 DEBUG [DiscoveryClient-CacheRefreshExecutor-0] c.netflix.discovery.DiscoveryClient - Got delta update with apps hashcode UP_6_
2026-06-13 02:39:14.724 DEBUG [DiscoveryClient-CacheRefreshExecutor-0] c.netflix.discovery.DiscoveryClient - The total number of instances fetched by the delta processor : 0
2026-06-13 02:39:14.724 DEBUG [DiscoveryClient-CacheRefreshExecutor-0] c.netflix.discovery.DiscoveryClient - The total number of all instances in the client now is 6
2026-06-13 02:39:14.724 DEBUG [DiscoveryClient-CacheRefreshExecutor-0] c.netflix.discovery.DiscoveryClient - Completed cache refresh task for discovery. All Apps hash code is Local region apps hashcode: UP_6_, is fetching remote regions? false 
2026-06-13 02:39:23.086 DEBUG [http-nio-8086-exec-10] c.c.c.service.ChatSessionService - Session 0fe739eca83141d9ac26d844ba8d226a found in cache
2026-06-13 02:39:23.086 DEBUG [http-nio-8086-exec-10] c.c.c.service.ChatSessionService - Extended session 0fe739eca83141d9ac26d844ba8d226a
2026-06-13 02:39:23.487 DEBUG [http-nio-8086-exec-1] c.c.c.service.ChatSessionService - Session 0fe739eca83141d9ac26d844ba8d226a found in cache
2026-06-13 02:39:23.487 DEBUG [http-nio-8086-exec-1] c.c.c.service.ChatSessionService - Extended session 0fe739eca83141d9ac26d844ba8d226a
2026-06-13 02:39:24.625 DEBUG [http-nio-8086-exec-8] c.c.c.service.ChatSessionService - Session 105f38b13d9e495785061e29600283e6 found in cache
2026-06-13 02:39:24.979 DEBUG [http-nio-8086-exec-2] c.c.c.service.ChatSessionService - Session 105f38b13d9e495785061e29600283e6 found in cache
2026-06-13 02:39:29.754 DEBUG [DiscoveryClient-HeartbeatExecutor-0] c.netflix.discovery.DiscoveryClient - DiscoveryClient_CHATBOT-MICROSERVICE/chatbot-microservice:f7ea7abaac0af316d677d10b7c409315 - Heartbeat status: 200
2026-06-13 02:39:44.857 DEBUG [DiscoveryClient-CacheRefreshExecutor-0] c.netflix.discovery.DiscoveryClient - Got delta update with apps hashcode UP_6_
2026-06-13 02:39:44.857 DEBUG [DiscoveryClient-CacheRefreshExecutor-0] c.netflix.discovery.DiscoveryClient - The total number of instances fetched by the delta processor : 0
2026-06-13 02:39:44.857 DEBUG [DiscoveryClient-CacheRefreshExecutor-0] c.netflix.discovery.DiscoveryClient - The total number of all instances in the client now is 6
2026-06-13 02:39:44.858 DEBUG [DiscoveryClient-CacheRefreshExecutor-0] c.netflix.discovery.DiscoveryClient - Completed cache refresh task for discovery. All Apps hash code is Local region apps hashcode: UP_6_, is fetching remote regions? false 
2026-06-13 02:39:53.040 DEBUG [http-nio-8086-exec-7] c.c.c.service.ChatSessionService - Session 105f38b13d9e495785061e29600283e6 found in cache
2026-06-13 02:39:53.041 DEBUG [http-nio-8086-exec-7] c.c.c.service.ChatSessionService - Extended session 105f38b13d9e495785061e29600283e6
2026-06-13 02:39:59.807 DEBUG [DiscoveryClient-HeartbeatExecutor-0] c.netflix.discovery.DiscoveryClient - DiscoveryClient_CHATBOT-MICROSERVICE/chatbot-microservice:f7ea7abaac0af316d677d10b7c409315 - Heartbeat status: 200
2026-06-13 02:40:14.884 DEBUG [DiscoveryClient-CacheRefreshExecutor-0] c.netflix.discovery.DiscoveryClient - Got delta update with apps hashcode UP_6_
2026-06-13 02:40:14.884 DEBUG [DiscoveryClient-CacheRefreshExecutor-0] c.netflix.discovery.DiscoveryClient - The total number of instances fetched by the delta processor : 0
2026-06-13 02:40:14.884 DEBUG [DiscoveryClient-CacheRefreshExecutor-0] c.netflix.discovery.DiscoveryClient - The total number of all instances in the client now is 6
2026-06-13 02:40:14.884 DEBUG [DiscoveryClient-CacheRefreshExecutor-0] c.netflix.discovery.DiscoveryClient - Completed cache refresh task for discovery. All Apps hash code is Local region apps hashcode: UP_6_, is fetching remote regions? false 
2026-06-13 02:40:15.059 DEBUG [http-nio-8086-exec-5] c.c.c.service.ChatSessionService - Session 105f38b13d9e495785061e29600283e6 found in cache
2026-06-13 02:40:15.059 DEBUG [http-nio-8086-exec-5] c.c.c.service.ChatSessionService - Extended session 105f38b13d9e495785061e29600283e6
2026-06-13 02:40:23.056 DEBUG [http-nio-8086-exec-9] c.c.c.service.ChatSessionService - Session 0fe739eca83141d9ac26d844ba8d226a found in cache
2026-06-13 02:40:23.056 DEBUG [http-nio-8086-exec-9] c.c.c.service.ChatSessionService - Extended session 0fe739eca83141d9ac26d844ba8d226a
2026-06-13 02:40:23.208 DEBUG [http-nio-8086-exec-10] c.c.c.service.ChatSessionService - Session 0fe739eca83141d9ac26d844ba8d226a found in cache
2026-06-13 02:40:23.210 DEBUG [http-nio-8086-exec-10] c.c.c.service.ChatSessionService - Extended session 0fe739eca83141d9ac26d844ba8d226a
2026-06-13 02:40:29.834 DEBUG [DiscoveryClient-HeartbeatExecutor-0] c.netflix.discovery.DiscoveryClient - DiscoveryClient_CHATBOT-MICROSERVICE/chatbot-microservice:f7ea7abaac0af316d677d10b7c409315 - Heartbeat status: 200
2026-06-13 02:40:40.054 DEBUG [http-nio-8086-exec-8] c.c.c.service.ChatSessionService - Session 105f38b13d9e495785061e29600283e6 found in cache
2026-06-13 02:40:40.057 DEBUG [http-nio-8086-exec-8] c.c.c.service.ChatSessionService - Extended session 105f38b13d9e495785061e29600283e6
2026-06-13 02:40:44.922 DEBUG [DiscoveryClient-CacheRefreshExecutor-0] c.netflix.discovery.DiscoveryClient - Got delta update with apps hashcode UP_6_
2026-06-13 02:40:44.922 DEBUG [DiscoveryClient-CacheRefreshExecutor-0] c.netflix.discovery.DiscoveryClient - The total number of instances fetched by the delta processor : 0
2026-06-13 02:40:44.923 DEBUG [DiscoveryClient-CacheRefreshExecutor-0] c.netflix.discovery.DiscoveryClient - The total number of all instances in the client now is 6
2026-06-13 02:40:44.923 DEBUG [DiscoveryClient-CacheRefreshExecutor-0] c.netflix.discovery.DiscoveryClient - Completed cache refresh task for discovery. All Apps hash code is Local region apps hashcode: UP_6_, is fetching remote regions? false 
2026-06-13 02:40:48.835 DEBUG [http-nio-8086-exec-6] c.c.c.service.ChatSessionService - Session 0fe739eca83141d9ac26d844ba8d226a found in cache
2026-06-13 02:40:48.836 DEBUG [http-nio-8086-exec-6] c.c.c.service.ChatSessionService - Extended session 0fe739eca83141d9ac26d844ba8d226a
2026-06-13 02:40:59.861 DEBUG [DiscoveryClient-HeartbeatExecutor-0] c.netflix.discovery.DiscoveryClient - DiscoveryClient_CHATBOT-MICROSERVICE/chatbot-microservice:f7ea7abaac0af316d677d10b7c409315 - Heartbeat status: 200
2026-06-13 02:41:05.079 DEBUG [http-nio-8086-exec-3] c.c.c.service.ChatSessionService - Session 105f38b13d9e495785061e29600283e6 found in cache
2026-06-13 02:41:05.091 DEBUG [http-nio-8086-exec-3] c.c.c.service.ChatSessionService - Extended session 105f38b13d9e495785061e29600283e6
2026-06-13 02:41:14.358 DEBUG [http-nio-8086-exec-4] c.c.c.service.ChatSessionService - Session 0fe739eca83141d9ac26d844ba8d226a found in cache
2026-06-13 02:41:14.360 DEBUG [http-nio-8086-exec-4] c.c.c.service.ChatSessionService - Extended session 0fe739eca83141d9ac26d844ba8d226a
2026-06-13 02:41:14.949 DEBUG [DiscoveryClient-CacheRefreshExecutor-0] c.netflix.discovery.DiscoveryClient - Got delta update with apps hashcode UP_6_
2026-06-13 02:41:14.949 DEBUG [DiscoveryClient-CacheRefreshExecutor-0] c.netflix.discovery.DiscoveryClient - The total number of instances fetched by the delta processor : 0
2026-06-13 02:41:14.949 DEBUG [DiscoveryClient-CacheRefreshExecutor-0] c.netflix.discovery.DiscoveryClient - The total number of all instances in the client now is 6
2026-06-13 02:41:14.951 DEBUG [DiscoveryClient-CacheRefreshExecutor-0] c.netflix.discovery.DiscoveryClient - Completed cache refresh task for discovery. All Apps hash code is Local region apps hashcode: UP_6_, is fetching remote regions? false 
2026-06-13 02:41:23.191 DEBUG [http-nio-8086-exec-10] c.c.c.service.ChatSessionService - Session 0fe739eca83141d9ac26d844ba8d226a found in cache
2026-06-13 02:41:23.191 DEBUG [http-nio-8086-exec-10] c.c.c.service.ChatSessionService - Extended session 0fe739eca83141d9ac26d844ba8d226a
2026-06-13 02:41:24.004 INFO  [AsyncResolver-bootstrap-executor-0] c.n.d.s.r.aws.ConfigClusterResolver - Resolving eureka endpoints via configuration
2026-06-13 02:41:24.007 DEBUG [AsyncResolver-bootstrap-executor-0] c.n.discovery.endpoint.EndpointUtils - The availability zone for the given region us-east-1 are [defaultZone]
2026-06-13 02:41:24.007 DEBUG [AsyncResolver-bootstrap-executor-0] c.n.d.s.r.aws.ConfigClusterResolver - Config resolved to [AwsEndpoint{ serviceUrl='http://localhost:8761/eureka/', region='us-east-1', zone='defaultZone'}]
2026-06-13 02:41:24.007 DEBUG [AsyncResolver-bootstrap-executor-0] c.n.d.s.r.a.ZoneAffinityClusterResolver - Local zone=defaultZone; resolved to: [AwsEndpoint{ serviceUrl='http://localhost:8761/eureka/', region='us-east-1', zone='defaultZone'}]
2026-06-13 02:41:24.007 DEBUG [AsyncResolver-bootstrap-executor-0] c.n.d.shared.resolver.AsyncResolver - Resolved to [AwsEndpoint{ serviceUrl='http://localhost:8761/eureka/', region='us-east-1', zone='defaultZone'}]
2026-06-13 02:41:29.890 DEBUG [DiscoveryClient-HeartbeatExecutor-0] c.netflix.discovery.DiscoveryClient - DiscoveryClient_CHATBOT-MICROSERVICE/chatbot-microservice:f7ea7abaac0af316d677d10b7c409315 - Heartbeat status: 200
2026-06-13 02:41:29.929 DEBUG [http-nio-8086-exec-8] c.c.c.service.ChatSessionService - Session 105f38b13d9e495785061e29600283e6 found in cache
2026-06-13 02:41:29.931 DEBUG [http-nio-8086-exec-8] c.c.c.service.ChatSessionService - Extended session 105f38b13d9e495785061e29600283e6
2026-06-13 02:41:39.348 DEBUG [http-nio-8086-exec-6] c.c.c.service.ChatSessionService - Session 0fe739eca83141d9ac26d844ba8d226a found in cache
2026-06-13 02:41:39.348 DEBUG [http-nio-8086-exec-6] c.c.c.service.ChatSessionService - Extended session 0fe739eca83141d9ac26d844ba8d226a
2026-06-13 02:41:44.974 DEBUG [DiscoveryClient-CacheRefreshExecutor-0] c.netflix.discovery.DiscoveryClient - Got delta update with apps hashcode UP_6_
2026-06-13 02:41:44.974 DEBUG [DiscoveryClient-CacheRefreshExecutor-0] c.netflix.discovery.DiscoveryClient - The total number of instances fetched by the delta processor : 0
2026-06-13 02:41:44.974 DEBUG [DiscoveryClient-CacheRefreshExecutor-0] c.netflix.discovery.DiscoveryClient - The total number of all instances in the client now is 6
2026-06-13 02:41:44.974 DEBUG [DiscoveryClient-CacheRefreshExecutor-0] c.netflix.discovery.DiscoveryClient - Completed cache refresh task for discovery. All Apps hash code is Local region apps hashcode: UP_6_, is fetching remote regions? false 
2026-06-13 02:41:55.088 DEBUG [http-nio-8086-exec-3] c.c.c.service.ChatSessionService - Session 105f38b13d9e495785061e29600283e6 found in cache
2026-06-13 02:41:55.090 DEBUG [http-nio-8086-exec-3] c.c.c.service.ChatSessionService - Extended session 105f38b13d9e495785061e29600283e6
2026-06-13 02:41:59.925 DEBUG [DiscoveryClient-HeartbeatExecutor-0] c.netflix.discovery.DiscoveryClient - DiscoveryClient_CHATBOT-MICROSERVICE/chatbot-microservice:f7ea7abaac0af316d677d10b7c409315 - Heartbeat status: 200
2026-06-13 02:42:00.255 DEBUG [http-nio-8086-exec-5] c.c.c.service.ChatSessionService - Session 0fe739eca83141d9ac26d844ba8d226a found in cache
2026-06-13 02:42:00.309 DEBUG [http-nio-8086-exec-5] c.c.c.service.ChatSessionService - Updated context for session 0fe739eca83141d9ac26d844ba8d226a
2026-06-13 02:42:04.421 DEBUG [http-nio-8086-exec-4] c.c.c.service.ChatSessionService - Session 0fe739eca83141d9ac26d844ba8d226a found in cache
2026-06-13 02:42:04.421 DEBUG [http-nio-8086-exec-4] c.c.c.service.ChatSessionService - Extended session 0fe739eca83141d9ac26d844ba8d226a
2026-06-13 02:42:15.004 DEBUG [DiscoveryClient-CacheRefreshExecutor-0] c.netflix.discovery.DiscoveryClient - Got delta update with apps hashcode UP_6_
2026-06-13 02:42:15.004 DEBUG [DiscoveryClient-CacheRefreshExecutor-0] c.netflix.discovery.DiscoveryClient - The total number of instances fetched by the delta processor : 0
2026-06-13 02:42:15.004 DEBUG [DiscoveryClient-CacheRefreshExecutor-0] c.netflix.discovery.DiscoveryClient - The total number of all instances in the client now is 6
2026-06-13 02:42:15.004 DEBUG [DiscoveryClient-CacheRefreshExecutor-0] c.netflix.discovery.DiscoveryClient - Completed cache refresh task for discovery. All Apps hash code is Local region apps hashcode: UP_6_, is fetching remote regions? false 
2026-06-13 02:42:20.370 DEBUG [http-nio-8086-exec-10] c.c.c.service.ChatSessionService - Session 105f38b13d9e495785061e29600283e6 found in cache
2026-06-13 02:42:20.386 DEBUG [http-nio-8086-exec-10] c.c.c.service.ChatSessionService - Extended session 105f38b13d9e495785061e29600283e6
2026-06-13 02:42:23.204 DEBUG [http-nio-8086-exec-1] c.c.c.service.ChatSessionService - Session 0fe739eca83141d9ac26d844ba8d226a found in cache
2026-06-13 02:42:23.209 DEBUG [http-nio-8086-exec-1] c.c.c.service.ChatSessionService - Extended session 0fe739eca83141d9ac26d844ba8d226a
2026-06-13 02:42:29.371 DEBUG [http-nio-8086-exec-2] c.c.c.service.ChatSessionService - Session 0fe739eca83141d9ac26d844ba8d226a found in cache
2026-06-13 02:42:29.371 DEBUG [http-nio-8086-exec-2] c.c.c.service.ChatSessionService - Extended session 0fe739eca83141d9ac26d844ba8d226a
2026-06-13 02:42:29.988 DEBUG [DiscoveryClient-HeartbeatExecutor-0] c.netflix.discovery.DiscoveryClient - DiscoveryClient_CHATBOT-MICROSERVICE/chatbot-microservice:f7ea7abaac0af316d677d10b7c409315 - Heartbeat status: 200
2026-06-13 02:42:45.037 DEBUG [DiscoveryClient-CacheRefreshExecutor-0] c.netflix.discovery.DiscoveryClient - Got delta update with apps hashcode UP_6_
2026-06-13 02:42:45.037 DEBUG [DiscoveryClient-CacheRefreshExecutor-0] c.netflix.discovery.DiscoveryClient - The total number of instances fetched by the delta processor : 0
2026-06-13 02:42:45.037 DEBUG [DiscoveryClient-CacheRefreshExecutor-0] c.netflix.discovery.DiscoveryClient - The total number of all instances in the client now is 6
2026-06-13 02:42:45.037 DEBUG [DiscoveryClient-CacheRefreshExecutor-0] c.netflix.discovery.DiscoveryClient - Completed cache refresh task for discovery. All Apps hash code is Local region apps hashcode: UP_6_, is fetching remote regions? false 
2026-06-13 02:42:54.370 DEBUG [http-nio-8086-exec-7] c.c.c.service.ChatSessionService - Session 0fe739eca83141d9ac26d844ba8d226a found in cache
2026-06-13 02:42:54.370 DEBUG [http-nio-8086-exec-7] c.c.c.service.ChatSessionService - Extended session 0fe739eca83141d9ac26d844ba8d226a
2026-06-13 02:43:00.021 DEBUG [DiscoveryClient-HeartbeatExecutor-0] c.netflix.discovery.DiscoveryClient - DiscoveryClient_CHATBOT-MICROSERVICE/chatbot-microservice:f7ea7abaac0af316d677d10b7c409315 - Heartbeat status: 200
2026-06-13 02:43:15.070 DEBUG [DiscoveryClient-CacheRefreshExecutor-0] c.netflix.discovery.DiscoveryClient - Got delta update with apps hashcode UP_6_
2026-06-13 02:43:15.070 DEBUG [DiscoveryClient-CacheRefreshExecutor-0] c.netflix.discovery.DiscoveryClient - The total number of instances fetched by the delta processor : 0
2026-06-13 02:43:15.070 DEBUG [DiscoveryClient-CacheRefreshExecutor-0] c.netflix.discovery.DiscoveryClient - The total number of all instances in the client now is 6
2026-06-13 02:43:15.070 DEBUG [DiscoveryClient-CacheRefreshExecutor-0] c.netflix.discovery.DiscoveryClient - Completed cache refresh task for discovery. All Apps hash code is Local region apps hashcode: UP_6_, is fetching remote regions? false 
2026-06-13 02:43:19.768 DEBUG [http-nio-8086-exec-5] c.c.c.service.ChatSessionService - Session 0fe739eca83141d9ac26d844ba8d226a found in cache
2026-06-13 02:43:19.784 DEBUG [http-nio-8086-exec-5] c.c.c.service.ChatSessionService - Extended session 0fe739eca83141d9ac26d844ba8d226a
2026-06-13 02:43:21.051 DEBUG [http-nio-8086-exec-9] c.c.c.service.ChatSessionService - Session 105f38b13d9e495785061e29600283e6 found in cache
2026-06-13 02:43:21.057 DEBUG [http-nio-8086-exec-9] c.c.c.service.ChatSessionService - Extended session 105f38b13d9e495785061e29600283e6
2026-06-13 02:43:23.393 DEBUG [http-nio-8086-exec-10] c.c.c.service.ChatSessionService - Session 0fe739eca83141d9ac26d844ba8d226a found in cache
2026-06-13 02:43:23.393 DEBUG [http-nio-8086-exec-10] c.c.c.service.ChatSessionService - Extended session 0fe739eca83141d9ac26d844ba8d226a
2026-06-13 02:43:30.045 DEBUG [DiscoveryClient-HeartbeatExecutor-0] c.netflix.discovery.DiscoveryClient - DiscoveryClient_CHATBOT-MICROSERVICE/chatbot-microservice:f7ea7abaac0af316d677d10b7c409315 - Heartbeat status: 200
2026-06-13 02:43:44.369 DEBUG [http-nio-8086-exec-8] c.c.c.service.ChatSessionService - Session 0fe739eca83141d9ac26d844ba8d226a found in cache
2026-06-13 02:43:44.369 DEBUG [http-nio-8086-exec-8] c.c.c.service.ChatSessionService - Extended session 0fe739eca83141d9ac26d844ba8d226a
2026-06-13 02:43:45.103 DEBUG [DiscoveryClient-CacheRefreshExecutor-0] c.netflix.discovery.DiscoveryClient - Got delta update with apps hashcode UP_6_
2026-06-13 02:43:45.103 DEBUG [DiscoveryClient-CacheRefreshExecutor-0] c.netflix.discovery.DiscoveryClient - The total number of instances fetched by the delta processor : 0
2026-06-13 02:43:45.103 DEBUG [DiscoveryClient-CacheRefreshExecutor-0] c.netflix.discovery.DiscoveryClient - The total number of all instances in the client now is 6
2026-06-13 02:43:45.103 DEBUG [DiscoveryClient-CacheRefreshExecutor-0] c.netflix.discovery.DiscoveryClient - Completed cache refresh task for discovery. All Apps hash code is Local region apps hashcode: UP_6_, is fetching remote regions? false 
2026-06-13 02:44:00.069 DEBUG [DiscoveryClient-HeartbeatExecutor-0] c.netflix.discovery.DiscoveryClient - DiscoveryClient_CHATBOT-MICROSERVICE/chatbot-microservice:f7ea7abaac0af316d677d10b7c409315 - Heartbeat status: 200
2026-06-13 02:44:09.356 DEBUG [http-nio-8086-exec-6] c.c.c.service.ChatSessionService - Session 0fe739eca83141d9ac26d844ba8d226a found in cache
2026-06-13 02:44:09.364 DEBUG [http-nio-8086-exec-6] c.c.c.service.ChatSessionService - Extended session 0fe739eca83141d9ac26d844ba8d226a
2026-06-13 02:44:15.135 DEBUG [DiscoveryClient-CacheRefreshExecutor-0] c.netflix.discovery.DiscoveryClient - Got delta update with apps hashcode UP_6_
2026-06-13 02:44:15.135 DEBUG [DiscoveryClient-CacheRefreshExecutor-0] c.netflix.discovery.DiscoveryClient - The total number of instances fetched by the delta processor : 0
2026-06-13 02:44:15.135 DEBUG [DiscoveryClient-CacheRefreshExecutor-0] c.netflix.discovery.DiscoveryClient - The total number of all instances in the client now is 6
2026-06-13 02:44:15.135 DEBUG [DiscoveryClient-CacheRefreshExecutor-0] c.netflix.discovery.DiscoveryClient - Completed cache refresh task for discovery. All Apps hash code is Local region apps hashcode: UP_6_, is fetching remote regions? false 
2026-06-13 02:44:22.048 DEBUG [http-nio-8086-exec-3] c.c.c.service.ChatSessionService - Session 105f38b13d9e495785061e29600283e6 found in cache
2026-06-13 02:44:22.048 DEBUG [http-nio-8086-exec-3] c.c.c.service.ChatSessionService - Extended session 105f38b13d9e495785061e29600283e6
2026-06-13 02:44:23.214 DEBUG [http-nio-8086-exec-4] c.c.c.service.ChatSessionService - Session 0fe739eca83141d9ac26d844ba8d226a found in cache
2026-06-13 02:44:23.214 DEBUG [http-nio-8086-exec-4] c.c.c.service.ChatSessionService - Extended session 0fe739eca83141d9ac26d844ba8d226a
2026-06-13 02:44:30.099 DEBUG [DiscoveryClient-HeartbeatExecutor-0] c.netflix.discovery.DiscoveryClient - DiscoveryClient_CHATBOT-MICROSERVICE/chatbot-microservice:f7ea7abaac0af316d677d10b7c409315 - Heartbeat status: 200
2026-06-13 02:44:35.469 DEBUG [http-nio-8086-exec-10] c.c.c.service.ChatSessionService - Session 0fe739eca83141d9ac26d844ba8d226a found in cache
2026-06-13 02:44:35.469 DEBUG [http-nio-8086-exec-10] c.c.c.service.ChatSessionService - Extended session 0fe739eca83141d9ac26d844ba8d226a
2026-06-13 02:44:45.171 DEBUG [DiscoveryClient-CacheRefreshExecutor-0] c.netflix.discovery.DiscoveryClient - Got delta update with apps hashcode UP_6_
2026-06-13 02:44:45.171 DEBUG [DiscoveryClient-CacheRefreshExecutor-0] c.netflix.discovery.DiscoveryClient - The total number of instances fetched by the delta processor : 0
2026-06-13 02:44:45.171 DEBUG [DiscoveryClient-CacheRefreshExecutor-0] c.netflix.discovery.DiscoveryClient - The total number of all instances in the client now is 6
2026-06-13 02:44:45.171 DEBUG [DiscoveryClient-CacheRefreshExecutor-0] c.netflix.discovery.DiscoveryClient - Completed cache refresh task for discovery. All Apps hash code is Local region apps hashcode: UP_6_, is fetching remote regions? false 
2026-06-13 02:44:59.357 DEBUG [http-nio-8086-exec-8] c.c.c.service.ChatSessionService - Session 0fe739eca83141d9ac26d844ba8d226a found in cache
2026-06-13 02:44:59.357 DEBUG [http-nio-8086-exec-8] c.c.c.service.ChatSessionService - Extended session 0fe739eca83141d9ac26d844ba8d226a
2026-06-13 02:45:00.113 DEBUG [DiscoveryClient-HeartbeatExecutor-0] c.n.d.s.t.d.SessionedEurekaHttpClient - Ending a session and starting anew
2026-06-13 02:45:00.809 DEBUG [DiscoveryClient-HeartbeatExecutor-0] c.n.d.s.t.d.RedirectingEurekaHttpClient - Pinning to endpoint null
2026-06-13 02:45:00.809 DEBUG [DiscoveryClient-HeartbeatExecutor-0] c.netflix.discovery.DiscoveryClient - DiscoveryClient_CHATBOT-MICROSERVICE/chatbot-microservice:f7ea7abaac0af316d677d10b7c409315 - Heartbeat status: 200
2026-06-13 02:45:15.199 DEBUG [DiscoveryClient-CacheRefreshExecutor-0] c.netflix.discovery.DiscoveryClient - Got delta update with apps hashcode UP_6_
2026-06-13 02:45:15.199 DEBUG [DiscoveryClient-CacheRefreshExecutor-0] c.netflix.discovery.DiscoveryClient - The total number of instances fetched by the delta processor : 0
2026-06-13 02:45:15.199 DEBUG [DiscoveryClient-CacheRefreshExecutor-0] c.netflix.discovery.DiscoveryClient - The total number of all instances in the client now is 6
2026-06-13 02:45:15.199 DEBUG [DiscoveryClient-CacheRefreshExecutor-0] c.netflix.discovery.DiscoveryClient - Completed cache refresh task for discovery. All Apps hash code is Local region apps hashcode: UP_6_, is fetching remote regions? false 
2026-06-13 02:45:24.655 DEBUG [http-nio-8086-exec-6] c.c.c.service.ChatSessionService - Session 0fe739eca83141d9ac26d844ba8d226a found in cache
2026-06-13 02:45:24.657 DEBUG [http-nio-8086-exec-6] c.c.c.service.ChatSessionService - Extended session 0fe739eca83141d9ac26d844ba8d226a
2026-06-13 02:45:25.331 DEBUG [http-nio-8086-exec-7] c.c.c.service.ChatSessionService - Session 105f38b13d9e495785061e29600283e6 found in cache
2026-06-13 02:45:25.334 DEBUG [http-nio-8086-exec-7] c.c.c.service.ChatSessionService - Extended session 105f38b13d9e495785061e29600283e6
2026-06-13 02:45:25.813 DEBUG [http-nio-8086-exec-3] c.c.c.service.ChatSessionService - Session 0fe739eca83141d9ac26d844ba8d226a found in cache
2026-06-13 02:45:25.814 DEBUG [http-nio-8086-exec-3] c.c.c.service.ChatSessionService - Extended session 0fe739eca83141d9ac26d844ba8d226a
2026-06-13 02:45:30.846 DEBUG [DiscoveryClient-HeartbeatExecutor-0] c.netflix.discovery.DiscoveryClient - DiscoveryClient_CHATBOT-MICROSERVICE/chatbot-microservice:f7ea7abaac0af316d677d10b7c409315 - Heartbeat status: 200
2026-06-13 02:45:45.218 DEBUG [DiscoveryClient-CacheRefreshExecutor-0] c.netflix.discovery.DiscoveryClient - Got delta update with apps hashcode UP_6_
2026-06-13 02:45:45.218 DEBUG [DiscoveryClient-CacheRefreshExecutor-0] c.netflix.discovery.DiscoveryClient - The total number of instances fetched by the delta processor : 0
2026-06-13 02:45:45.218 DEBUG [DiscoveryClient-CacheRefreshExecutor-0] c.netflix.discovery.DiscoveryClient - The total number of all instances in the client now is 6
2026-06-13 02:45:45.218 DEBUG [DiscoveryClient-CacheRefreshExecutor-0] c.netflix.discovery.DiscoveryClient - Completed cache refresh task for discovery. All Apps hash code is Local region apps hashcode: UP_6_, is fetching remote regions? false 
2026-06-13 02:45:49.361 DEBUG [http-nio-8086-exec-4] c.c.c.service.ChatSessionService - Session 0fe739eca83141d9ac26d844ba8d226a found in cache
2026-06-13 02:45:49.361 DEBUG [http-nio-8086-exec-4] c.c.c.service.ChatSessionService - Extended session 0fe739eca83141d9ac26d844ba8d226a
2026-06-13 02:46:00.867 DEBUG [DiscoveryClient-HeartbeatExecutor-0] c.netflix.discovery.DiscoveryClient - DiscoveryClient_CHATBOT-MICROSERVICE/chatbot-microservice:f7ea7abaac0af316d677d10b7c409315 - Heartbeat status: 200
2026-06-13 02:46:14.363 DEBUG [http-nio-8086-exec-10] c.c.c.service.ChatSessionService - Session 0fe739eca83141d9ac26d844ba8d226a found in cache
2026-06-13 02:46:14.368 DEBUG [http-nio-8086-exec-10] c.c.c.service.ChatSessionService - Extended session 0fe739eca83141d9ac26d844ba8d226a
2026-06-13 02:46:15.245 DEBUG [DiscoveryClient-CacheRefreshExecutor-0] c.netflix.discovery.DiscoveryClient - Got delta update with apps hashcode UP_6_
2026-06-13 02:46:15.245 DEBUG [DiscoveryClient-CacheRefreshExecutor-0] c.netflix.discovery.DiscoveryClient - The total number of instances fetched by the delta processor : 0
2026-06-13 02:46:15.245 DEBUG [DiscoveryClient-CacheRefreshExecutor-0] c.netflix.discovery.DiscoveryClient - The total number of all instances in the client now is 6
2026-06-13 02:46:15.245 DEBUG [DiscoveryClient-CacheRefreshExecutor-0] c.netflix.discovery.DiscoveryClient - Completed cache refresh task for discovery. All Apps hash code is Local region apps hashcode: UP_6_, is fetching remote regions? false 
2026-06-13 02:46:24.277 INFO  [AsyncResolver-bootstrap-executor-0] c.n.d.s.r.aws.ConfigClusterResolver - Resolving eureka endpoints via configuration
2026-06-13 02:46:24.277 DEBUG [AsyncResolver-bootstrap-executor-0] c.n.discovery.endpoint.EndpointUtils - The availability zone for the given region us-east-1 are [defaultZone]
2026-06-13 02:46:24.277 DEBUG [AsyncResolver-bootstrap-executor-0] c.n.d.s.r.aws.ConfigClusterResolver - Config resolved to [AwsEndpoint{ serviceUrl='http://localhost:8761/eureka/', region='us-east-1', zone='defaultZone'}]
2026-06-13 02:46:24.277 DEBUG [AsyncResolver-bootstrap-executor-0] c.n.d.s.r.a.ZoneAffinityClusterResolver - Local zone=defaultZone; resolved to: [AwsEndpoint{ serviceUrl='http://localhost:8761/eureka/', region='us-east-1', zone='defaultZone'}]
2026-06-13 02:46:24.277 DEBUG [AsyncResolver-bootstrap-executor-0] c.n.d.shared.resolver.AsyncResolver - Resolved to [AwsEndpoint{ serviceUrl='http://localhost:8761/eureka/', region='us-east-1', zone='defaultZone'}]
2026-06-13 02:46:24.676 DEBUG [http-nio-8086-exec-8] c.c.c.service.ChatSessionService - Session 105f38b13d9e495785061e29600283e6 found in cache
2026-06-13 02:46:24.676 DEBUG [http-nio-8086-exec-8] c.c.c.service.ChatSessionService - Extended session 105f38b13d9e495785061e29600283e6
2026-06-13 02:46:26.392 DEBUG [http-nio-8086-exec-2] c.c.c.service.ChatSessionService - Session 0fe739eca83141d9ac26d844ba8d226a found in cache
2026-06-13 02:46:26.409 DEBUG [http-nio-8086-exec-2] c.c.c.service.ChatSessionService - Extended session 0fe739eca83141d9ac26d844ba8d226a
2026-06-13 02:46:30.897 DEBUG [DiscoveryClient-HeartbeatExecutor-0] c.netflix.discovery.DiscoveryClient - DiscoveryClient_CHATBOT-MICROSERVICE/chatbot-microservice:f7ea7abaac0af316d677d10b7c409315 - Heartbeat status: 200
2026-06-13 02:46:39.359 DEBUG [http-nio-8086-exec-7] c.c.c.service.ChatSessionService - Session 0fe739eca83141d9ac26d844ba8d226a found in cache
2026-06-13 02:46:39.359 DEBUG [http-nio-8086-exec-7] c.c.c.service.ChatSessionService - Extended session 0fe739eca83141d9ac26d844ba8d226a
2026-06-13 02:46:45.291 DEBUG [DiscoveryClient-CacheRefreshExecutor-0] c.netflix.discovery.DiscoveryClient - Got delta update with apps hashcode UP_6_
2026-06-13 02:46:45.291 DEBUG [DiscoveryClient-CacheRefreshExecutor-0] c.netflix.discovery.DiscoveryClient - The total number of instances fetched by the delta processor : 0
2026-06-13 02:46:45.291 DEBUG [DiscoveryClient-CacheRefreshExecutor-0] c.netflix.discovery.DiscoveryClient - The total number of all instances in the client now is 6
2026-06-13 02:46:45.291 DEBUG [DiscoveryClient-CacheRefreshExecutor-0] c.netflix.discovery.DiscoveryClient - Completed cache refresh task for discovery. All Apps hash code is Local region apps hashcode: UP_6_, is fetching remote regions? false 
2026-06-13 02:47:00.931 DEBUG [DiscoveryClient-HeartbeatExecutor-0] c.netflix.discovery.DiscoveryClient - DiscoveryClient_CHATBOT-MICROSERVICE/chatbot-microservice:f7ea7abaac0af316d677d10b7c409315 - Heartbeat status: 200
2026-06-13 02:47:04.360 DEBUG [http-nio-8086-exec-5] c.c.c.service.ChatSessionService - Session 0fe739eca83141d9ac26d844ba8d226a found in cache
2026-06-13 02:47:04.360 DEBUG [http-nio-8086-exec-5] c.c.c.service.ChatSessionService - Extended session 0fe739eca83141d9ac26d844ba8d226a
2026-06-13 02:47:15.324 DEBUG [DiscoveryClient-CacheRefreshExecutor-0] c.netflix.discovery.DiscoveryClient - Got delta update with apps hashcode UP_6_
2026-06-13 02:47:15.324 DEBUG [DiscoveryClient-CacheRefreshExecutor-0] c.netflix.discovery.DiscoveryClient - The total number of instances fetched by the delta processor : 0
2026-06-13 02:47:15.324 DEBUG [DiscoveryClient-CacheRefreshExecutor-0] c.netflix.discovery.DiscoveryClient - The total number of all instances in the client now is 6
2026-06-13 02:47:15.324 DEBUG [DiscoveryClient-CacheRefreshExecutor-0] c.netflix.discovery.DiscoveryClient - Completed cache refresh task for discovery. All Apps hash code is Local region apps hashcode: UP_6_, is fetching remote regions? false 
2026-06-13 02:47:23.292 DEBUG [http-nio-8086-exec-9] c.c.c.service.ChatSessionService - Session 0fe739eca83141d9ac26d844ba8d226a found in cache
2026-06-13 02:47:23.306 DEBUG [http-nio-8086-exec-9] c.c.c.service.ChatSessionService - Extended session 0fe739eca83141d9ac26d844ba8d226a
2026-06-13 02:47:29.357 DEBUG [http-nio-8086-exec-1] c.c.c.service.ChatSessionService - Session 0fe739eca83141d9ac26d844ba8d226a found in cache
2026-06-13 02:47:29.357 DEBUG [http-nio-8086-exec-1] c.c.c.service.ChatSessionService - Extended session 0fe739eca83141d9ac26d844ba8d226a
2026-06-13 02:47:30.950 DEBUG [DiscoveryClient-HeartbeatExecutor-0] c.netflix.discovery.DiscoveryClient - DiscoveryClient_CHATBOT-MICROSERVICE/chatbot-microservice:f7ea7abaac0af316d677d10b7c409315 - Heartbeat status: 200
2026-06-13 02:47:45.361 DEBUG [DiscoveryClient-CacheRefreshExecutor-0] c.netflix.discovery.DiscoveryClient - Got delta update with apps hashcode UP_6_
2026-06-13 02:47:45.361 DEBUG [DiscoveryClient-CacheRefreshExecutor-0] c.netflix.discovery.DiscoveryClient - The total number of instances fetched by the delta processor : 0
2026-06-13 02:47:45.361 DEBUG [DiscoveryClient-CacheRefreshExecutor-0] c.netflix.discovery.DiscoveryClient - The total number of all instances in the client now is 6
2026-06-13 02:47:45.361 DEBUG [DiscoveryClient-CacheRefreshExecutor-0] c.netflix.discovery.DiscoveryClient - Completed cache refresh task for discovery. All Apps hash code is Local region apps hashcode: UP_6_, is fetching remote regions? false 
2026-06-13 02:47:54.377 DEBUG [http-nio-8086-exec-2] c.c.c.service.ChatSessionService - Session 0fe739eca83141d9ac26d844ba8d226a found in cache
2026-06-13 02:47:54.379 DEBUG [http-nio-8086-exec-2] c.c.c.service.ChatSessionService - Extended session 0fe739eca83141d9ac26d844ba8d226a
2026-06-13 02:48:00.971 DEBUG [DiscoveryClient-HeartbeatExecutor-0] c.netflix.discovery.DiscoveryClient - DiscoveryClient_CHATBOT-MICROSERVICE/chatbot-microservice:f7ea7abaac0af316d677d10b7c409315 - Heartbeat status: 200
2026-06-13 02:48:15.394 DEBUG [DiscoveryClient-CacheRefreshExecutor-0] c.netflix.discovery.DiscoveryClient - Got delta update with apps hashcode UP_6_
2026-06-13 02:48:15.394 DEBUG [DiscoveryClient-CacheRefreshExecutor-0] c.netflix.discovery.DiscoveryClient - The total number of instances fetched by the delta processor : 0
2026-06-13 02:48:15.394 DEBUG [DiscoveryClient-CacheRefreshExecutor-0] c.netflix.discovery.DiscoveryClient - The total number of all instances in the client now is 6
2026-06-13 02:48:15.394 DEBUG [DiscoveryClient-CacheRefreshExecutor-0] c.netflix.discovery.DiscoveryClient - Completed cache refresh task for discovery. All Apps hash code is Local region apps hashcode: UP_6_, is fetching remote regions? false 
2026-06-13 02:48:19.366 DEBUG [http-nio-8086-exec-7] c.c.c.service.ChatSessionService - Session 0fe739eca83141d9ac26d844ba8d226a found in cache
2026-06-13 02:48:19.378 DEBUG [http-nio-8086-exec-7] c.c.c.service.ChatSessionService - Extended session 0fe739eca83141d9ac26d844ba8d226a
2026-06-13 02:48:23.876 DEBUG [http-nio-8086-exec-5] c.c.c.service.ChatSessionService - Session 0fe739eca83141d9ac26d844ba8d226a found in cache
2026-06-13 02:48:23.888 DEBUG [http-nio-8086-exec-5] c.c.c.service.ChatSessionService - Extended session 0fe739eca83141d9ac26d844ba8d226a
2026-06-13 02:48:31.005 DEBUG [DiscoveryClient-HeartbeatExecutor-0] c.netflix.discovery.DiscoveryClient - DiscoveryClient_CHATBOT-MICROSERVICE/chatbot-microservice:f7ea7abaac0af316d677d10b7c409315 - Heartbeat status: 200
2026-06-13 02:48:33.066 DEBUG [http-nio-8086-exec-9] c.c.c.service.ChatSessionService - Session 105f38b13d9e495785061e29600283e6 found in cache
2026-06-13 02:48:33.075 DEBUG [http-nio-8086-exec-9] c.c.c.service.ChatSessionService - Extended session 105f38b13d9e495785061e29600283e6
2026-06-13 02:48:36.436 DEBUG [http-nio-8086-exec-10] c.c.c.service.ChatSessionService - Session 105f38b13d9e495785061e29600283e6 found in cache
2026-06-13 02:48:36.436 DEBUG [http-nio-8086-exec-10] c.c.c.service.ChatSessionService - Extended session 105f38b13d9e495785061e29600283e6
2026-06-13 02:48:44.350 DEBUG [http-nio-8086-exec-8] c.c.c.service.ChatSessionService - Session 0fe739eca83141d9ac26d844ba8d226a found in cache
2026-06-13 02:48:44.357 DEBUG [http-nio-8086-exec-8] c.c.c.service.ChatSessionService - Extended session 0fe739eca83141d9ac26d844ba8d226a
2026-06-13 02:48:45.418 DEBUG [DiscoveryClient-CacheRefreshExecutor-0] c.netflix.discovery.DiscoveryClient - Got delta update with apps hashcode UP_6_
2026-06-13 02:48:45.418 DEBUG [DiscoveryClient-CacheRefreshExecutor-0] c.netflix.discovery.DiscoveryClient - The total number of instances fetched by the delta processor : 0
2026-06-13 02:48:45.418 DEBUG [DiscoveryClient-CacheRefreshExecutor-0] c.netflix.discovery.DiscoveryClient - The total number of all instances in the client now is 6
2026-06-13 02:48:45.424 DEBUG [DiscoveryClient-CacheRefreshExecutor-0] c.netflix.discovery.DiscoveryClient - Completed cache refresh task for discovery. All Apps hash code is Local region apps hashcode: UP_6_, is fetching remote regions? false 
2026-06-13 02:49:01.033 DEBUG [DiscoveryClient-HeartbeatExecutor-0] c.netflix.discovery.DiscoveryClient - DiscoveryClient_CHATBOT-MICROSERVICE/chatbot-microservice:f7ea7abaac0af316d677d10b7c409315 - Heartbeat status: 200
2026-06-13 02:49:09.367 DEBUG [http-nio-8086-exec-6] c.c.c.service.ChatSessionService - Session 0fe739eca83141d9ac26d844ba8d226a found in cache
2026-06-13 02:49:09.381 DEBUG [http-nio-8086-exec-6] c.c.c.service.ChatSessionService - Extended session 0fe739eca83141d9ac26d844ba8d226a
2026-06-13 02:49:15.447 DEBUG [DiscoveryClient-CacheRefreshExecutor-0] c.netflix.discovery.DiscoveryClient - Got delta update with apps hashcode UP_6_
2026-06-13 02:49:15.447 DEBUG [DiscoveryClient-CacheRefreshExecutor-0] c.netflix.discovery.DiscoveryClient - The total number of instances fetched by the delta processor : 0
2026-06-13 02:49:15.447 DEBUG [DiscoveryClient-CacheRefreshExecutor-0] c.netflix.discovery.DiscoveryClient - The total number of all instances in the client now is 6
2026-06-13 02:49:15.447 DEBUG [DiscoveryClient-CacheRefreshExecutor-0] c.netflix.discovery.DiscoveryClient - Completed cache refresh task for discovery. All Apps hash code is Local region apps hashcode: UP_6_, is fetching remote regions? false 
2026-06-13 02:49:23.886 DEBUG [http-nio-8086-exec-3] c.c.c.service.ChatSessionService - Session 0fe739eca83141d9ac26d844ba8d226a found in cache
2026-06-13 02:49:23.886 DEBUG [http-nio-8086-exec-3] c.c.c.service.ChatSessionService - Extended session 0fe739eca83141d9ac26d844ba8d226a
2026-06-13 02:49:31.068 DEBUG [DiscoveryClient-HeartbeatExecutor-0] c.netflix.discovery.DiscoveryClient - DiscoveryClient_CHATBOT-MICROSERVICE/chatbot-microservice:f7ea7abaac0af316d677d10b7c409315 - Heartbeat status: 200
2026-06-13 02:49:35.087 DEBUG [http-nio-8086-exec-4] c.c.c.service.ChatSessionService - Session 0fe739eca83141d9ac26d844ba8d226a found in cache
2026-06-13 02:49:35.089 DEBUG [http-nio-8086-exec-4] c.c.c.service.ChatSessionService - Extended session 0fe739eca83141d9ac26d844ba8d226a
2026-06-13 02:49:45.485 DEBUG [DiscoveryClient-CacheRefreshExecutor-0] c.netflix.discovery.DiscoveryClient - Got delta update with apps hashcode UP_6_
2026-06-13 02:49:45.485 DEBUG [DiscoveryClient-CacheRefreshExecutor-0] c.netflix.discovery.DiscoveryClient - The total number of instances fetched by the delta processor : 0
2026-06-13 02:49:45.485 DEBUG [DiscoveryClient-CacheRefreshExecutor-0] c.netflix.discovery.DiscoveryClient - The total number of all instances in the client now is 6
2026-06-13 02:49:45.485 DEBUG [DiscoveryClient-CacheRefreshExecutor-0] c.netflix.discovery.DiscoveryClient - Completed cache refresh task for discovery. All Apps hash code is Local region apps hashcode: UP_6_, is fetching remote regions? false 
2026-06-13 02:50:00.069 DEBUG [http-nio-8086-exec-10] c.c.c.service.ChatSessionService - Session 0fe739eca83141d9ac26d844ba8d226a found in cache
2026-06-13 02:50:00.069 DEBUG [http-nio-8086-exec-10] c.c.c.service.ChatSessionService - Extended session 0fe739eca83141d9ac26d844ba8d226a
2026-06-13 02:50:01.103 DEBUG [DiscoveryClient-HeartbeatExecutor-0] c.netflix.discovery.DiscoveryClient - DiscoveryClient_CHATBOT-MICROSERVICE/chatbot-microservice:f7ea7abaac0af316d677d10b7c409315 - Heartbeat status: 200
2026-06-13 02:50:15.533 DEBUG [DiscoveryClient-CacheRefreshExecutor-0] c.netflix.discovery.DiscoveryClient - Got delta update with apps hashcode UP_6_
2026-06-13 02:50:15.533 DEBUG [DiscoveryClient-CacheRefreshExecutor-0] c.netflix.discovery.DiscoveryClient - The total number of instances fetched by the delta processor : 0
2026-06-13 02:50:15.533 DEBUG [DiscoveryClient-CacheRefreshExecutor-0] c.netflix.discovery.DiscoveryClient - The total number of all instances in the client now is 6
2026-06-13 02:50:15.533 DEBUG [DiscoveryClient-CacheRefreshExecutor-0] c.netflix.discovery.DiscoveryClient - Completed cache refresh task for discovery. All Apps hash code is Local region apps hashcode: UP_6_, is fetching remote regions? false 
2026-06-13 02:50:23.303 DEBUG [http-nio-8086-exec-8] c.c.c.service.ChatSessionService - Session 0fe739eca83141d9ac26d844ba8d226a found in cache
2026-06-13 02:50:23.303 DEBUG [http-nio-8086-exec-8] c.c.c.service.ChatSessionService - Extended session 0fe739eca83141d9ac26d844ba8d226a
2026-06-13 02:50:25.055 DEBUG [http-nio-8086-exec-6] c.c.c.service.ChatSessionService - Session 0fe739eca83141d9ac26d844ba8d226a found in cache
2026-06-13 02:50:25.055 DEBUG [http-nio-8086-exec-6] c.c.c.service.ChatSessionService - Extended session 0fe739eca83141d9ac26d844ba8d226a
2026-06-13 02:50:31.140 DEBUG [DiscoveryClient-HeartbeatExecutor-0] c.netflix.discovery.DiscoveryClient - DiscoveryClient_CHATBOT-MICROSERVICE/chatbot-microservice:f7ea7abaac0af316d677d10b7c409315 - Heartbeat status: 200
2026-06-13 02:50:45.558 DEBUG [DiscoveryClient-CacheRefreshExecutor-0] c.netflix.discovery.DiscoveryClient - Got delta update with apps hashcode UP_6_
2026-06-13 02:50:45.558 DEBUG [DiscoveryClient-CacheRefreshExecutor-0] c.netflix.discovery.DiscoveryClient - The total number of instances fetched by the delta processor : 0
2026-06-13 02:50:45.559 DEBUG [DiscoveryClient-CacheRefreshExecutor-0] c.netflix.discovery.DiscoveryClient - The total number of all instances in the client now is 6
2026-06-13 02:50:45.559 DEBUG [DiscoveryClient-CacheRefreshExecutor-0] c.netflix.discovery.DiscoveryClient - Completed cache refresh task for discovery. All Apps hash code is Local region apps hashcode: UP_6_, is fetching remote regions? false 
2026-06-13 02:51:01.169 DEBUG [DiscoveryClient-HeartbeatExecutor-0] c.netflix.discovery.DiscoveryClient - DiscoveryClient_CHATBOT-MICROSERVICE/chatbot-microservice:f7ea7abaac0af316d677d10b7c409315 - Heartbeat status: 200
2026-06-13 02:51:15.602 DEBUG [DiscoveryClient-CacheRefreshExecutor-0] c.netflix.discovery.DiscoveryClient - Got delta update with apps hashcode UP_6_
2026-06-13 02:51:15.602 DEBUG [DiscoveryClient-CacheRefreshExecutor-0] c.netflix.discovery.DiscoveryClient - The total number of instances fetched by the delta processor : 0
2026-06-13 02:51:15.602 DEBUG [DiscoveryClient-CacheRefreshExecutor-0] c.netflix.discovery.DiscoveryClient - The total number of all instances in the client now is 6
2026-06-13 02:51:15.602 DEBUG [DiscoveryClient-CacheRefreshExecutor-0] c.netflix.discovery.DiscoveryClient - Completed cache refresh task for discovery. All Apps hash code is Local region apps hashcode: UP_6_, is fetching remote regions? false 
2026-06-13 02:51:23.069 DEBUG [http-nio-8086-exec-3] c.c.c.service.ChatSessionService - Session 0fe739eca83141d9ac26d844ba8d226a found in cache
2026-06-13 02:51:23.069 DEBUG [http-nio-8086-exec-3] c.c.c.service.ChatSessionService - Extended session 0fe739eca83141d9ac26d844ba8d226a
2026-06-13 02:51:23.085 DEBUG [http-nio-8086-exec-5] c.c.c.service.ChatSessionService - Session 105f38b13d9e495785061e29600283e6 found in cache
2026-06-13 02:51:23.085 DEBUG [http-nio-8086-exec-5] c.c.c.service.ChatSessionService - Extended session 105f38b13d9e495785061e29600283e6
2026-06-13 02:51:23.897 DEBUG [http-nio-8086-exec-4] c.c.c.service.ChatSessionService - Session 0fe739eca83141d9ac26d844ba8d226a found in cache
2026-06-13 02:51:23.897 DEBUG [http-nio-8086-exec-4] c.c.c.service.ChatSessionService - Extended session 0fe739eca83141d9ac26d844ba8d226a
2026-06-13 02:51:24.297 INFO  [AsyncResolver-bootstrap-executor-0] c.n.d.s.r.aws.ConfigClusterResolver - Resolving eureka endpoints via configuration
2026-06-13 02:51:24.297 DEBUG [AsyncResolver-bootstrap-executor-0] c.n.discovery.endpoint.EndpointUtils - The availability zone for the given region us-east-1 are [defaultZone]
2026-06-13 02:51:24.297 DEBUG [AsyncResolver-bootstrap-executor-0] c.n.d.s.r.aws.ConfigClusterResolver - Config resolved to [AwsEndpoint{ serviceUrl='http://localhost:8761/eureka/', region='us-east-1', zone='defaultZone'}]
2026-06-13 02:51:24.297 DEBUG [AsyncResolver-bootstrap-executor-0] c.n.d.s.r.a.ZoneAffinityClusterResolver - Local zone=defaultZone; resolved to: [AwsEndpoint{ serviceUrl='http://localhost:8761/eureka/', region='us-east-1', zone='defaultZone'}]
2026-06-13 02:51:24.297 DEBUG [AsyncResolver-bootstrap-executor-0] c.n.d.shared.resolver.AsyncResolver - Resolved to [AwsEndpoint{ serviceUrl='http://localhost:8761/eureka/', region='us-east-1', zone='defaultZone'}]
2026-06-13 02:51:31.203 DEBUG [DiscoveryClient-HeartbeatExecutor-0] c.netflix.discovery.DiscoveryClient - DiscoveryClient_CHATBOT-MICROSERVICE/chatbot-microservice:f7ea7abaac0af316d677d10b7c409315 - Heartbeat status: 200
2026-06-13 02:51:45.642 DEBUG [DiscoveryClient-CacheRefreshExecutor-0] c.netflix.discovery.DiscoveryClient - Got delta update with apps hashcode UP_6_
2026-06-13 02:51:45.642 DEBUG [DiscoveryClient-CacheRefreshExecutor-0] c.netflix.discovery.DiscoveryClient - The total number of instances fetched by the delta processor : 0
2026-06-13 02:51:45.642 DEBUG [DiscoveryClient-CacheRefreshExecutor-0] c.netflix.discovery.DiscoveryClient - The total number of all instances in the client now is 6
2026-06-13 02:51:45.642 DEBUG [DiscoveryClient-CacheRefreshExecutor-0] c.netflix.discovery.DiscoveryClient - Completed cache refresh task for discovery. All Apps hash code is Local region apps hashcode: UP_6_, is fetching remote regions? false 
2026-06-13 02:52:01.243 DEBUG [DiscoveryClient-HeartbeatExecutor-0] c.netflix.discovery.DiscoveryClient - DiscoveryClient_CHATBOT-MICROSERVICE/chatbot-microservice:f7ea7abaac0af316d677d10b7c409315 - Heartbeat status: 200
2026-06-13 02:52:15.673 DEBUG [DiscoveryClient-CacheRefreshExecutor-0] c.netflix.discovery.DiscoveryClient - Got delta update with apps hashcode UP_6_
2026-06-13 02:52:15.673 DEBUG [DiscoveryClient-CacheRefreshExecutor-0] c.netflix.discovery.DiscoveryClient - The total number of instances fetched by the delta processor : 0
2026-06-13 02:52:15.673 DEBUG [DiscoveryClient-CacheRefreshExecutor-0] c.netflix.discovery.DiscoveryClient - The total number of all instances in the client now is 6
2026-06-13 02:52:15.673 DEBUG [DiscoveryClient-CacheRefreshExecutor-0] c.netflix.discovery.DiscoveryClient - Completed cache refresh task for discovery. All Apps hash code is Local region apps hashcode: UP_6_, is fetching remote regions? false 
2026-06-13 02:52:17.024 INFO  [MessageBroker-4] o.s.w.s.c.WebSocketMessageBrokerStats - WebSocketSession[0 current WS(0)-HttpStream(0)-HttpPoll(0), 0 total, 0 closed abnormally (0 connect failure, 0 send limit, 0 transport error)], stompSubProtocol[processed CONNECT(0)-CONNECTED(0)-DISCONNECT(0)], stompBrokerRelay[null], inboundChannel[pool size = 0, active threads = 0, queued tasks = 0, completed tasks = 0], outboundChannel[pool size = 0, active threads = 0, queued tasks = 0, completed tasks = 0], sockJsScheduler[pool size = 12, active threads = 1, queued tasks = 1, completed tasks = 41]
2026-06-13 02:52:24.289 DEBUG [http-nio-8086-exec-1] c.c.c.service.ChatSessionService - Session 105f38b13d9e495785061e29600283e6 found in cache
2026-06-13 02:52:24.289 DEBUG [http-nio-8086-exec-1] c.c.c.service.ChatSessionService - Extended session 105f38b13d9e495785061e29600283e6
2026-06-13 02:52:24.353 DEBUG [http-nio-8086-exec-8] c.c.c.service.ChatSessionService - Session 0fe739eca83141d9ac26d844ba8d226a found in cache
2026-06-13 02:52:24.353 DEBUG [http-nio-8086-exec-8] c.c.c.service.ChatSessionService - Extended session 0fe739eca83141d9ac26d844ba8d226a
2026-06-13 02:52:24.687 DEBUG [http-nio-8086-exec-2] c.c.c.service.ChatSessionService - Session 0fe739eca83141d9ac26d844ba8d226a found in cache
2026-06-13 02:52:24.687 DEBUG [http-nio-8086-exec-2] c.c.c.service.ChatSessionService - Extended session 0fe739eca83141d9ac26d844ba8d226a
2026-06-13 02:52:31.275 DEBUG [DiscoveryClient-HeartbeatExecutor-0] c.netflix.discovery.DiscoveryClient - DiscoveryClient_CHATBOT-MICROSERVICE/chatbot-microservice:f7ea7abaac0af316d677d10b7c409315 - Heartbeat status: 200
2026-06-13 02:52:45.725 DEBUG [DiscoveryClient-CacheRefreshExecutor-0] c.netflix.discovery.DiscoveryClient - Got delta update with apps hashcode UP_6_
2026-06-13 02:52:45.725 DEBUG [DiscoveryClient-CacheRefreshExecutor-0] c.netflix.discovery.DiscoveryClient - The total number of instances fetched by the delta processor : 0
2026-06-13 02:52:45.725 DEBUG [DiscoveryClient-CacheRefreshExecutor-0] c.netflix.discovery.DiscoveryClient - The total number of all instances in the client now is 6
2026-06-13 02:52:45.725 DEBUG [DiscoveryClient-CacheRefreshExecutor-0] c.netflix.discovery.DiscoveryClient - Completed cache refresh task for discovery. All Apps hash code is Local region apps hashcode: UP_6_, is fetching remote regions? false 
2026-06-13 02:53:01.306 DEBUG [DiscoveryClient-HeartbeatExecutor-0] c.netflix.discovery.DiscoveryClient - DiscoveryClient_CHATBOT-MICROSERVICE/chatbot-microservice:f7ea7abaac0af316d677d10b7c409315 - Heartbeat status: 200
2026-06-13 02:53:15.750 DEBUG [DiscoveryClient-CacheRefreshExecutor-0] c.netflix.discovery.DiscoveryClient - Got delta update with apps hashcode UP_6_
2026-06-13 02:53:15.750 DEBUG [DiscoveryClient-CacheRefreshExecutor-0] c.netflix.discovery.DiscoveryClient - The total number of instances fetched by the delta processor : 0
2026-06-13 02:53:15.750 DEBUG [DiscoveryClient-CacheRefreshExecutor-0] c.netflix.discovery.DiscoveryClient - The total number of all instances in the client now is 6
2026-06-13 02:53:15.750 DEBUG [DiscoveryClient-CacheRefreshExecutor-0] c.netflix.discovery.DiscoveryClient - Completed cache refresh task for discovery. All Apps hash code is Local region apps hashcode: UP_6_, is fetching remote regions? false 
2026-06-13 02:53:23.283 DEBUG [http-nio-8086-exec-7] c.c.c.service.ChatSessionService - Session 0fe739eca83141d9ac26d844ba8d226a found in cache
2026-06-13 02:53:23.283 DEBUG [http-nio-8086-exec-7] c.c.c.service.ChatSessionService - Extended session 0fe739eca83141d9ac26d844ba8d226a
2026-06-13 02:53:23.620 DEBUG [http-nio-8086-exec-3] c.c.c.service.ChatSessionService - Session 0fe739eca83141d9ac26d844ba8d226a found in cache
2026-06-13 02:53:23.620 DEBUG [http-nio-8086-exec-3] c.c.c.service.ChatSessionService - Extended session 0fe739eca83141d9ac26d844ba8d226a
2026-06-13 02:53:31.327 DEBUG [DiscoveryClient-HeartbeatExecutor-0] c.netflix.discovery.DiscoveryClient - DiscoveryClient_CHATBOT-MICROSERVICE/chatbot-microservice:f7ea7abaac0af316d677d10b7c409315 - Heartbeat status: 200
2026-06-13 02:53:45.792 DEBUG [DiscoveryClient-CacheRefreshExecutor-0] c.netflix.discovery.DiscoveryClient - Got delta update with apps hashcode UP_6_
2026-06-13 02:53:45.792 DEBUG [DiscoveryClient-CacheRefreshExecutor-0] c.netflix.discovery.DiscoveryClient - The total number of instances fetched by the delta processor : 0
2026-06-13 02:53:45.792 DEBUG [DiscoveryClient-CacheRefreshExecutor-0] c.netflix.discovery.DiscoveryClient - The total number of all instances in the client now is 6
2026-06-13 02:53:45.792 DEBUG [DiscoveryClient-CacheRefreshExecutor-0] c.netflix.discovery.DiscoveryClient - Completed cache refresh task for discovery. All Apps hash code is Local region apps hashcode: UP_6_, is fetching remote regions? false 
2026-06-13 02:54:01.354 DEBUG [DiscoveryClient-HeartbeatExecutor-0] c.netflix.discovery.DiscoveryClient - DiscoveryClient_CHATBOT-MICROSERVICE/chatbot-microservice:f7ea7abaac0af316d677d10b7c409315 - Heartbeat status: 200
2026-06-13 02:54:15.818 DEBUG [DiscoveryClient-CacheRefreshExecutor-0] c.netflix.discovery.DiscoveryClient - Got delta update with apps hashcode UP_6_
2026-06-13 02:54:15.818 DEBUG [DiscoveryClient-CacheRefreshExecutor-0] c.netflix.discovery.DiscoveryClient - The total number of instances fetched by the delta processor : 0
2026-06-13 02:54:15.818 DEBUG [DiscoveryClient-CacheRefreshExecutor-0] c.netflix.discovery.DiscoveryClient - The total number of all instances in the client now is 6
2026-06-13 02:54:15.818 DEBUG [DiscoveryClient-CacheRefreshExecutor-0] c.netflix.discovery.DiscoveryClient - Completed cache refresh task for discovery. All Apps hash code is Local region apps hashcode: UP_6_, is fetching remote regions? false 
2026-06-13 02:54:23.491 DEBUG [http-nio-8086-exec-4] c.c.c.service.ChatSessionService - Session 0fe739eca83141d9ac26d844ba8d226a found in cache
2026-06-13 02:54:23.491 DEBUG [http-nio-8086-exec-4] c.c.c.service.ChatSessionService - Extended session 0fe739eca83141d9ac26d844ba8d226a
2026-06-13 02:54:23.834 DEBUG [http-nio-8086-exec-10] c.c.c.service.ChatSessionService - Session 0fe739eca83141d9ac26d844ba8d226a found in cache
2026-06-13 02:54:23.834 DEBUG [http-nio-8086-exec-10] c.c.c.service.ChatSessionService - Extended session 0fe739eca83141d9ac26d844ba8d226a
2026-06-13 02:54:31.394 DEBUG [DiscoveryClient-HeartbeatExecutor-0] c.netflix.discovery.DiscoveryClient - DiscoveryClient_CHATBOT-MICROSERVICE/chatbot-microservice:f7ea7abaac0af316d677d10b7c409315 - Heartbeat status: 200
2026-06-13 02:54:45.850 DEBUG [DiscoveryClient-CacheRefreshExecutor-0] c.netflix.discovery.DiscoveryClient - Got delta update with apps hashcode UP_6_
2026-06-13 02:54:45.850 DEBUG [DiscoveryClient-CacheRefreshExecutor-0] c.netflix.discovery.DiscoveryClient - The total number of instances fetched by the delta processor : 0
2026-06-13 02:54:45.850 DEBUG [DiscoveryClient-CacheRefreshExecutor-0] c.netflix.discovery.DiscoveryClient - The total number of all instances in the client now is 6
2026-06-13 02:54:45.850 DEBUG [DiscoveryClient-CacheRefreshExecutor-0] c.netflix.discovery.DiscoveryClient - Completed cache refresh task for discovery. All Apps hash code is Local region apps hashcode: UP_6_, is fetching remote regions? false 
2026-06-13 02:55:01.426 DEBUG [DiscoveryClient-HeartbeatExecutor-0] c.netflix.discovery.DiscoveryClient - DiscoveryClient_CHATBOT-MICROSERVICE/chatbot-microservice:f7ea7abaac0af316d677d10b7c409315 - Heartbeat status: 200
2026-06-13 02:55:15.886 DEBUG [DiscoveryClient-CacheRefreshExecutor-0] c.netflix.discovery.DiscoveryClient - Got delta update with apps hashcode UP_6_
2026-06-13 02:55:15.886 DEBUG [DiscoveryClient-CacheRefreshExecutor-0] c.netflix.discovery.DiscoveryClient - The total number of instances fetched by the delta processor : 0
2026-06-13 02:55:15.886 DEBUG [DiscoveryClient-CacheRefreshExecutor-0] c.netflix.discovery.DiscoveryClient - The total number of all instances in the client now is 6
2026-06-13 02:55:15.886 DEBUG [DiscoveryClient-CacheRefreshExecutor-0] c.netflix.discovery.DiscoveryClient - Completed cache refresh task for discovery. All Apps hash code is Local region apps hashcode: UP_6_, is fetching remote regions? false 
2026-06-13 02:55:23.655 DEBUG [http-nio-8086-exec-1] c.c.c.service.ChatSessionService - Session 0fe739eca83141d9ac26d844ba8d226a found in cache
2026-06-13 02:55:23.655 DEBUG [http-nio-8086-exec-1] c.c.c.service.ChatSessionService - Extended session 0fe739eca83141d9ac26d844ba8d226a
2026-06-13 02:55:24.037 DEBUG [http-nio-8086-exec-8] c.c.c.service.ChatSessionService - Session 0fe739eca83141d9ac26d844ba8d226a found in cache
2026-06-13 02:55:24.052 DEBUG [http-nio-8086-exec-8] c.c.c.service.ChatSessionService - Extended session 0fe739eca83141d9ac26d844ba8d226a
2026-06-13 02:55:31.451 DEBUG [DiscoveryClient-HeartbeatExecutor-0] c.netflix.discovery.DiscoveryClient - DiscoveryClient_CHATBOT-MICROSERVICE/chatbot-microservice:f7ea7abaac0af316d677d10b7c409315 - Heartbeat status: 200
2026-06-13 02:55:34.092 DEBUG [http-nio-8086-exec-6] c.c.c.service.ChatSessionService - Session 105f38b13d9e495785061e29600283e6 found in cache
2026-06-13 02:55:34.116 DEBUG [http-nio-8086-exec-7] c.c.c.service.ChatSessionService - Session 0fe739eca83141d9ac26d844ba8d226a found in cache
2026-06-13 02:55:34.729 DEBUG [http-nio-8086-exec-3] c.c.c.service.ChatSessionService - Session 0fe739eca83141d9ac26d844ba8d226a found in cache
2026-06-13 02:55:34.906 DEBUG [http-nio-8086-exec-5] c.c.c.service.ChatSessionService - Session 105f38b13d9e495785061e29600283e6 found in cache
2026-06-13 02:55:35.695 DEBUG [http-nio-8086-exec-4] c.c.c.service.ChatSessionService - Session 0fe739eca83141d9ac26d844ba8d226a found in cache
2026-06-13 02:55:35.790 DEBUG [http-nio-8086-exec-10] c.c.c.service.ChatSessionService - Session 0fe739eca83141d9ac26d844ba8d226a found in cache
2026-06-13 02:55:43.218 DEBUG [http-nio-8086-exec-8] c.c.c.service.ChatSessionService - Session 0fe739eca83141d9ac26d844ba8d226a found in cache
2026-06-13 02:55:43.381 DEBUG [http-nio-8086-exec-2] c.c.c.service.ChatSessionService - Session 0fe739eca83141d9ac26d844ba8d226a found in cache
2026-06-13 02:55:45.923 DEBUG [DiscoveryClient-CacheRefreshExecutor-0] c.netflix.discovery.DiscoveryClient - Got delta update with apps hashcode UP_6_
2026-06-13 02:55:45.923 DEBUG [DiscoveryClient-CacheRefreshExecutor-0] c.netflix.discovery.DiscoveryClient - The total number of instances fetched by the delta processor : 0
2026-06-13 02:55:45.923 DEBUG [DiscoveryClient-CacheRefreshExecutor-0] c.netflix.discovery.DiscoveryClient - The total number of all instances in the client now is 6
2026-06-13 02:55:45.923 DEBUG [DiscoveryClient-CacheRefreshExecutor-0] c.netflix.discovery.DiscoveryClient - Completed cache refresh task for discovery. All Apps hash code is Local region apps hashcode: UP_6_, is fetching remote regions? false 
2026-06-13 02:55:46.866 DEBUG [http-nio-8086-exec-7] c.c.c.service.ChatSessionService - Session 0fe739eca83141d9ac26d844ba8d226a found in cache
2026-06-13 02:55:46.893 DEBUG [http-nio-8086-exec-7] c.c.c.service.ChatSessionService - Updated context for session 0fe739eca83141d9ac26d844ba8d226a
2026-06-13 02:55:48.748 DEBUG [http-nio-8086-exec-6] c.c.c.service.ChatSessionService - Session 0fe739eca83141d9ac26d844ba8d226a found in cache
2026-06-13 02:55:48.926 DEBUG [http-nio-8086-exec-3] c.c.c.service.ChatSessionService - Session 0fe739eca83141d9ac26d844ba8d226a found in cache
2026-06-13 02:55:49.622 DEBUG [http-nio-8086-exec-5] c.c.c.service.ChatSessionService - Session 0fe739eca83141d9ac26d844ba8d226a found in cache
2026-06-13 02:55:49.626 DEBUG [http-nio-8086-exec-5] c.c.c.service.ChatSessionService - Updated context for session 0fe739eca83141d9ac26d844ba8d226a
2026-06-13 02:56:01.488 DEBUG [DiscoveryClient-HeartbeatExecutor-0] c.netflix.discovery.DiscoveryClient - DiscoveryClient_CHATBOT-MICROSERVICE/chatbot-microservice:f7ea7abaac0af316d677d10b7c409315 - Heartbeat status: 200
2026-06-13 02:56:09.183 DEBUG [http-nio-8086-exec-10] c.c.c.service.ChatSessionService - Session 0fe739eca83141d9ac26d844ba8d226a found in cache
2026-06-13 02:56:09.185 DEBUG [http-nio-8086-exec-10] c.c.c.service.ChatSessionService - Extended session 0fe739eca83141d9ac26d844ba8d226a
2026-06-13 02:56:14.491 DEBUG [http-nio-8086-exec-1] c.c.c.service.ChatSessionService - Session 0fe739eca83141d9ac26d844ba8d226a found in cache
2026-06-13 02:56:14.493 DEBUG [http-nio-8086-exec-1] c.c.c.service.ChatSessionService - Extended session 0fe739eca83141d9ac26d844ba8d226a
2026-06-13 02:56:15.958 DEBUG [DiscoveryClient-CacheRefreshExecutor-0] c.netflix.discovery.DiscoveryClient - Got delta update with apps hashcode UP_6_
2026-06-13 02:56:15.958 DEBUG [DiscoveryClient-CacheRefreshExecutor-0] c.netflix.discovery.DiscoveryClient - The total number of instances fetched by the delta processor : 0
2026-06-13 02:56:15.958 DEBUG [DiscoveryClient-CacheRefreshExecutor-0] c.netflix.discovery.DiscoveryClient - The total number of all instances in the client now is 6
2026-06-13 02:56:15.958 DEBUG [DiscoveryClient-CacheRefreshExecutor-0] c.netflix.discovery.DiscoveryClient - Completed cache refresh task for discovery. All Apps hash code is Local region apps hashcode: UP_6_, is fetching remote regions? false 
2026-06-13 02:56:24.858 INFO  [AsyncResolver-bootstrap-executor-0] c.n.d.s.r.aws.ConfigClusterResolver - Resolving eureka endpoints via configuration
2026-06-13 02:56:24.859 DEBUG [AsyncResolver-bootstrap-executor-0] c.n.discovery.endpoint.EndpointUtils - The availability zone for the given region us-east-1 are [defaultZone]
2026-06-13 02:56:24.859 DEBUG [AsyncResolver-bootstrap-executor-0] c.n.d.s.r.aws.ConfigClusterResolver - Config resolved to [AwsEndpoint{ serviceUrl='http://localhost:8761/eureka/', region='us-east-1', zone='defaultZone'}]
2026-06-13 02:56:24.859 DEBUG [AsyncResolver-bootstrap-executor-0] c.n.d.s.r.a.ZoneAffinityClusterResolver - Local zone=defaultZone; resolved to: [AwsEndpoint{ serviceUrl='http://localhost:8761/eureka/', region='us-east-1', zone='defaultZone'}]
2026-06-13 02:56:24.859 DEBUG [AsyncResolver-bootstrap-executor-0] c.n.d.shared.resolver.AsyncResolver - Resolved to [AwsEndpoint{ serviceUrl='http://localhost:8761/eureka/', region='us-east-1', zone='defaultZone'}]
2026-06-13 02:56:31.524 DEBUG [DiscoveryClient-HeartbeatExecutor-0] c.netflix.discovery.DiscoveryClient - DiscoveryClient_CHATBOT-MICROSERVICE/chatbot-microservice:f7ea7abaac0af316d677d10b7c409315 - Heartbeat status: 200
2026-06-13 02:56:33.388 DEBUG [http-nio-8086-exec-2] c.c.c.service.ChatSessionService - Session 0fe739eca83141d9ac26d844ba8d226a found in cache
2026-06-13 02:56:33.390 DEBUG [http-nio-8086-exec-2] c.c.c.service.ChatSessionService - Extended session 0fe739eca83141d9ac26d844ba8d226a
2026-06-13 02:56:45.975 DEBUG [DiscoveryClient-CacheRefreshExecutor-0] c.netflix.discovery.DiscoveryClient - Got delta update with apps hashcode UP_6_
2026-06-13 02:56:45.975 DEBUG [DiscoveryClient-CacheRefreshExecutor-0] c.netflix.discovery.DiscoveryClient - The total number of instances fetched by the delta processor : 0
2026-06-13 02:56:45.975 DEBUG [DiscoveryClient-CacheRefreshExecutor-0] c.netflix.discovery.DiscoveryClient - The total number of all instances in the client now is 6
2026-06-13 02:56:45.975 DEBUG [DiscoveryClient-CacheRefreshExecutor-0] c.netflix.discovery.DiscoveryClient - Completed cache refresh task for discovery. All Apps hash code is Local region apps hashcode: UP_6_, is fetching remote regions? false 
2026-06-13 02:56:46.402 DEBUG [http-nio-8086-exec-6] c.c.c.service.ChatSessionService - Session 0fe739eca83141d9ac26d844ba8d226a found in cache
2026-06-13 02:56:46.403 DEBUG [http-nio-8086-exec-6] c.c.c.service.ChatSessionService - Extended session 0fe739eca83141d9ac26d844ba8d226a
2026-06-13 02:56:58.436 DEBUG [http-nio-8086-exec-5] c.c.c.service.ChatSessionService - Session 0fe739eca83141d9ac26d844ba8d226a found in cache
2026-06-13 02:56:58.440 DEBUG [http-nio-8086-exec-5] c.c.c.service.ChatSessionService - Extended session 0fe739eca83141d9ac26d844ba8d226a
2026-06-13 02:57:01.547 DEBUG [DiscoveryClient-HeartbeatExecutor-0] c.netflix.discovery.DiscoveryClient - DiscoveryClient_CHATBOT-MICROSERVICE/chatbot-microservice:f7ea7abaac0af316d677d10b7c409315 - Heartbeat status: 200
2026-06-13 02:57:04.100 DEBUG [http-nio-8086-exec-10] c.c.c.service.ChatSessionService - Session 0fe739eca83141d9ac26d844ba8d226a found in cache
2026-06-13 02:57:04.101 DEBUG [http-nio-8086-exec-10] c.c.c.service.ChatSessionService - Extended session 0fe739eca83141d9ac26d844ba8d226a
2026-06-13 02:57:16.001 DEBUG [DiscoveryClient-CacheRefreshExecutor-0] c.netflix.discovery.DiscoveryClient - Got delta update with apps hashcode UP_6_
2026-06-13 02:57:16.001 DEBUG [DiscoveryClient-CacheRefreshExecutor-0] c.netflix.discovery.DiscoveryClient - The total number of instances fetched by the delta processor : 0
2026-06-13 02:57:16.001 DEBUG [DiscoveryClient-CacheRefreshExecutor-0] c.netflix.discovery.DiscoveryClient - The total number of all instances in the client now is 6
2026-06-13 02:57:16.001 DEBUG [DiscoveryClient-CacheRefreshExecutor-0] c.netflix.discovery.DiscoveryClient - Completed cache refresh task for discovery. All Apps hash code is Local region apps hashcode: UP_6_, is fetching remote regions? false 
2026-06-13 02:57:23.401 DEBUG [http-nio-8086-exec-1] c.c.c.service.ChatSessionService - Session 0fe739eca83141d9ac26d844ba8d226a found in cache
2026-06-13 02:57:23.401 DEBUG [http-nio-8086-exec-1] c.c.c.service.ChatSessionService - Extended session 0fe739eca83141d9ac26d844ba8d226a
2026-06-13 02:57:31.858 DEBUG [DiscoveryClient-HeartbeatExecutor-0] c.netflix.discovery.DiscoveryClient - DiscoveryClient_CHATBOT-MICROSERVICE/chatbot-microservice:f7ea7abaac0af316d677d10b7c409315 - Heartbeat status: 200
2026-06-13 02:57:32.485 DEBUG [http-nio-8086-exec-2] c.c.c.service.ChatSessionService - Session 0fe739eca83141d9ac26d844ba8d226a found in cache
2026-06-13 02:57:32.487 DEBUG [http-nio-8086-exec-2] c.c.c.service.ChatSessionService - Extended session 0fe739eca83141d9ac26d844ba8d226a
2026-06-13 02:57:46.013 DEBUG [DiscoveryClient-CacheRefreshExecutor-0] c.n.d.s.t.d.SessionedEurekaHttpClient - Ending a session and starting anew
2026-06-13 02:57:46.953 DEBUG [DiscoveryClient-CacheRefreshExecutor-0] c.n.d.s.t.d.RedirectingEurekaHttpClient - Pinning to endpoint null
2026-06-13 02:57:46.954 DEBUG [DiscoveryClient-CacheRefreshExecutor-0] c.netflix.discovery.DiscoveryClient - Got delta update with apps hashcode UP_6_
2026-06-13 02:57:46.954 DEBUG [DiscoveryClient-CacheRefreshExecutor-0] c.netflix.discovery.DiscoveryClient - The total number of instances fetched by the delta processor : 0
2026-06-13 02:57:46.954 DEBUG [DiscoveryClient-CacheRefreshExecutor-0] c.netflix.discovery.DiscoveryClient - The total number of all instances in the client now is 6
2026-06-13 02:57:46.954 DEBUG [DiscoveryClient-CacheRefreshExecutor-0] c.netflix.discovery.DiscoveryClient - Completed cache refresh task for discovery. All Apps hash code is Local region apps hashcode: UP_6_, is fetching remote regions? false 
2026-06-13 02:57:48.405 DEBUG [http-nio-8086-exec-6] c.c.c.service.ChatSessionService - Session 0fe739eca83141d9ac26d844ba8d226a found in cache
2026-06-13 02:57:48.407 DEBUG [http-nio-8086-exec-6] c.c.c.service.ChatSessionService - Extended session 0fe739eca83141d9ac26d844ba8d226a
2026-06-13 02:58:01.458 DEBUG [http-nio-8086-exec-5] c.c.c.service.ChatSessionService - Session 0fe739eca83141d9ac26d844ba8d226a found in cache
2026-06-13 02:58:01.462 DEBUG [http-nio-8086-exec-5] c.c.c.service.ChatSessionService - Extended session 0fe739eca83141d9ac26d844ba8d226a
2026-06-13 02:58:01.929 DEBUG [DiscoveryClient-HeartbeatExecutor-0] c.netflix.discovery.DiscoveryClient - DiscoveryClient_CHATBOT-MICROSERVICE/chatbot-microservice:f7ea7abaac0af316d677d10b7c409315 - Heartbeat status: 200
2026-06-13 02:58:14.104 DEBUG [http-nio-8086-exec-10] c.c.c.service.ChatSessionService - Session 0fe739eca83141d9ac26d844ba8d226a found in cache
2026-06-13 02:58:14.105 DEBUG [http-nio-8086-exec-10] c.c.c.service.ChatSessionService - Extended session 0fe739eca83141d9ac26d844ba8d226a
2026-06-13 02:58:16.979 DEBUG [DiscoveryClient-CacheRefreshExecutor-0] c.netflix.discovery.DiscoveryClient - Got delta update with apps hashcode UP_6_
2026-06-13 02:58:16.979 DEBUG [DiscoveryClient-CacheRefreshExecutor-0] c.netflix.discovery.DiscoveryClient - The total number of instances fetched by the delta processor : 0
2026-06-13 02:58:16.979 DEBUG [DiscoveryClient-CacheRefreshExecutor-0] c.netflix.discovery.DiscoveryClient - The total number of all instances in the client now is 6
2026-06-13 02:58:16.979 DEBUG [DiscoveryClient-CacheRefreshExecutor-0] c.netflix.discovery.DiscoveryClient - Completed cache refresh task for discovery. All Apps hash code is Local region apps hashcode: UP_6_, is fetching remote regions? false 
2026-06-13 02:58:19.103 DEBUG [http-nio-8086-exec-9] c.c.c.service.ChatSessionService - Session 0fe739eca83141d9ac26d844ba8d226a found in cache
2026-06-13 02:58:19.104 DEBUG [http-nio-8086-exec-9] c.c.c.service.ChatSessionService - Extended session 0fe739eca83141d9ac26d844ba8d226a
2026-06-13 02:58:31.958 DEBUG [DiscoveryClient-HeartbeatExecutor-0] c.netflix.discovery.DiscoveryClient - DiscoveryClient_CHATBOT-MICROSERVICE/chatbot-microservice:f7ea7abaac0af316d677d10b7c409315 - Heartbeat status: 200
2026-06-13 02:58:42.435 DEBUG [http-nio-8086-exec-8] c.c.c.service.ChatSessionService - Session 0fe739eca83141d9ac26d844ba8d226a found in cache
2026-06-13 02:58:42.435 DEBUG [http-nio-8086-exec-8] c.c.c.service.ChatSessionService - Extended session 0fe739eca83141d9ac26d844ba8d226a
2026-06-13 02:58:47.012 DEBUG [DiscoveryClient-CacheRefreshExecutor-0] c.netflix.discovery.DiscoveryClient - Got delta update with apps hashcode UP_6_
2026-06-13 02:58:47.012 DEBUG [DiscoveryClient-CacheRefreshExecutor-0] c.netflix.discovery.DiscoveryClient - The total number of instances fetched by the delta processor : 0
2026-06-13 02:58:47.014 DEBUG [DiscoveryClient-CacheRefreshExecutor-0] c.netflix.discovery.DiscoveryClient - The total number of all instances in the client now is 6
2026-06-13 02:58:47.014 DEBUG [DiscoveryClient-CacheRefreshExecutor-0] c.netflix.discovery.DiscoveryClient - Completed cache refresh task for discovery. All Apps hash code is Local region apps hashcode: UP_6_, is fetching remote regions? false 
2026-06-13 02:58:59.203 DEBUG [http-nio-8086-exec-7] c.c.c.service.ChatSessionService - Session 105f38b13d9e495785061e29600283e6 found in cache
2026-06-13 02:58:59.631 DEBUG [http-nio-8086-exec-6] c.c.c.service.ChatSessionService - Session 105f38b13d9e495785061e29600283e6 found in cache
2026-06-13 02:59:02.390 DEBUG [DiscoveryClient-HeartbeatExecutor-0] c.netflix.discovery.DiscoveryClient - DiscoveryClient_CHATBOT-MICROSERVICE/chatbot-microservice:f7ea7abaac0af316d677d10b7c409315 - Heartbeat status: 200
2026-06-13 02:59:04.103 DEBUG [http-nio-8086-exec-3] c.c.c.service.ChatSessionService - Session 0fe739eca83141d9ac26d844ba8d226a found in cache
2026-06-13 02:59:04.105 DEBUG [http-nio-8086-exec-3] c.c.c.service.ChatSessionService - Extended session 0fe739eca83141d9ac26d844ba8d226a
2026-06-13 02:59:17.051 DEBUG [DiscoveryClient-CacheRefreshExecutor-0] c.netflix.discovery.DiscoveryClient - Got delta update with apps hashcode UP_6_
2026-06-13 02:59:17.051 DEBUG [DiscoveryClient-CacheRefreshExecutor-0] c.netflix.discovery.DiscoveryClient - The total number of instances fetched by the delta processor : 0
2026-06-13 02:59:17.051 DEBUG [DiscoveryClient-CacheRefreshExecutor-0] c.netflix.discovery.DiscoveryClient - The total number of all instances in the client now is 6
2026-06-13 02:59:17.051 DEBUG [DiscoveryClient-CacheRefreshExecutor-0] c.netflix.discovery.DiscoveryClient - Completed cache refresh task for discovery. All Apps hash code is Local region apps hashcode: UP_6_, is fetching remote regions? false 
2026-06-13 02:59:23.317 DEBUG [http-nio-8086-exec-4] c.c.c.service.ChatSessionService - Session 0fe739eca83141d9ac26d844ba8d226a found in cache
2026-06-13 02:59:23.322 DEBUG [http-nio-8086-exec-4] c.c.c.service.ChatSessionService - Extended session 0fe739eca83141d9ac26d844ba8d226a
2026-06-13 02:59:29.108 DEBUG [http-nio-8086-exec-9] c.c.c.service.ChatSessionService - Session 0fe739eca83141d9ac26d844ba8d226a found in cache
2026-06-13 02:59:29.110 DEBUG [http-nio-8086-exec-9] c.c.c.service.ChatSessionService - Extended session 0fe739eca83141d9ac26d844ba8d226a
2026-06-13 02:59:32.328 DEBUG [http-nio-8086-exec-8] c.c.c.service.ChatSessionService - Session 105f38b13d9e495785061e29600283e6 found in cache
2026-06-13 02:59:32.330 DEBUG [http-nio-8086-exec-8] c.c.c.service.ChatSessionService - Extended session 105f38b13d9e495785061e29600283e6
2026-06-13 02:59:32.420 DEBUG [DiscoveryClient-HeartbeatExecutor-0] c.netflix.discovery.DiscoveryClient - DiscoveryClient_CHATBOT-MICROSERVICE/chatbot-microservice:f7ea7abaac0af316d677d10b7c409315 - Heartbeat status: 200
2026-06-13 02:59:47.078 DEBUG [DiscoveryClient-CacheRefreshExecutor-0] c.netflix.discovery.DiscoveryClient - Got delta update with apps hashcode UP_6_
2026-06-13 02:59:47.078 DEBUG [DiscoveryClient-CacheRefreshExecutor-0] c.netflix.discovery.DiscoveryClient - The total number of instances fetched by the delta processor : 0
2026-06-13 02:59:47.078 DEBUG [DiscoveryClient-CacheRefreshExecutor-0] c.netflix.discovery.DiscoveryClient - The total number of all instances in the client now is 6
2026-06-13 02:59:47.078 DEBUG [DiscoveryClient-CacheRefreshExecutor-0] c.netflix.discovery.DiscoveryClient - Completed cache refresh task for discovery. All Apps hash code is Local region apps hashcode: UP_6_, is fetching remote regions? false 
2026-06-13 02:59:50.119 DEBUG [http-nio-8086-exec-7] c.c.c.service.ChatSessionService - Session 105f38b13d9e495785061e29600283e6 found in cache
2026-06-13 02:59:50.119 DEBUG [http-nio-8086-exec-7] c.c.c.service.ChatSessionService - Extended session 105f38b13d9e495785061e29600283e6
2026-06-13 03:00:02.447 DEBUG [DiscoveryClient-HeartbeatExecutor-0] c.netflix.discovery.DiscoveryClient - DiscoveryClient_CHATBOT-MICROSERVICE/chatbot-microservice:f7ea7abaac0af316d677d10b7c409315 - Heartbeat status: 200
2026-06-13 03:00:15.125 DEBUG [http-nio-8086-exec-3] c.c.c.service.ChatSessionService - Session 105f38b13d9e495785061e29600283e6 found in cache
2026-06-13 03:00:15.125 DEBUG [http-nio-8086-exec-3] c.c.c.service.ChatSessionService - Extended session 105f38b13d9e495785061e29600283e6
2026-06-13 03:00:17.091 DEBUG [DiscoveryClient-CacheRefreshExecutor-0] c.netflix.discovery.DiscoveryClient - Got delta update with apps hashcode UP_6_
2026-06-13 03:00:17.091 DEBUG [DiscoveryClient-CacheRefreshExecutor-0] c.netflix.discovery.DiscoveryClient - The total number of instances fetched by the delta processor : 0
2026-06-13 03:00:17.091 DEBUG [DiscoveryClient-CacheRefreshExecutor-0] c.netflix.discovery.DiscoveryClient - The total number of all instances in the client now is 6
2026-06-13 03:00:17.091 DEBUG [DiscoveryClient-CacheRefreshExecutor-0] c.netflix.discovery.DiscoveryClient - Completed cache refresh task for discovery. All Apps hash code is Local region apps hashcode: UP_6_, is fetching remote regions? false 
2026-06-13 03:00:23.118 DEBUG [http-nio-8086-exec-4] c.c.c.service.ChatSessionService - Session 0fe739eca83141d9ac26d844ba8d226a found in cache
2026-06-13 03:00:23.139 DEBUG [http-nio-8086-exec-4] c.c.c.service.ChatSessionService - Extended session 0fe739eca83141d9ac26d844ba8d226a
2026-06-13 03:00:23.315 DEBUG [http-nio-8086-exec-10] c.c.c.service.ChatSessionService - Session 0fe739eca83141d9ac26d844ba8d226a found in cache
2026-06-13 03:00:23.319 DEBUG [http-nio-8086-exec-10] c.c.c.service.ChatSessionService - Extended session 0fe739eca83141d9ac26d844ba8d226a
2026-06-13 03:00:32.490 DEBUG [DiscoveryClient-HeartbeatExecutor-0] c.netflix.discovery.DiscoveryClient - DiscoveryClient_CHATBOT-MICROSERVICE/chatbot-microservice:f7ea7abaac0af316d677d10b7c409315 - Heartbeat status: 200
2026-06-13 03:00:42.083 DEBUG [http-nio-8086-exec-1] c.c.c.service.ChatSessionService - Session 105f38b13d9e495785061e29600283e6 found in cache
2026-06-13 03:00:42.083 DEBUG [http-nio-8086-exec-1] c.c.c.service.ChatSessionService - Extended session 105f38b13d9e495785061e29600283e6
2026-06-13 03:00:47.121 DEBUG [DiscoveryClient-CacheRefreshExecutor-0] c.netflix.discovery.DiscoveryClient - Got delta update with apps hashcode UP_6_
2026-06-13 03:00:47.121 DEBUG [DiscoveryClient-CacheRefreshExecutor-0] c.netflix.discovery.DiscoveryClient - The total number of instances fetched by the delta processor : 0
2026-06-13 03:00:47.121 DEBUG [DiscoveryClient-CacheRefreshExecutor-0] c.netflix.discovery.DiscoveryClient - The total number of all instances in the client now is 6
2026-06-13 03:00:47.121 DEBUG [DiscoveryClient-CacheRefreshExecutor-0] c.netflix.discovery.DiscoveryClient - Completed cache refresh task for discovery. All Apps hash code is Local region apps hashcode: UP_6_, is fetching remote regions? false 
2026-06-13 03:00:49.316 DEBUG [http-nio-8086-exec-2] c.c.c.service.ChatSessionService - Session 0fe739eca83141d9ac26d844ba8d226a found in cache
2026-06-13 03:00:49.516 DEBUG [http-nio-8086-exec-7] c.c.c.service.ChatSessionService - Session 0fe739eca83141d9ac26d844ba8d226a found in cache
2026-06-13 03:00:49.959 DEBUG [http-nio-8086-exec-6] c.c.c.service.ChatSessionService - Session 105f38b13d9e495785061e29600283e6 found in cache
2026-06-13 03:00:52.491 DEBUG [http-nio-8086-exec-5] c.c.c.service.ChatSessionService - Session 0fe739eca83141d9ac26d844ba8d226a found in cache
2026-06-13 03:00:52.497 DEBUG [http-nio-8086-exec-3] c.c.c.service.ChatSessionService - Session 105f38b13d9e495785061e29600283e6 found in cache
2026-06-13 03:00:52.724 DEBUG [http-nio-8086-exec-4] c.c.c.service.ChatSessionService - Session 0fe739eca83141d9ac26d844ba8d226a found in cache
2026-06-13 03:00:54.957 DEBUG [http-nio-8086-exec-10] c.c.c.service.ChatSessionService - Session 0fe739eca83141d9ac26d844ba8d226a found in cache
2026-06-13 03:00:54.981 DEBUG [http-nio-8086-exec-10] c.c.c.service.ChatSessionService - Updated context for session 0fe739eca83141d9ac26d844ba8d226a
2026-06-13 03:01:02.522 DEBUG [DiscoveryClient-HeartbeatExecutor-0] c.netflix.discovery.DiscoveryClient - DiscoveryClient_CHATBOT-MICROSERVICE/chatbot-microservice:f7ea7abaac0af316d677d10b7c409315 - Heartbeat status: 200
2026-06-13 03:01:14.522 DEBUG [http-nio-8086-exec-8] c.c.c.service.ChatSessionService - Session 0fe739eca83141d9ac26d844ba8d226a found in cache
2026-06-13 03:01:14.522 DEBUG [http-nio-8086-exec-8] c.c.c.service.ChatSessionService - Extended session 0fe739eca83141d9ac26d844ba8d226a
2026-06-13 03:01:17.159 DEBUG [DiscoveryClient-CacheRefreshExecutor-0] c.netflix.discovery.DiscoveryClient - Got delta update with apps hashcode UP_6_
2026-06-13 03:01:17.159 DEBUG [DiscoveryClient-CacheRefreshExecutor-0] c.netflix.discovery.DiscoveryClient - The total number of instances fetched by the delta processor : 0
2026-06-13 03:01:17.161 DEBUG [DiscoveryClient-CacheRefreshExecutor-0] c.netflix.discovery.DiscoveryClient - The total number of all instances in the client now is 6
2026-06-13 03:01:17.161 DEBUG [DiscoveryClient-CacheRefreshExecutor-0] c.netflix.discovery.DiscoveryClient - Completed cache refresh task for discovery. All Apps hash code is Local region apps hashcode: UP_6_, is fetching remote regions? false 
2026-06-13 03:01:18.122 DEBUG [http-nio-8086-exec-2] c.c.c.service.ChatSessionService - Session 105f38b13d9e495785061e29600283e6 found in cache
2026-06-13 03:01:18.123 DEBUG [http-nio-8086-exec-2] c.c.c.service.ChatSessionService - Extended session 105f38b13d9e495785061e29600283e6
2026-06-13 03:01:18.256 DEBUG [http-nio-8086-exec-7] c.c.c.service.ChatSessionService - Session 0fe739eca83141d9ac26d844ba8d226a found in cache
2026-06-13 03:01:18.258 DEBUG [http-nio-8086-exec-7] c.c.c.service.ChatSessionService - Extended session 0fe739eca83141d9ac26d844ba8d226a
2026-06-13 03:01:24.894 INFO  [AsyncResolver-bootstrap-executor-0] c.n.d.s.r.aws.ConfigClusterResolver - Resolving eureka endpoints via configuration
2026-06-13 03:01:24.894 DEBUG [AsyncResolver-bootstrap-executor-0] c.n.discovery.endpoint.EndpointUtils - The availability zone for the given region us-east-1 are [defaultZone]
2026-06-13 03:01:24.906 DEBUG [AsyncResolver-bootstrap-executor-0] c.n.d.s.r.aws.ConfigClusterResolver - Config resolved to [AwsEndpoint{ serviceUrl='http://localhost:8761/eureka/', region='us-east-1', zone='defaultZone'}]
2026-06-13 03:01:24.906 DEBUG [AsyncResolver-bootstrap-executor-0] c.n.d.s.r.a.ZoneAffinityClusterResolver - Local zone=defaultZone; resolved to: [AwsEndpoint{ serviceUrl='http://localhost:8761/eureka/', region='us-east-1', zone='defaultZone'}]
2026-06-13 03:01:24.906 DEBUG [AsyncResolver-bootstrap-executor-0] c.n.d.shared.resolver.AsyncResolver - Resolved to [AwsEndpoint{ serviceUrl='http://localhost:8761/eureka/', region='us-east-1', zone='defaultZone'}]
2026-06-13 03:01:32.560 DEBUG [DiscoveryClient-HeartbeatExecutor-0] c.netflix.discovery.DiscoveryClient - DiscoveryClient_CHATBOT-MICROSERVICE/chatbot-microservice:f7ea7abaac0af316d677d10b7c409315 - Heartbeat status: 200
2026-06-13 03:01:39.523 DEBUG [http-nio-8086-exec-5] c.c.c.service.ChatSessionService - Session 0fe739eca83141d9ac26d844ba8d226a found in cache
2026-06-13 03:01:39.524 DEBUG [http-nio-8086-exec-5] c.c.c.service.ChatSessionService - Extended session 0fe739eca83141d9ac26d844ba8d226a
2026-06-13 03:01:44.457 DEBUG [http-nio-8086-exec-3] c.c.c.service.ChatSessionService - Session 105f38b13d9e495785061e29600283e6 found in cache
2026-06-13 03:01:44.457 DEBUG [http-nio-8086-exec-3] c.c.c.service.ChatSessionService - Extended session 105f38b13d9e495785061e29600283e6
2026-06-13 03:01:44.773 DEBUG [http-nio-8086-exec-4] c.c.c.service.ChatSessionService - Session 0fe739eca83141d9ac26d844ba8d226a found in cache
2026-06-13 03:01:44.773 DEBUG [http-nio-8086-exec-4] c.c.c.service.ChatSessionService - Extended session 0fe739eca83141d9ac26d844ba8d226a
2026-06-13 03:01:47.191 DEBUG [DiscoveryClient-CacheRefreshExecutor-0] c.netflix.discovery.DiscoveryClient - Got delta update with apps hashcode UP_6_
2026-06-13 03:01:47.191 DEBUG [DiscoveryClient-CacheRefreshExecutor-0] c.netflix.discovery.DiscoveryClient - The total number of instances fetched by the delta processor : 0
2026-06-13 03:01:47.191 DEBUG [DiscoveryClient-CacheRefreshExecutor-0] c.netflix.discovery.DiscoveryClient - The total number of all instances in the client now is 6
2026-06-13 03:01:47.191 DEBUG [DiscoveryClient-CacheRefreshExecutor-0] c.netflix.discovery.DiscoveryClient - Completed cache refresh task for discovery. All Apps hash code is Local region apps hashcode: UP_6_, is fetching remote regions? false 
2026-06-13 03:02:02.590 DEBUG [DiscoveryClient-HeartbeatExecutor-0] c.netflix.discovery.DiscoveryClient - DiscoveryClient_CHATBOT-MICROSERVICE/chatbot-microservice:f7ea7abaac0af316d677d10b7c409315 - Heartbeat status: 200
2026-06-13 03:02:04.530 DEBUG [http-nio-8086-exec-9] c.c.c.service.ChatSessionService - Session 0fe739eca83141d9ac26d844ba8d226a found in cache
2026-06-13 03:02:04.532 DEBUG [http-nio-8086-exec-9] c.c.c.service.ChatSessionService - Extended session 0fe739eca83141d9ac26d844ba8d226a
2026-06-13 03:02:08.302 DEBUG [http-nio-8086-exec-1] c.c.c.service.ChatSessionService - Session 105f38b13d9e495785061e29600283e6 found in cache
2026-06-13 03:02:08.304 DEBUG [http-nio-8086-exec-1] c.c.c.service.ChatSessionService - Extended session 105f38b13d9e495785061e29600283e6
2026-06-13 03:02:15.867 DEBUG [http-nio-8086-exec-2] c.c.c.service.ChatSessionService - Session 0fe739eca83141d9ac26d844ba8d226a found in cache
2026-06-13 03:02:15.867 DEBUG [http-nio-8086-exec-2] c.c.c.service.ChatSessionService - Extended session 0fe739eca83141d9ac26d844ba8d226a
2026-06-13 03:02:17.226 DEBUG [DiscoveryClient-CacheRefreshExecutor-0] c.netflix.discovery.DiscoveryClient - Got delta update with apps hashcode UP_6_
2026-06-13 03:02:17.226 DEBUG [DiscoveryClient-CacheRefreshExecutor-0] c.netflix.discovery.DiscoveryClient - The total number of instances fetched by the delta processor : 0
2026-06-13 03:02:17.228 DEBUG [DiscoveryClient-CacheRefreshExecutor-0] c.netflix.discovery.DiscoveryClient - The total number of all instances in the client now is 6
2026-06-13 03:02:17.228 DEBUG [DiscoveryClient-CacheRefreshExecutor-0] c.netflix.discovery.DiscoveryClient - Completed cache refresh task for discovery. All Apps hash code is Local region apps hashcode: UP_6_, is fetching remote regions? false 
2026-06-13 03:02:29.529 DEBUG [http-nio-8086-exec-6] c.c.c.service.ChatSessionService - Session 0fe739eca83141d9ac26d844ba8d226a found in cache
2026-06-13 03:02:29.531 DEBUG [http-nio-8086-exec-6] c.c.c.service.ChatSessionService - Extended session 0fe739eca83141d9ac26d844ba8d226a
2026-06-13 03:02:32.601 DEBUG [DiscoveryClient-HeartbeatExecutor-0] c.netflix.discovery.DiscoveryClient - DiscoveryClient_CHATBOT-MICROSERVICE/chatbot-microservice:f7ea7abaac0af316d677d10b7c409315 - Heartbeat status: 200
2026-06-13 03:02:33.117 DEBUG [http-nio-8086-exec-5] c.c.c.service.ChatSessionService - Session 0fe739eca83141d9ac26d844ba8d226a found in cache
2026-06-13 03:02:33.119 DEBUG [http-nio-8086-exec-5] c.c.c.service.ChatSessionService - Extended session 0fe739eca83141d9ac26d844ba8d226a
2026-06-13 03:02:47.262 DEBUG [DiscoveryClient-CacheRefreshExecutor-0] c.netflix.discovery.DiscoveryClient - Got delta update with apps hashcode UP_6_
2026-06-13 03:02:47.262 DEBUG [DiscoveryClient-CacheRefreshExecutor-0] c.netflix.discovery.DiscoveryClient - The total number of instances fetched by the delta processor : 0
2026-06-13 03:02:47.262 DEBUG [DiscoveryClient-CacheRefreshExecutor-0] c.netflix.discovery.DiscoveryClient - The total number of all instances in the client now is 6
2026-06-13 03:02:47.263 DEBUG [DiscoveryClient-CacheRefreshExecutor-0] c.netflix.discovery.DiscoveryClient - Completed cache refresh task for discovery. All Apps hash code is Local region apps hashcode: UP_6_, is fetching remote regions? false 
2026-06-13 03:02:54.545 DEBUG [http-nio-8086-exec-4] c.c.c.service.ChatSessionService - Session 0fe739eca83141d9ac26d844ba8d226a found in cache
2026-06-13 03:02:54.547 DEBUG [http-nio-8086-exec-4] c.c.c.service.ChatSessionService - Extended session 0fe739eca83141d9ac26d844ba8d226a
2026-06-13 03:03:01.156 DEBUG [http-nio-8086-exec-9] c.c.c.service.ChatSessionService - Session 0fe739eca83141d9ac26d844ba8d226a found in cache
2026-06-13 03:03:01.158 DEBUG [http-nio-8086-exec-9] c.c.c.service.ChatSessionService - Extended session 0fe739eca83141d9ac26d844ba8d226a
2026-06-13 03:03:02.641 DEBUG [DiscoveryClient-HeartbeatExecutor-0] c.netflix.discovery.DiscoveryClient - DiscoveryClient_CHATBOT-MICROSERVICE/chatbot-microservice:f7ea7abaac0af316d677d10b7c409315 - Heartbeat status: 200
2026-06-13 03:03:17.292 DEBUG [DiscoveryClient-CacheRefreshExecutor-0] c.netflix.discovery.DiscoveryClient - Got delta update with apps hashcode UP_6_
2026-06-13 03:03:17.292 DEBUG [DiscoveryClient-CacheRefreshExecutor-0] c.netflix.discovery.DiscoveryClient - The total number of instances fetched by the delta processor : 0
2026-06-13 03:03:17.303 DEBUG [DiscoveryClient-CacheRefreshExecutor-0] c.netflix.discovery.DiscoveryClient - The total number of all instances in the client now is 6
2026-06-13 03:03:17.303 DEBUG [DiscoveryClient-CacheRefreshExecutor-0] c.netflix.discovery.DiscoveryClient - Completed cache refresh task for discovery. All Apps hash code is Local region apps hashcode: UP_6_, is fetching remote regions? false 
2026-06-13 03:03:19.576 DEBUG [http-nio-8086-exec-8] c.c.c.service.ChatSessionService - Session 0fe739eca83141d9ac26d844ba8d226a found in cache
2026-06-13 03:03:19.578 DEBUG [http-nio-8086-exec-8] c.c.c.service.ChatSessionService - Extended session 0fe739eca83141d9ac26d844ba8d226a
2026-06-13 03:03:23.281 DEBUG [http-nio-8086-exec-2] c.c.c.service.ChatSessionService - Session 0fe739eca83141d9ac26d844ba8d226a found in cache
2026-06-13 03:03:23.283 DEBUG [http-nio-8086-exec-2] c.c.c.service.ChatSessionService - Extended session 0fe739eca83141d9ac26d844ba8d226a
2026-06-13 03:03:33.630 DEBUG [DiscoveryClient-HeartbeatExecutor-0] c.netflix.discovery.DiscoveryClient - DiscoveryClient_CHATBOT-MICROSERVICE/chatbot-microservice:f7ea7abaac0af316d677d10b7c409315 - Heartbeat status: 200
2026-06-13 03:03:44.530 DEBUG [http-nio-8086-exec-6] c.c.c.service.ChatSessionService - Session 0fe739eca83141d9ac26d844ba8d226a found in cache
2026-06-13 03:03:44.530 DEBUG [http-nio-8086-exec-6] c.c.c.service.ChatSessionService - Extended session 0fe739eca83141d9ac26d844ba8d226a
2026-06-13 03:03:47.337 DEBUG [DiscoveryClient-CacheRefreshExecutor-0] c.netflix.discovery.DiscoveryClient - Got delta update with apps hashcode UP_6_
2026-06-13 03:03:47.337 DEBUG [DiscoveryClient-CacheRefreshExecutor-0] c.netflix.discovery.DiscoveryClient - The total number of instances fetched by the delta processor : 0
2026-06-13 03:03:47.337 DEBUG [DiscoveryClient-CacheRefreshExecutor-0] c.netflix.discovery.DiscoveryClient - The total number of all instances in the client now is 6
2026-06-13 03:03:47.337 DEBUG [DiscoveryClient-CacheRefreshExecutor-0] c.netflix.discovery.DiscoveryClient - Completed cache refresh task for discovery. All Apps hash code is Local region apps hashcode: UP_6_, is fetching remote regions? false 
2026-06-13 03:04:03.646 DEBUG [DiscoveryClient-HeartbeatExecutor-0] c.netflix.discovery.DiscoveryClient - DiscoveryClient_CHATBOT-MICROSERVICE/chatbot-microservice:f7ea7abaac0af316d677d10b7c409315 - Heartbeat status: 200
2026-06-13 03:04:10.135 DEBUG [http-nio-8086-exec-3] c.c.c.service.ChatSessionService - Session 0fe739eca83141d9ac26d844ba8d226a found in cache
2026-06-13 03:04:10.137 DEBUG [http-nio-8086-exec-3] c.c.c.service.ChatSessionService - Extended session 0fe739eca83141d9ac26d844ba8d226a
2026-06-13 03:04:17.372 DEBUG [DiscoveryClient-CacheRefreshExecutor-0] c.netflix.discovery.DiscoveryClient - Got delta update with apps hashcode UP_6_
2026-06-13 03:04:17.372 DEBUG [DiscoveryClient-CacheRefreshExecutor-0] c.netflix.discovery.DiscoveryClient - The total number of instances fetched by the delta processor : 0
2026-06-13 03:04:17.372 DEBUG [DiscoveryClient-CacheRefreshExecutor-0] c.netflix.discovery.DiscoveryClient - The total number of all instances in the client now is 6
2026-06-13 03:04:17.372 DEBUG [DiscoveryClient-CacheRefreshExecutor-0] c.netflix.discovery.DiscoveryClient - Completed cache refresh task for discovery. All Apps hash code is Local region apps hashcode: UP_6_, is fetching remote regions? false 
2026-06-13 03:04:23.332 DEBUG [http-nio-8086-exec-10] c.c.c.service.ChatSessionService - Session 0fe739eca83141d9ac26d844ba8d226a found in cache
2026-06-13 03:04:23.332 DEBUG [http-nio-8086-exec-10] c.c.c.service.ChatSessionService - Extended session 0fe739eca83141d9ac26d844ba8d226a
2026-06-13 03:04:33.697 DEBUG [DiscoveryClient-HeartbeatExecutor-0] c.netflix.discovery.DiscoveryClient - DiscoveryClient_CHATBOT-MICROSERVICE/chatbot-microservice:f7ea7abaac0af316d677d10b7c409315 - Heartbeat status: 200
2026-06-13 03:04:35.135 DEBUG [http-nio-8086-exec-1] c.c.c.service.ChatSessionService - Session 0fe739eca83141d9ac26d844ba8d226a found in cache
2026-06-13 03:04:35.136 DEBUG [http-nio-8086-exec-1] c.c.c.service.ChatSessionService - Extended session 0fe739eca83141d9ac26d844ba8d226a
2026-06-13 03:04:47.434 DEBUG [DiscoveryClient-CacheRefreshExecutor-0] c.netflix.discovery.DiscoveryClient - Got delta update with apps hashcode UP_6_
2026-06-13 03:04:47.434 DEBUG [DiscoveryClient-CacheRefreshExecutor-0] c.netflix.discovery.DiscoveryClient - The total number of instances fetched by the delta processor : 0
2026-06-13 03:04:47.434 DEBUG [DiscoveryClient-CacheRefreshExecutor-0] c.netflix.discovery.DiscoveryClient - The total number of all instances in the client now is 6
2026-06-13 03:04:47.435 DEBUG [DiscoveryClient-CacheRefreshExecutor-0] c.netflix.discovery.DiscoveryClient - Completed cache refresh task for discovery. All Apps hash code is Local region apps hashcode: UP_6_, is fetching remote regions? false 
2026-06-13 03:05:00.215 DEBUG [http-nio-8086-exec-2] c.c.c.service.ChatSessionService - Session 0fe739eca83141d9ac26d844ba8d226a found in cache
2026-06-13 03:05:00.215 DEBUG [http-nio-8086-exec-2] c.c.c.service.ChatSessionService - Extended session 0fe739eca83141d9ac26d844ba8d226a
2026-06-13 03:05:03.741 DEBUG [DiscoveryClient-HeartbeatExecutor-0] c.netflix.discovery.DiscoveryClient - DiscoveryClient_CHATBOT-MICROSERVICE/chatbot-microservice:f7ea7abaac0af316d677d10b7c409315 - Heartbeat status: 200
2026-06-13 03:05:17.475 DEBUG [DiscoveryClient-CacheRefreshExecutor-0] c.netflix.discovery.DiscoveryClient - Got delta update with apps hashcode UP_6_
2026-06-13 03:05:17.475 DEBUG [DiscoveryClient-CacheRefreshExecutor-0] c.netflix.discovery.DiscoveryClient - The total number of instances fetched by the delta processor : 0
2026-06-13 03:05:17.475 DEBUG [DiscoveryClient-CacheRefreshExecutor-0] c.netflix.discovery.DiscoveryClient - The total number of all instances in the client now is 6
2026-06-13 03:05:17.476 DEBUG [DiscoveryClient-CacheRefreshExecutor-0] c.netflix.discovery.DiscoveryClient - Completed cache refresh task for discovery. All Apps hash code is Local region apps hashcode: UP_6_, is fetching remote regions? false 
2026-06-13 03:05:23.327 DEBUG [http-nio-8086-exec-6] c.c.c.service.ChatSessionService - Session 0fe739eca83141d9ac26d844ba8d226a found in cache
2026-06-13 03:05:23.327 DEBUG [http-nio-8086-exec-6] c.c.c.service.ChatSessionService - Extended session 0fe739eca83141d9ac26d844ba8d226a
2026-06-13 03:05:33.766 DEBUG [DiscoveryClient-HeartbeatExecutor-0] c.netflix.discovery.DiscoveryClient - DiscoveryClient_CHATBOT-MICROSERVICE/chatbot-microservice:f7ea7abaac0af316d677d10b7c409315 - Heartbeat status: 200
2026-06-13 03:05:47.500 DEBUG [DiscoveryClient-CacheRefreshExecutor-0] c.netflix.discovery.DiscoveryClient - Got delta update with apps hashcode UP_6_
2026-06-13 03:05:47.500 DEBUG [DiscoveryClient-CacheRefreshExecutor-0] c.netflix.discovery.DiscoveryClient - The total number of instances fetched by the delta processor : 0
2026-06-13 03:05:47.500 DEBUG [DiscoveryClient-CacheRefreshExecutor-0] c.netflix.discovery.DiscoveryClient - The total number of all instances in the client now is 6
2026-06-13 03:05:47.500 DEBUG [DiscoveryClient-CacheRefreshExecutor-0] c.netflix.discovery.DiscoveryClient - Completed cache refresh task for discovery. All Apps hash code is Local region apps hashcode: UP_6_, is fetching remote regions? false 
2026-06-13 03:06:03.804 DEBUG [DiscoveryClient-HeartbeatExecutor-0] c.netflix.discovery.DiscoveryClient - DiscoveryClient_CHATBOT-MICROSERVICE/chatbot-microservice:f7ea7abaac0af316d677d10b7c409315 - Heartbeat status: 200
2026-06-13 03:06:17.538 DEBUG [DiscoveryClient-CacheRefreshExecutor-0] c.netflix.discovery.DiscoveryClient - Got delta update with apps hashcode UP_6_
2026-06-13 03:06:17.538 DEBUG [DiscoveryClient-CacheRefreshExecutor-0] c.netflix.discovery.DiscoveryClient - The total number of instances fetched by the delta processor : 0
2026-06-13 03:06:17.539 DEBUG [DiscoveryClient-CacheRefreshExecutor-0] c.netflix.discovery.DiscoveryClient - The total number of all instances in the client now is 6
2026-06-13 03:06:17.539 DEBUG [DiscoveryClient-CacheRefreshExecutor-0] c.netflix.discovery.DiscoveryClient - Completed cache refresh task for discovery. All Apps hash code is Local region apps hashcode: UP_6_, is fetching remote regions? false 
2026-06-13 03:06:23.172 DEBUG [http-nio-8086-exec-3] c.c.c.service.ChatSessionService - Session 0fe739eca83141d9ac26d844ba8d226a found in cache
2026-06-13 03:06:23.173 DEBUG [http-nio-8086-exec-3] c.c.c.service.ChatSessionService - Extended session 0fe739eca83141d9ac26d844ba8d226a
2026-06-13 03:06:23.323 DEBUG [http-nio-8086-exec-4] c.c.c.service.ChatSessionService - Session 0fe739eca83141d9ac26d844ba8d226a found in cache
2026-06-13 03:06:23.323 DEBUG [http-nio-8086-exec-4] c.c.c.service.ChatSessionService - Extended session 0fe739eca83141d9ac26d844ba8d226a
2026-06-13 03:06:24.957 INFO  [AsyncResolver-bootstrap-executor-0] c.n.d.s.r.aws.ConfigClusterResolver - Resolving eureka endpoints via configuration
2026-06-13 03:06:24.957 DEBUG [AsyncResolver-bootstrap-executor-0] c.n.discovery.endpoint.EndpointUtils - The availability zone for the given region us-east-1 are [defaultZone]
2026-06-13 03:06:24.957 DEBUG [AsyncResolver-bootstrap-executor-0] c.n.d.s.r.aws.ConfigClusterResolver - Config resolved to [AwsEndpoint{ serviceUrl='http://localhost:8761/eureka/', region='us-east-1', zone='defaultZone'}]
2026-06-13 03:06:24.970 DEBUG [AsyncResolver-bootstrap-executor-0] c.n.d.s.r.a.ZoneAffinityClusterResolver - Local zone=defaultZone; resolved to: [AwsEndpoint{ serviceUrl='http://localhost:8761/eureka/', region='us-east-1', zone='defaultZone'}]
2026-06-13 03:06:24.970 DEBUG [AsyncResolver-bootstrap-executor-0] c.n.d.shared.resolver.AsyncResolver - Resolved to [AwsEndpoint{ serviceUrl='http://localhost:8761/eureka/', region='us-east-1', zone='defaultZone'}]
2026-06-13 03:06:25.958 DEBUG [http-nio-8086-exec-10] c.c.c.service.ChatSessionService - Session 0fe739eca83141d9ac26d844ba8d226a found in cache
2026-06-13 03:06:26.084 DEBUG [http-nio-8086-exec-9] c.c.c.service.ChatSessionService - Session 0fe739eca83141d9ac26d844ba8d226a found in cache
2026-06-13 03:06:30.121 DEBUG [http-nio-8086-exec-1] c.c.c.service.ChatSessionService - Session 0fe739eca83141d9ac26d844ba8d226a found in cache
2026-06-13 03:06:31.302 DEBUG [http-nio-8086-exec-8] c.c.c.service.ChatSessionService - Session 0fe739eca83141d9ac26d844ba8d226a found in cache
2026-06-13 03:06:31.847 DEBUG [http-nio-8086-exec-2] c.c.c.service.ChatSessionService - Session 0fe739eca83141d9ac26d844ba8d226a found in cache
2026-06-13 03:06:31.875 DEBUG [http-nio-8086-exec-2] c.c.c.service.ChatSessionService - Updated context for session 0fe739eca83141d9ac26d844ba8d226a
2026-06-13 03:06:32.048 DEBUG [http-nio-8086-exec-7] c.c.c.service.ChatSessionService - Session 0fe739eca83141d9ac26d844ba8d226a found in cache
2026-06-13 03:06:32.048 DEBUG [http-nio-8086-exec-7] c.c.c.service.ChatSessionService - Updated context for session 0fe739eca83141d9ac26d844ba8d226a
2026-06-13 03:06:33.829 DEBUG [DiscoveryClient-HeartbeatExecutor-0] c.netflix.discovery.DiscoveryClient - DiscoveryClient_CHATBOT-MICROSERVICE/chatbot-microservice:f7ea7abaac0af316d677d10b7c409315 - Heartbeat status: 200
2026-06-13 03:06:47.572 DEBUG [DiscoveryClient-CacheRefreshExecutor-0] c.netflix.discovery.DiscoveryClient - Got delta update with apps hashcode UP_6_
2026-06-13 03:06:47.572 DEBUG [DiscoveryClient-CacheRefreshExecutor-0] c.netflix.discovery.DiscoveryClient - The total number of instances fetched by the delta processor : 0
2026-06-13 03:06:47.572 DEBUG [DiscoveryClient-CacheRefreshExecutor-0] c.netflix.discovery.DiscoveryClient - The total number of all instances in the client now is 6
2026-06-13 03:06:47.572 DEBUG [DiscoveryClient-CacheRefreshExecutor-0] c.netflix.discovery.DiscoveryClient - Completed cache refresh task for discovery. All Apps hash code is Local region apps hashcode: UP_6_, is fetching remote regions? false 
2026-06-13 03:06:51.297 DEBUG [http-nio-8086-exec-5] c.c.c.service.ChatSessionService - Session 0fe739eca83141d9ac26d844ba8d226a found in cache
2026-06-13 03:06:51.297 DEBUG [http-nio-8086-exec-5] c.c.c.service.ChatSessionService - Extended session 0fe739eca83141d9ac26d844ba8d226a
2026-06-13 03:06:56.240 DEBUG [http-nio-8086-exec-3] c.c.c.service.ChatSessionService - Session 0fe739eca83141d9ac26d844ba8d226a found in cache
2026-06-13 03:06:56.243 DEBUG [http-nio-8086-exec-3] c.c.c.service.ChatSessionService - Extended session 0fe739eca83141d9ac26d844ba8d226a
2026-06-13 03:07:03.863 DEBUG [DiscoveryClient-HeartbeatExecutor-0] c.netflix.discovery.DiscoveryClient - DiscoveryClient_CHATBOT-MICROSERVICE/chatbot-microservice:f7ea7abaac0af316d677d10b7c409315 - Heartbeat status: 200
2026-06-13 03:07:16.706 DEBUG [http-nio-8086-exec-10] c.c.c.service.ChatSessionService - Session 0fe739eca83141d9ac26d844ba8d226a found in cache
2026-06-13 03:07:16.757 DEBUG [http-nio-8086-exec-9] c.c.c.service.ChatSessionService - Session 0fe739eca83141d9ac26d844ba8d226a found in cache
2026-06-13 03:07:17.346 DEBUG [http-nio-8086-exec-1] c.c.c.service.ChatSessionService - Session 0fe739eca83141d9ac26d844ba8d226a found in cache
2026-06-13 03:07:17.352 DEBUG [http-nio-8086-exec-1] c.c.c.service.ChatSessionService - Updated context for session 0fe739eca83141d9ac26d844ba8d226a
2026-06-13 03:07:17.609 DEBUG [DiscoveryClient-CacheRefreshExecutor-0] c.netflix.discovery.DiscoveryClient - Got delta update with apps hashcode UP_6_
2026-06-13 03:07:17.609 DEBUG [DiscoveryClient-CacheRefreshExecutor-0] c.netflix.discovery.DiscoveryClient - The total number of instances fetched by the delta processor : 0
2026-06-13 03:07:17.609 DEBUG [DiscoveryClient-CacheRefreshExecutor-0] c.netflix.discovery.DiscoveryClient - The total number of all instances in the client now is 6
2026-06-13 03:07:17.609 DEBUG [DiscoveryClient-CacheRefreshExecutor-0] c.netflix.discovery.DiscoveryClient - Completed cache refresh task for discovery. All Apps hash code is Local region apps hashcode: UP_6_, is fetching remote regions? false 
2026-06-13 03:07:18.627 DEBUG [http-nio-8086-exec-8] c.c.c.service.ChatSessionService - Session 0fe739eca83141d9ac26d844ba8d226a found in cache
2026-06-13 03:07:18.757 DEBUG [http-nio-8086-exec-2] c.c.c.service.ChatSessionService - Session 0fe739eca83141d9ac26d844ba8d226a found in cache
2026-06-13 03:07:20.091 DEBUG [http-nio-8086-exec-7] c.c.c.service.ChatSessionService - Session 0fe739eca83141d9ac26d844ba8d226a found in cache
2026-06-13 03:07:20.092 DEBUG [http-nio-8086-exec-7] c.c.c.service.ChatSessionService - Updated context for session 0fe739eca83141d9ac26d844ba8d226a
2026-06-13 03:07:24.239 DEBUG [http-nio-8086-exec-6] c.c.c.service.ChatSessionService - Session 0fe739eca83141d9ac26d844ba8d226a found in cache
2026-06-13 03:07:24.242 DEBUG [http-nio-8086-exec-6] c.c.c.service.ChatSessionService - Updated context for session 0fe739eca83141d9ac26d844ba8d226a
2026-06-13 03:07:24.679 DEBUG [http-nio-8086-exec-5] c.c.c.service.ChatSessionService - Session 0fe739eca83141d9ac26d844ba8d226a found in cache
2026-06-13 03:07:24.680 DEBUG [http-nio-8086-exec-5] c.c.c.service.ChatSessionService - Updated context for session 0fe739eca83141d9ac26d844ba8d226a
2026-06-13 03:07:33.892 DEBUG [DiscoveryClient-HeartbeatExecutor-0] c.netflix.discovery.DiscoveryClient - DiscoveryClient_CHATBOT-MICROSERVICE/chatbot-microservice:f7ea7abaac0af316d677d10b7c409315 - Heartbeat status: 200
2026-06-13 03:07:41.758 DEBUG [http-nio-8086-exec-4] c.c.c.service.ChatSessionService - Session 0fe739eca83141d9ac26d844ba8d226a found in cache
2026-06-13 03:07:41.758 DEBUG [http-nio-8086-exec-4] c.c.c.service.ChatSessionService - Extended session 0fe739eca83141d9ac26d844ba8d226a
2026-06-13 03:07:46.141 DEBUG [http-nio-8086-exec-10] c.c.c.service.ChatSessionService - Session 0fe739eca83141d9ac26d844ba8d226a found in cache
2026-06-13 03:07:46.141 DEBUG [http-nio-8086-exec-10] c.c.c.service.ChatSessionService - Extended session 0fe739eca83141d9ac26d844ba8d226a
2026-06-13 03:07:47.646 DEBUG [DiscoveryClient-CacheRefreshExecutor-0] c.netflix.discovery.DiscoveryClient - Got delta update with apps hashcode UP_6_
2026-06-13 03:07:47.646 DEBUG [DiscoveryClient-CacheRefreshExecutor-0] c.netflix.discovery.DiscoveryClient - The total number of instances fetched by the delta processor : 0
2026-06-13 03:07:47.647 DEBUG [DiscoveryClient-CacheRefreshExecutor-0] c.netflix.discovery.DiscoveryClient - The total number of all instances in the client now is 6
2026-06-13 03:07:47.647 DEBUG [DiscoveryClient-CacheRefreshExecutor-0] c.netflix.discovery.DiscoveryClient - Completed cache refresh task for discovery. All Apps hash code is Local region apps hashcode: UP_6_, is fetching remote regions? false 
2026-06-13 03:08:03.925 DEBUG [DiscoveryClient-HeartbeatExecutor-0] c.netflix.discovery.DiscoveryClient - DiscoveryClient_CHATBOT-MICROSERVICE/chatbot-microservice:f7ea7abaac0af316d677d10b7c409315 - Heartbeat status: 200
2026-06-13 03:08:06.759 DEBUG [http-nio-8086-exec-1] c.c.c.service.ChatSessionService - Session 0fe739eca83141d9ac26d844ba8d226a found in cache
2026-06-13 03:08:06.759 DEBUG [http-nio-8086-exec-1] c.c.c.service.ChatSessionService - Extended session 0fe739eca83141d9ac26d844ba8d226a
2026-06-13 03:08:09.742 DEBUG [http-nio-8086-exec-8] c.c.c.service.ChatSessionService - Session 0fe739eca83141d9ac26d844ba8d226a found in cache
2026-06-13 03:08:09.742 DEBUG [http-nio-8086-exec-8] c.c.c.service.ChatSessionService - Extended session 0fe739eca83141d9ac26d844ba8d226a
2026-06-13 03:08:17.680 DEBUG [DiscoveryClient-CacheRefreshExecutor-0] c.netflix.discovery.DiscoveryClient - Got delta update with apps hashcode UP_6_
2026-06-13 03:08:17.680 DEBUG [DiscoveryClient-CacheRefreshExecutor-0] c.netflix.discovery.DiscoveryClient - The total number of instances fetched by the delta processor : 0
2026-06-13 03:08:17.680 DEBUG [DiscoveryClient-CacheRefreshExecutor-0] c.netflix.discovery.DiscoveryClient - The total number of all instances in the client now is 6
2026-06-13 03:08:17.680 DEBUG [DiscoveryClient-CacheRefreshExecutor-0] c.netflix.discovery.DiscoveryClient - Completed cache refresh task for discovery. All Apps hash code is Local region apps hashcode: UP_6_, is fetching remote regions? false 
2026-06-13 03:08:33.228 DEBUG [http-nio-8086-exec-7] c.c.c.service.ChatSessionService - Session 0fe739eca83141d9ac26d844ba8d226a found in cache
2026-06-13 03:08:33.228 DEBUG [http-nio-8086-exec-7] c.c.c.service.ChatSessionService - Extended session 0fe739eca83141d9ac26d844ba8d226a
2026-06-13 03:08:33.943 DEBUG [DiscoveryClient-HeartbeatExecutor-0] c.netflix.discovery.DiscoveryClient - DiscoveryClient_CHATBOT-MICROSERVICE/chatbot-microservice:f7ea7abaac0af316d677d10b7c409315 - Heartbeat status: 200
2026-06-13 03:08:40.541 DEBUG [http-nio-8086-exec-5] c.c.c.service.ChatSessionService - Session 0fe739eca83141d9ac26d844ba8d226a found in cache
2026-06-13 03:08:40.543 DEBUG [http-nio-8086-exec-5] c.c.c.service.ChatSessionService - Extended session 0fe739eca83141d9ac26d844ba8d226a
2026-06-13 03:08:47.697 DEBUG [DiscoveryClient-CacheRefreshExecutor-0] c.netflix.discovery.DiscoveryClient - Got delta update with apps hashcode UP_6_
2026-06-13 03:08:47.697 DEBUG [DiscoveryClient-CacheRefreshExecutor-0] c.netflix.discovery.DiscoveryClient - The total number of instances fetched by the delta processor : 0
2026-06-13 03:08:47.701 DEBUG [DiscoveryClient-CacheRefreshExecutor-0] c.netflix.discovery.DiscoveryClient - The total number of all instances in the client now is 6
2026-06-13 03:08:47.701 DEBUG [DiscoveryClient-CacheRefreshExecutor-0] c.netflix.discovery.DiscoveryClient - Completed cache refresh task for discovery. All Apps hash code is Local region apps hashcode: UP_6_, is fetching remote regions? false 
2026-06-13 03:08:56.756 DEBUG [http-nio-8086-exec-4] c.c.c.service.ChatSessionService - Session 0fe739eca83141d9ac26d844ba8d226a found in cache
2026-06-13 03:08:56.757 DEBUG [http-nio-8086-exec-4] c.c.c.service.ChatSessionService - Extended session 0fe739eca83141d9ac26d844ba8d226a
2026-06-13 03:09:04.437 DEBUG [DiscoveryClient-HeartbeatExecutor-0] c.netflix.discovery.DiscoveryClient - DiscoveryClient_CHATBOT-MICROSERVICE/chatbot-microservice:f7ea7abaac0af316d677d10b7c409315 - Heartbeat status: 200
2026-06-13 03:09:06.265 DEBUG [http-nio-8086-exec-9] c.c.c.service.ChatSessionService - Session 0fe739eca83141d9ac26d844ba8d226a found in cache
2026-06-13 03:09:06.267 DEBUG [http-nio-8086-exec-9] c.c.c.service.ChatSessionService - Extended session 0fe739eca83141d9ac26d844ba8d226a
2026-06-13 03:09:17.727 DEBUG [DiscoveryClient-CacheRefreshExecutor-0] c.netflix.discovery.DiscoveryClient - Got delta update with apps hashcode UP_6_
2026-06-13 03:09:17.727 DEBUG [DiscoveryClient-CacheRefreshExecutor-0] c.netflix.discovery.DiscoveryClient - The total number of instances fetched by the delta processor : 0
2026-06-13 03:09:17.727 DEBUG [DiscoveryClient-CacheRefreshExecutor-0] c.netflix.discovery.DiscoveryClient - The total number of all instances in the client now is 6
2026-06-13 03:09:17.727 DEBUG [DiscoveryClient-CacheRefreshExecutor-0] c.netflix.discovery.DiscoveryClient - Completed cache refresh task for discovery. All Apps hash code is Local region apps hashcode: UP_6_, is fetching remote regions? false 
2026-06-13 03:09:23.629 DEBUG [http-nio-8086-exec-8] c.c.c.service.ChatSessionService - Session 0fe739eca83141d9ac26d844ba8d226a found in cache
2026-06-13 03:09:23.631 DEBUG [http-nio-8086-exec-8] c.c.c.service.ChatSessionService - Extended session 0fe739eca83141d9ac26d844ba8d226a
2026-06-13 03:09:35.662 DEBUG [DiscoveryClient-HeartbeatExecutor-0] c.netflix.discovery.DiscoveryClient - DiscoveryClient_CHATBOT-MICROSERVICE/chatbot-microservice:f7ea7abaac0af316d677d10b7c409315 - Heartbeat status: 200
2026-06-13 03:09:40.195 DEBUG [http-nio-8086-exec-7] c.c.c.service.ChatSessionService - Session 0fe739eca83141d9ac26d844ba8d226a found in cache
2026-06-13 03:09:40.195 DEBUG [http-nio-8086-exec-7] c.c.c.service.ChatSessionService - Extended session 0fe739eca83141d9ac26d844ba8d226a
2026-06-13 03:09:46.760 DEBUG [http-nio-8086-exec-5] c.c.c.service.ChatSessionService - Session 0fe739eca83141d9ac26d844ba8d226a found in cache
2026-06-13 03:09:46.761 DEBUG [http-nio-8086-exec-5] c.c.c.service.ChatSessionService - Extended session 0fe739eca83141d9ac26d844ba8d226a
2026-06-13 03:09:47.762 DEBUG [DiscoveryClient-CacheRefreshExecutor-0] c.netflix.discovery.DiscoveryClient - Got delta update with apps hashcode UP_6_
2026-06-13 03:09:47.762 DEBUG [DiscoveryClient-CacheRefreshExecutor-0] c.netflix.discovery.DiscoveryClient - The total number of instances fetched by the delta processor : 0
2026-06-13 03:09:47.762 DEBUG [DiscoveryClient-CacheRefreshExecutor-0] c.netflix.discovery.DiscoveryClient - The total number of all instances in the client now is 6
2026-06-13 03:09:47.762 DEBUG [DiscoveryClient-CacheRefreshExecutor-0] c.netflix.discovery.DiscoveryClient - Completed cache refresh task for discovery. All Apps hash code is Local region apps hashcode: UP_6_, is fetching remote regions? false 
2026-06-13 03:09:49.164 DEBUG [http-nio-8086-exec-3] c.c.c.service.ChatSessionService - Session 0fe739eca83141d9ac26d844ba8d226a found in cache
2026-06-13 03:09:49.164 DEBUG [http-nio-8086-exec-3] c.c.c.service.ChatSessionService - Extended session 0fe739eca83141d9ac26d844ba8d226a
2026-06-13 03:10:05.675 DEBUG [DiscoveryClient-HeartbeatExecutor-0] c.n.d.s.t.d.SessionedEurekaHttpClient - Ending a session and starting anew
2026-06-13 03:10:06.113 DEBUG [DiscoveryClient-HeartbeatExecutor-0] c.n.d.s.t.d.RedirectingEurekaHttpClient - Pinning to endpoint null
2026-06-13 03:10:06.113 DEBUG [DiscoveryClient-HeartbeatExecutor-0] c.netflix.discovery.DiscoveryClient - DiscoveryClient_CHATBOT-MICROSERVICE/chatbot-microservice:f7ea7abaac0af316d677d10b7c409315 - Heartbeat status: 200
2026-06-13 03:10:12.179 DEBUG [http-nio-8086-exec-10] c.c.c.service.ChatSessionService - Session 0fe739eca83141d9ac26d844ba8d226a found in cache
2026-06-13 03:10:12.181 DEBUG [http-nio-8086-exec-10] c.c.c.service.ChatSessionService - Extended session 0fe739eca83141d9ac26d844ba8d226a
2026-06-13 03:10:17.799 DEBUG [DiscoveryClient-CacheRefreshExecutor-0] c.netflix.discovery.DiscoveryClient - Got delta update with apps hashcode UP_6_
2026-06-13 03:10:17.799 DEBUG [DiscoveryClient-CacheRefreshExecutor-0] c.netflix.discovery.DiscoveryClient - The total number of instances fetched by the delta processor : 0
2026-06-13 03:10:17.799 DEBUG [DiscoveryClient-CacheRefreshExecutor-0] c.netflix.discovery.DiscoveryClient - The total number of all instances in the client now is 6
2026-06-13 03:10:17.799 DEBUG [DiscoveryClient-CacheRefreshExecutor-0] c.netflix.discovery.DiscoveryClient - Completed cache refresh task for discovery. All Apps hash code is Local region apps hashcode: UP_6_, is fetching remote regions? false 
2026-06-13 03:10:23.265 DEBUG [http-nio-8086-exec-1] c.c.c.service.ChatSessionService - Session 0fe739eca83141d9ac26d844ba8d226a found in cache
2026-06-13 03:10:23.271 DEBUG [http-nio-8086-exec-1] c.c.c.service.ChatSessionService - Extended session 0fe739eca83141d9ac26d844ba8d226a
2026-06-13 03:10:36.134 DEBUG [DiscoveryClient-HeartbeatExecutor-0] c.netflix.discovery.DiscoveryClient - DiscoveryClient_CHATBOT-MICROSERVICE/chatbot-microservice:f7ea7abaac0af316d677d10b7c409315 - Heartbeat status: 200
2026-06-13 03:10:36.747 DEBUG [http-nio-8086-exec-2] c.c.c.service.ChatSessionService - Session 0fe739eca83141d9ac26d844ba8d226a found in cache
2026-06-13 03:10:36.852 DEBUG [http-nio-8086-exec-7] c.c.c.service.ChatSessionService - Session 0fe739eca83141d9ac26d844ba8d226a found in cache
2026-06-13 03:10:37.030 DEBUG [http-nio-8086-exec-6] c.c.c.service.ChatSessionService - Session 0fe739eca83141d9ac26d844ba8d226a found in cache
2026-06-13 03:10:37.740 DEBUG [http-nio-8086-exec-5] c.c.c.service.ChatSessionService - Session 0fe739eca83141d9ac26d844ba8d226a found in cache
2026-06-13 03:10:38.894 DEBUG [http-nio-8086-exec-3] c.c.c.service.ChatSessionService - Session 0fe739eca83141d9ac26d844ba8d226a found in cache
2026-06-13 03:10:38.905 DEBUG [http-nio-8086-exec-3] c.c.c.service.ChatSessionService - Updated context for session 0fe739eca83141d9ac26d844ba8d226a
2026-06-13 03:10:47.817 DEBUG [DiscoveryClient-CacheRefreshExecutor-0] c.netflix.discovery.DiscoveryClient - Got delta update with apps hashcode UP_6_
2026-06-13 03:10:47.817 DEBUG [DiscoveryClient-CacheRefreshExecutor-0] c.netflix.discovery.DiscoveryClient - The total number of instances fetched by the delta processor : 0
2026-06-13 03:10:47.818 DEBUG [DiscoveryClient-CacheRefreshExecutor-0] c.netflix.discovery.DiscoveryClient - The total number of all instances in the client now is 6
2026-06-13 03:10:47.819 DEBUG [DiscoveryClient-CacheRefreshExecutor-0] c.netflix.discovery.DiscoveryClient - Completed cache refresh task for discovery. All Apps hash code is Local region apps hashcode: UP_6_, is fetching remote regions? false 
2026-06-13 03:10:53.944 DEBUG [http-nio-8086-exec-10] c.c.c.service.ChatSessionService - Session 0fe739eca83141d9ac26d844ba8d226a found in cache
2026-06-13 03:10:54.306 DEBUG [http-nio-8086-exec-9] c.c.c.service.ChatSessionService - Session 0fe739eca83141d9ac26d844ba8d226a found in cache
2026-06-13 03:10:54.539 DEBUG [http-nio-8086-exec-1] c.c.c.service.ChatSessionService - Session 0fe739eca83141d9ac26d844ba8d226a found in cache
2026-06-13 03:10:54.784 DEBUG [http-nio-8086-exec-8] c.c.c.service.ChatSessionService - Session 0fe739eca83141d9ac26d844ba8d226a found in cache
2026-06-13 03:10:56.178 DEBUG [http-nio-8086-exec-2] c.c.c.service.ChatSessionService - Session 0fe739eca83141d9ac26d844ba8d226a found in cache
2026-06-13 03:10:56.178 DEBUG [http-nio-8086-exec-2] c.c.c.service.ChatSessionService - Updated context for session 0fe739eca83141d9ac26d844ba8d226a
2026-06-13 03:11:06.163 DEBUG [DiscoveryClient-HeartbeatExecutor-0] c.netflix.discovery.DiscoveryClient - DiscoveryClient_CHATBOT-MICROSERVICE/chatbot-microservice:f7ea7abaac0af316d677d10b7c409315 - Heartbeat status: 200
2026-06-13 03:11:17.871 DEBUG [DiscoveryClient-CacheRefreshExecutor-0] c.netflix.discovery.DiscoveryClient - Got delta update with apps hashcode UP_6_
2026-06-13 03:11:17.871 DEBUG [DiscoveryClient-CacheRefreshExecutor-0] c.netflix.discovery.DiscoveryClient - The total number of instances fetched by the delta processor : 0
2026-06-13 03:11:17.871 DEBUG [DiscoveryClient-CacheRefreshExecutor-0] c.netflix.discovery.DiscoveryClient - The total number of all instances in the client now is 6
2026-06-13 03:11:17.871 DEBUG [DiscoveryClient-CacheRefreshExecutor-0] c.netflix.discovery.DiscoveryClient - Completed cache refresh task for discovery. All Apps hash code is Local region apps hashcode: UP_6_, is fetching remote regions? false 
2026-06-13 03:11:19.131 DEBUG [http-nio-8086-exec-6] c.c.c.service.ChatSessionService - Session 0fe739eca83141d9ac26d844ba8d226a found in cache
2026-06-13 03:11:19.131 DEBUG [http-nio-8086-exec-6] c.c.c.service.ChatSessionService - Extended session 0fe739eca83141d9ac26d844ba8d226a
2026-06-13 03:11:20.328 DEBUG [http-nio-8086-exec-5] c.c.c.service.ChatSessionService - Session 0fe739eca83141d9ac26d844ba8d226a found in cache
2026-06-13 03:11:20.328 DEBUG [http-nio-8086-exec-5] c.c.c.service.ChatSessionService - Extended session 0fe739eca83141d9ac26d844ba8d226a
2026-06-13 03:11:25.019 INFO  [AsyncResolver-bootstrap-executor-0] c.n.d.s.r.aws.ConfigClusterResolver - Resolving eureka endpoints via configuration
2026-06-13 03:11:25.020 DEBUG [AsyncResolver-bootstrap-executor-0] c.n.discovery.endpoint.EndpointUtils - The availability zone for the given region us-east-1 are [defaultZone]
2026-06-13 03:11:25.028 DEBUG [AsyncResolver-bootstrap-executor-0] c.n.d.s.r.aws.ConfigClusterResolver - Config resolved to [AwsEndpoint{ serviceUrl='http://localhost:8761/eureka/', region='us-east-1', zone='defaultZone'}]
2026-06-13 03:11:25.028 DEBUG [AsyncResolver-bootstrap-executor-0] c.n.d.s.r.a.ZoneAffinityClusterResolver - Local zone=defaultZone; resolved to: [AwsEndpoint{ serviceUrl='http://localhost:8761/eureka/', region='us-east-1', zone='defaultZone'}]
2026-06-13 03:11:25.028 DEBUG [AsyncResolver-bootstrap-executor-0] c.n.d.shared.resolver.AsyncResolver - Resolved to [AwsEndpoint{ serviceUrl='http://localhost:8761/eureka/', region='us-east-1', zone='defaultZone'}]
2026-06-13 03:11:36.190 DEBUG [DiscoveryClient-HeartbeatExecutor-0] c.netflix.discovery.DiscoveryClient - DiscoveryClient_CHATBOT-MICROSERVICE/chatbot-microservice:f7ea7abaac0af316d677d10b7c409315 - Heartbeat status: 200
2026-06-13 03:11:44.088 DEBUG [http-nio-8086-exec-4] c.c.c.service.ChatSessionService - Session 0fe739eca83141d9ac26d844ba8d226a found in cache
2026-06-13 03:11:44.088 DEBUG [http-nio-8086-exec-4] c.c.c.service.ChatSessionService - Extended session 0fe739eca83141d9ac26d844ba8d226a
2026-06-13 03:11:47.278 DEBUG [http-nio-8086-exec-9] c.c.c.service.ChatSessionService - Session 0fe739eca83141d9ac26d844ba8d226a found in cache
2026-06-13 03:11:47.278 DEBUG [http-nio-8086-exec-9] c.c.c.service.ChatSessionService - Extended session 0fe739eca83141d9ac26d844ba8d226a
2026-06-13 03:11:47.898 DEBUG [DiscoveryClient-CacheRefreshExecutor-0] c.netflix.discovery.DiscoveryClient - Got delta update with apps hashcode UP_6_
2026-06-13 03:11:47.898 DEBUG [DiscoveryClient-CacheRefreshExecutor-0] c.netflix.discovery.DiscoveryClient - The total number of instances fetched by the delta processor : 0
2026-06-13 03:11:47.898 DEBUG [DiscoveryClient-CacheRefreshExecutor-0] c.netflix.discovery.DiscoveryClient - The total number of all instances in the client now is 6
2026-06-13 03:11:47.898 DEBUG [DiscoveryClient-CacheRefreshExecutor-0] c.netflix.discovery.DiscoveryClient - Completed cache refresh task for discovery. All Apps hash code is Local region apps hashcode: UP_6_, is fetching remote regions? false 
2026-06-13 03:12:06.215 DEBUG [DiscoveryClient-HeartbeatExecutor-0] c.netflix.discovery.DiscoveryClient - DiscoveryClient_CHATBOT-MICROSERVICE/chatbot-microservice:f7ea7abaac0af316d677d10b7c409315 - Heartbeat status: 200
2026-06-13 03:12:09.082 DEBUG [http-nio-8086-exec-8] c.c.c.service.ChatSessionService - Session 0fe739eca83141d9ac26d844ba8d226a found in cache
2026-06-13 03:12:09.083 DEBUG [http-nio-8086-exec-8] c.c.c.service.ChatSessionService - Extended session 0fe739eca83141d9ac26d844ba8d226a
2026-06-13 03:12:12.315 DEBUG [http-nio-8086-exec-2] c.c.c.service.ChatSessionService - Session 0fe739eca83141d9ac26d844ba8d226a found in cache
2026-06-13 03:12:12.317 DEBUG [http-nio-8086-exec-2] c.c.c.service.ChatSessionService - Extended session 0fe739eca83141d9ac26d844ba8d226a
2026-06-13 03:12:17.927 DEBUG [DiscoveryClient-CacheRefreshExecutor-0] c.netflix.discovery.DiscoveryClient - Got delta update with apps hashcode UP_6_
2026-06-13 03:12:17.927 DEBUG [DiscoveryClient-CacheRefreshExecutor-0] c.netflix.discovery.DiscoveryClient - The total number of instances fetched by the delta processor : 0
2026-06-13 03:12:17.927 DEBUG [DiscoveryClient-CacheRefreshExecutor-0] c.netflix.discovery.DiscoveryClient - The total number of all instances in the client now is 6
2026-06-13 03:12:17.927 DEBUG [DiscoveryClient-CacheRefreshExecutor-0] c.netflix.discovery.DiscoveryClient - Completed cache refresh task for discovery. All Apps hash code is Local region apps hashcode: UP_6_, is fetching remote regions? false 
2026-06-13 03:12:34.095 DEBUG [http-nio-8086-exec-6] c.c.c.service.ChatSessionService - Session 0fe739eca83141d9ac26d844ba8d226a found in cache
2026-06-13 03:12:34.102 DEBUG [http-nio-8086-exec-6] c.c.c.service.ChatSessionService - Extended session 0fe739eca83141d9ac26d844ba8d226a
2026-06-13 03:12:35.189 DEBUG [http-nio-8086-exec-5] c.c.c.service.ChatSessionService - Session 0fe739eca83141d9ac26d844ba8d226a found in cache
2026-06-13 03:12:35.191 DEBUG [http-nio-8086-exec-5] c.c.c.service.ChatSessionService - Extended session 0fe739eca83141d9ac26d844ba8d226a
2026-06-13 03:12:36.252 DEBUG [DiscoveryClient-HeartbeatExecutor-0] c.netflix.discovery.DiscoveryClient - DiscoveryClient_CHATBOT-MICROSERVICE/chatbot-microservice:f7ea7abaac0af316d677d10b7c409315 - Heartbeat status: 200
2026-06-13 03:12:48.440 DEBUG [DiscoveryClient-CacheRefreshExecutor-0] c.netflix.discovery.DiscoveryClient - Got delta update with apps hashcode UP_6_
2026-06-13 03:12:48.442 DEBUG [DiscoveryClient-CacheRefreshExecutor-0] c.netflix.discovery.DiscoveryClient - The total number of instances fetched by the delta processor : 0
2026-06-13 03:12:48.698 DEBUG [DiscoveryClient-CacheRefreshExecutor-0] c.netflix.discovery.DiscoveryClient - The total number of all instances in the client now is 6
2026-06-13 03:12:48.698 DEBUG [DiscoveryClient-CacheRefreshExecutor-0] c.netflix.discovery.DiscoveryClient - Completed cache refresh task for discovery. All Apps hash code is Local region apps hashcode: UP_6_, is fetching remote regions? false 
2026-06-13 03:12:59.096 DEBUG [http-nio-8086-exec-4] c.c.c.service.ChatSessionService - Session 0fe739eca83141d9ac26d844ba8d226a found in cache
2026-06-13 03:12:59.100 DEBUG [http-nio-8086-exec-4] c.c.c.service.ChatSessionService - Extended session 0fe739eca83141d9ac26d844ba8d226a
2026-06-13 03:13:07.086 DEBUG [DiscoveryClient-HeartbeatExecutor-0] c.netflix.discovery.DiscoveryClient - DiscoveryClient_CHATBOT-MICROSERVICE/chatbot-microservice:f7ea7abaac0af316d677d10b7c409315 - Heartbeat status: 200
2026-06-13 03:13:08.126 DEBUG [http-nio-8086-exec-9] c.c.c.service.ChatSessionService - Session 0fe739eca83141d9ac26d844ba8d226a found in cache
2026-06-13 03:13:08.128 DEBUG [http-nio-8086-exec-9] c.c.c.service.ChatSessionService - Extended session 0fe739eca83141d9ac26d844ba8d226a
2026-06-13 03:13:18.741 DEBUG [DiscoveryClient-CacheRefreshExecutor-0] c.netflix.discovery.DiscoveryClient - Got delta update with apps hashcode UP_6_
2026-06-13 03:13:18.741 DEBUG [DiscoveryClient-CacheRefreshExecutor-0] c.netflix.discovery.DiscoveryClient - The total number of instances fetched by the delta processor : 0
2026-06-13 03:13:18.743 DEBUG [DiscoveryClient-CacheRefreshExecutor-0] c.netflix.discovery.DiscoveryClient - The total number of all instances in the client now is 6
2026-06-13 03:13:18.945 DEBUG [DiscoveryClient-CacheRefreshExecutor-0] c.netflix.discovery.DiscoveryClient - Completed cache refresh task for discovery. All Apps hash code is Local region apps hashcode: UP_6_, is fetching remote regions? false 
2026-06-13 03:13:24.117 DEBUG [http-nio-8086-exec-8] c.c.c.service.ChatSessionService - Session 0fe739eca83141d9ac26d844ba8d226a found in cache
2026-06-13 03:13:24.117 DEBUG [http-nio-8086-exec-8] c.c.c.service.ChatSessionService - Extended session 0fe739eca83141d9ac26d844ba8d226a
2026-06-13 03:13:25.183 DEBUG [http-nio-8086-exec-2] c.c.c.service.ChatSessionService - Session 0fe739eca83141d9ac26d844ba8d226a found in cache
2026-06-13 03:13:25.183 DEBUG [http-nio-8086-exec-2] c.c.c.service.ChatSessionService - Extended session 0fe739eca83141d9ac26d844ba8d226a
2026-06-13 03:13:37.122 DEBUG [DiscoveryClient-HeartbeatExecutor-0] c.netflix.discovery.DiscoveryClient - DiscoveryClient_CHATBOT-MICROSERVICE/chatbot-microservice:f7ea7abaac0af316d677d10b7c409315 - Heartbeat status: 200
2026-06-13 03:13:48.968 DEBUG [DiscoveryClient-CacheRefreshExecutor-0] c.netflix.discovery.DiscoveryClient - Got delta update with apps hashcode UP_6_
2026-06-13 03:13:48.968 DEBUG [DiscoveryClient-CacheRefreshExecutor-0] c.netflix.discovery.DiscoveryClient - The total number of instances fetched by the delta processor : 0
2026-06-13 03:13:48.968 DEBUG [DiscoveryClient-CacheRefreshExecutor-0] c.netflix.discovery.DiscoveryClient - The total number of all instances in the client now is 6
2026-06-13 03:13:48.968 DEBUG [DiscoveryClient-CacheRefreshExecutor-0] c.netflix.discovery.DiscoveryClient - Completed cache refresh task for discovery. All Apps hash code is Local region apps hashcode: UP_6_, is fetching remote regions? false 
2026-06-13 03:13:49.191 DEBUG [http-nio-8086-exec-6] c.c.c.service.ChatSessionService - Session 0fe739eca83141d9ac26d844ba8d226a found in cache
2026-06-13 03:13:49.191 DEBUG [http-nio-8086-exec-6] c.c.c.service.ChatSessionService - Extended session 0fe739eca83141d9ac26d844ba8d226a
2026-06-13 03:14:06.224 DEBUG [http-nio-8086-exec-3] c.c.c.service.ChatSessionService - Session 0fe739eca83141d9ac26d844ba8d226a found in cache
2026-06-13 03:14:06.274 DEBUG [http-nio-8086-exec-4] c.c.c.service.ChatSessionService - Session 0fe739eca83141d9ac26d844ba8d226a found in cache
2026-06-13 03:14:06.509 DEBUG [http-nio-8086-exec-10] c.c.c.service.ChatSessionService - Session 0fe739eca83141d9ac26d844ba8d226a found in cache
2026-06-13 03:14:06.814 DEBUG [http-nio-8086-exec-9] c.c.c.service.ChatSessionService - Session 0fe739eca83141d9ac26d844ba8d226a found in cache
2026-06-13 03:14:07.151 DEBUG [DiscoveryClient-HeartbeatExecutor-0] c.netflix.discovery.DiscoveryClient - DiscoveryClient_CHATBOT-MICROSERVICE/chatbot-microservice:f7ea7abaac0af316d677d10b7c409315 - Heartbeat status: 200
2026-06-13 03:14:08.382 DEBUG [http-nio-8086-exec-1] c.c.c.service.ChatSessionService - Session 0fe739eca83141d9ac26d844ba8d226a found in cache
2026-06-13 03:14:08.422 DEBUG [http-nio-8086-exec-1] c.c.c.service.ChatSessionService - Updated context for session 0fe739eca83141d9ac26d844ba8d226a
2026-06-13 03:14:19.002 DEBUG [DiscoveryClient-CacheRefreshExecutor-0] c.netflix.discovery.DiscoveryClient - Got delta update with apps hashcode UP_6_
2026-06-13 03:14:19.002 DEBUG [DiscoveryClient-CacheRefreshExecutor-0] c.netflix.discovery.DiscoveryClient - The total number of instances fetched by the delta processor : 0
2026-06-13 03:14:19.002 DEBUG [DiscoveryClient-CacheRefreshExecutor-0] c.netflix.discovery.DiscoveryClient - The total number of all instances in the client now is 6
2026-06-13 03:14:19.002 DEBUG [DiscoveryClient-CacheRefreshExecutor-0] c.netflix.discovery.DiscoveryClient - Completed cache refresh task for discovery. All Apps hash code is Local region apps hashcode: UP_6_, is fetching remote regions? false 
2026-06-13 03:14:31.879 DEBUG [http-nio-8086-exec-2] c.c.c.service.ChatSessionService - Session 0fe739eca83141d9ac26d844ba8d226a found in cache
2026-06-13 03:14:31.879 DEBUG [http-nio-8086-exec-2] c.c.c.service.ChatSessionService - Extended session 0fe739eca83141d9ac26d844ba8d226a
2026-06-13 03:14:32.602 DEBUG [http-nio-8086-exec-7] c.c.c.service.ChatSessionService - Session 0fe739eca83141d9ac26d844ba8d226a found in cache
2026-06-13 03:14:32.602 DEBUG [http-nio-8086-exec-7] c.c.c.service.ChatSessionService - Extended session 0fe739eca83141d9ac26d844ba8d226a
2026-06-13 03:14:37.186 DEBUG [DiscoveryClient-HeartbeatExecutor-0] c.netflix.discovery.DiscoveryClient - DiscoveryClient_CHATBOT-MICROSERVICE/chatbot-microservice:f7ea7abaac0af316d677d10b7c409315 - Heartbeat status: 200
2026-06-13 03:14:49.037 DEBUG [DiscoveryClient-CacheRefreshExecutor-0] c.netflix.discovery.DiscoveryClient - Got delta update with apps hashcode UP_6_
2026-06-13 03:14:49.037 DEBUG [DiscoveryClient-CacheRefreshExecutor-0] c.netflix.discovery.DiscoveryClient - The total number of instances fetched by the delta processor : 0
2026-06-13 03:14:49.037 DEBUG [DiscoveryClient-CacheRefreshExecutor-0] c.netflix.discovery.DiscoveryClient - The total number of all instances in the client now is 6
2026-06-13 03:14:49.037 DEBUG [DiscoveryClient-CacheRefreshExecutor-0] c.netflix.discovery.DiscoveryClient - Completed cache refresh task for discovery. All Apps hash code is Local region apps hashcode: UP_6_, is fetching remote regions? false 
2026-06-13 03:14:56.487 DEBUG [http-nio-8086-exec-5] c.c.c.service.ChatSessionService - Session 0fe739eca83141d9ac26d844ba8d226a found in cache
2026-06-13 03:14:56.489 DEBUG [http-nio-8086-exec-5] c.c.c.service.ChatSessionService - Extended session 0fe739eca83141d9ac26d844ba8d226a
2026-06-13 03:14:57.313 DEBUG [http-nio-8086-exec-3] c.c.c.service.ChatSessionService - Session 0fe739eca83141d9ac26d844ba8d226a found in cache
2026-06-13 03:14:57.314 DEBUG [http-nio-8086-exec-3] c.c.c.service.ChatSessionService - Extended session 0fe739eca83141d9ac26d844ba8d226a
2026-06-13 03:15:07.221 DEBUG [DiscoveryClient-HeartbeatExecutor-0] c.netflix.discovery.DiscoveryClient - DiscoveryClient_CHATBOT-MICROSERVICE/chatbot-microservice:f7ea7abaac0af316d677d10b7c409315 - Heartbeat status: 200
2026-06-13 03:15:19.440 DEBUG [DiscoveryClient-CacheRefreshExecutor-0] c.netflix.discovery.DiscoveryClient - Got delta update with apps hashcode UP_6_
2026-06-13 03:15:19.441 DEBUG [DiscoveryClient-CacheRefreshExecutor-0] c.netflix.discovery.DiscoveryClient - The total number of instances fetched by the delta processor : 0
2026-06-13 03:15:19.441 DEBUG [DiscoveryClient-CacheRefreshExecutor-0] c.netflix.discovery.DiscoveryClient - The total number of all instances in the client now is 6
2026-06-13 03:15:19.442 DEBUG [DiscoveryClient-CacheRefreshExecutor-0] c.netflix.discovery.DiscoveryClient - Completed cache refresh task for discovery. All Apps hash code is Local region apps hashcode: UP_6_, is fetching remote regions? false 
2026-06-13 03:15:21.601 DEBUG [http-nio-8086-exec-10] c.c.c.service.ChatSessionService - Session 0fe739eca83141d9ac26d844ba8d226a found in cache
2026-06-13 03:15:21.604 DEBUG [http-nio-8086-exec-10] c.c.c.service.ChatSessionService - Extended session 0fe739eca83141d9ac26d844ba8d226a
2026-06-13 03:15:22.360 DEBUG [http-nio-8086-exec-9] c.c.c.service.ChatSessionService - Session 0fe739eca83141d9ac26d844ba8d226a found in cache
2026-06-13 03:15:22.362 DEBUG [http-nio-8086-exec-9] c.c.c.service.ChatSessionService - Extended session 0fe739eca83141d9ac26d844ba8d226a
2026-06-13 03:15:37.473 DEBUG [DiscoveryClient-HeartbeatExecutor-0] c.netflix.discovery.DiscoveryClient - DiscoveryClient_CHATBOT-MICROSERVICE/chatbot-microservice:f7ea7abaac0af316d677d10b7c409315 - Heartbeat status: 200
2026-06-13 03:15:49.478 DEBUG [DiscoveryClient-CacheRefreshExecutor-0] c.netflix.discovery.DiscoveryClient - Got delta update with apps hashcode UP_6_
2026-06-13 03:15:49.478 DEBUG [DiscoveryClient-CacheRefreshExecutor-0] c.netflix.discovery.DiscoveryClient - The total number of instances fetched by the delta processor : 0
2026-06-13 03:15:49.480 DEBUG [DiscoveryClient-CacheRefreshExecutor-0] c.netflix.discovery.DiscoveryClient - The total number of all instances in the client now is 6
2026-06-13 03:15:49.480 DEBUG [DiscoveryClient-CacheRefreshExecutor-0] c.netflix.discovery.DiscoveryClient - Completed cache refresh task for discovery. All Apps hash code is Local region apps hashcode: UP_6_, is fetching remote regions? false 
2026-06-13 03:15:54.313 DEBUG [http-nio-8086-exec-8] c.c.c.service.ChatSessionService - Session 0fe739eca83141d9ac26d844ba8d226a found in cache
2026-06-13 03:15:54.316 DEBUG [http-nio-8086-exec-8] c.c.c.service.ChatSessionService - Extended session 0fe739eca83141d9ac26d844ba8d226a
2026-06-13 03:15:54.332 DEBUG [http-nio-8086-exec-2] c.c.c.service.ChatSessionService - Session 0fe739eca83141d9ac26d844ba8d226a found in cache
2026-06-13 03:15:54.334 DEBUG [http-nio-8086-exec-2] c.c.c.service.ChatSessionService - Extended session 0fe739eca83141d9ac26d844ba8d226a
2026-06-13 03:16:07.507 DEBUG [DiscoveryClient-HeartbeatExecutor-0] c.netflix.discovery.DiscoveryClient - DiscoveryClient_CHATBOT-MICROSERVICE/chatbot-microservice:f7ea7abaac0af316d677d10b7c409315 - Heartbeat status: 200
2026-06-13 03:16:12.189 DEBUG [http-nio-8086-exec-6] c.c.c.service.ChatSessionService - Session 0fe739eca83141d9ac26d844ba8d226a found in cache
2026-06-13 03:16:12.189 DEBUG [http-nio-8086-exec-6] c.c.c.service.ChatSessionService - Extended session 0fe739eca83141d9ac26d844ba8d226a
2026-06-13 03:16:19.505 DEBUG [DiscoveryClient-CacheRefreshExecutor-0] c.netflix.discovery.DiscoveryClient - Got delta update with apps hashcode UP_6_
2026-06-13 03:16:19.505 DEBUG [DiscoveryClient-CacheRefreshExecutor-0] c.netflix.discovery.DiscoveryClient - The total number of instances fetched by the delta processor : 0
2026-06-13 03:16:19.505 DEBUG [DiscoveryClient-CacheRefreshExecutor-0] c.netflix.discovery.DiscoveryClient - The total number of all instances in the client now is 6
2026-06-13 03:16:19.505 DEBUG [DiscoveryClient-CacheRefreshExecutor-0] c.netflix.discovery.DiscoveryClient - Completed cache refresh task for discovery. All Apps hash code is Local region apps hashcode: UP_6_, is fetching remote regions? false 
2026-06-13 03:16:25.090 INFO  [AsyncResolver-bootstrap-executor-0] c.n.d.s.r.aws.ConfigClusterResolver - Resolving eureka endpoints via configuration
2026-06-13 03:16:25.099 DEBUG [AsyncResolver-bootstrap-executor-0] c.n.discovery.endpoint.EndpointUtils - The availability zone for the given region us-east-1 are [defaultZone]
2026-06-13 03:16:25.111 DEBUG [AsyncResolver-bootstrap-executor-0] c.n.d.s.r.aws.ConfigClusterResolver - Config resolved to [AwsEndpoint{ serviceUrl='http://localhost:8761/eureka/', region='us-east-1', zone='defaultZone'}]
2026-06-13 03:16:25.111 DEBUG [AsyncResolver-bootstrap-executor-0] c.n.d.s.r.a.ZoneAffinityClusterResolver - Local zone=defaultZone; resolved to: [AwsEndpoint{ serviceUrl='http://localhost:8761/eureka/', region='us-east-1', zone='defaultZone'}]
2026-06-13 03:16:25.111 DEBUG [AsyncResolver-bootstrap-executor-0] c.n.d.shared.resolver.AsyncResolver - Resolved to [AwsEndpoint{ serviceUrl='http://localhost:8761/eureka/', region='us-east-1', zone='defaultZone'}]
2026-06-13 03:16:37.206 DEBUG [http-nio-8086-exec-3] c.c.c.service.ChatSessionService - Session 0fe739eca83141d9ac26d844ba8d226a found in cache
2026-06-13 03:16:37.239 DEBUG [http-nio-8086-exec-3] c.c.c.service.ChatSessionService - Extended session 0fe739eca83141d9ac26d844ba8d226a
2026-06-13 03:16:37.529 DEBUG [DiscoveryClient-HeartbeatExecutor-0] c.netflix.discovery.DiscoveryClient - DiscoveryClient_CHATBOT-MICROSERVICE/chatbot-microservice:f7ea7abaac0af316d677d10b7c409315 - Heartbeat status: 200
2026-06-13 03:16:49.536 DEBUG [DiscoveryClient-CacheRefreshExecutor-0] c.netflix.discovery.DiscoveryClient - Got delta update with apps hashcode UP_6_
2026-06-13 03:16:49.536 DEBUG [DiscoveryClient-CacheRefreshExecutor-0] c.netflix.discovery.DiscoveryClient - The total number of instances fetched by the delta processor : 0
2026-06-13 03:16:49.536 DEBUG [DiscoveryClient-CacheRefreshExecutor-0] c.netflix.discovery.DiscoveryClient - The total number of all instances in the client now is 6
2026-06-13 03:16:49.536 DEBUG [DiscoveryClient-CacheRefreshExecutor-0] c.netflix.discovery.DiscoveryClient - Completed cache refresh task for discovery. All Apps hash code is Local region apps hashcode: UP_6_, is fetching remote regions? false 
2026-06-13 03:17:04.747 DEBUG [http-nio-8086-exec-10] c.c.c.service.ChatSessionService - Session 0fe739eca83141d9ac26d844ba8d226a found in cache
2026-06-13 03:17:04.781 DEBUG [http-nio-8086-exec-10] c.c.c.service.ChatSessionService - Extended session 0fe739eca83141d9ac26d844ba8d226a
2026-06-13 03:17:06.785 DEBUG [http-nio-8086-exec-9] c.c.c.service.ChatSessionService - Session 0fe739eca83141d9ac26d844ba8d226a found in cache
2026-06-13 03:17:06.824 DEBUG [http-nio-8086-exec-1] c.c.c.service.ChatSessionService - Session 0fe739eca83141d9ac26d844ba8d226a found in cache
2026-06-13 03:17:06.924 DEBUG [http-nio-8086-exec-8] c.c.c.service.ChatSessionService - Session 0fe739eca83141d9ac26d844ba8d226a found in cache
2026-06-13 03:17:07.244 DEBUG [http-nio-8086-exec-2] c.c.c.service.ChatSessionService - Session 0fe739eca83141d9ac26d844ba8d226a found in cache
2026-06-13 03:17:07.559 DEBUG [DiscoveryClient-HeartbeatExecutor-0] c.netflix.discovery.DiscoveryClient - DiscoveryClient_CHATBOT-MICROSERVICE/chatbot-microservice:f7ea7abaac0af316d677d10b7c409315 - Heartbeat status: 200
2026-06-13 03:17:09.734 DEBUG [http-nio-8086-exec-7] c.c.c.service.ChatSessionService - Session 0fe739eca83141d9ac26d844ba8d226a found in cache
2026-06-13 03:17:09.762 DEBUG [http-nio-8086-exec-7] c.c.c.service.ChatSessionService - Updated context for session 0fe739eca83141d9ac26d844ba8d226a
2026-06-13 03:17:19.555 DEBUG [DiscoveryClient-CacheRefreshExecutor-0] c.n.d.s.t.d.SessionedEurekaHttpClient - Ending a session and starting anew
2026-06-13 03:17:20.046 DEBUG [DiscoveryClient-CacheRefreshExecutor-0] c.n.d.s.t.d.RedirectingEurekaHttpClient - Pinning to endpoint null
2026-06-13 03:17:20.046 DEBUG [DiscoveryClient-CacheRefreshExecutor-0] c.netflix.discovery.DiscoveryClient - Got delta update with apps hashcode UP_6_
2026-06-13 03:17:20.046 DEBUG [DiscoveryClient-CacheRefreshExecutor-0] c.netflix.discovery.DiscoveryClient - The total number of instances fetched by the delta processor : 0
2026-06-13 03:17:20.048 DEBUG [DiscoveryClient-CacheRefreshExecutor-0] c.netflix.discovery.DiscoveryClient - The total number of all instances in the client now is 6
2026-06-13 03:17:20.049 DEBUG [DiscoveryClient-CacheRefreshExecutor-0] c.netflix.discovery.DiscoveryClient - Completed cache refresh task for discovery. All Apps hash code is Local region apps hashcode: UP_6_, is fetching remote regions? false 
2026-06-13 03:17:32.316 DEBUG [http-nio-8086-exec-5] c.c.c.service.ChatSessionService - Session 0fe739eca83141d9ac26d844ba8d226a found in cache
2026-06-13 03:17:32.338 DEBUG [http-nio-8086-exec-5] c.c.c.service.ChatSessionService - Extended session 0fe739eca83141d9ac26d844ba8d226a
2026-06-13 03:17:33.594 DEBUG [http-nio-8086-exec-3] c.c.c.service.ChatSessionService - Session 0fe739eca83141d9ac26d844ba8d226a found in cache
2026-06-13 03:17:33.594 DEBUG [http-nio-8086-exec-3] c.c.c.service.ChatSessionService - Extended session 0fe739eca83141d9ac26d844ba8d226a
2026-06-13 03:17:37.593 DEBUG [DiscoveryClient-HeartbeatExecutor-0] c.netflix.discovery.DiscoveryClient - DiscoveryClient_CHATBOT-MICROSERVICE/chatbot-microservice:f7ea7abaac0af316d677d10b7c409315 - Heartbeat status: 200
2026-06-13 03:17:50.075 DEBUG [DiscoveryClient-CacheRefreshExecutor-0] c.netflix.discovery.DiscoveryClient - Got delta update with apps hashcode UP_6_
2026-06-13 03:17:50.075 DEBUG [DiscoveryClient-CacheRefreshExecutor-0] c.netflix.discovery.DiscoveryClient - The total number of instances fetched by the delta processor : 0
2026-06-13 03:17:50.075 DEBUG [DiscoveryClient-CacheRefreshExecutor-0] c.netflix.discovery.DiscoveryClient - The total number of all instances in the client now is 6
2026-06-13 03:17:50.075 DEBUG [DiscoveryClient-CacheRefreshExecutor-0] c.netflix.discovery.DiscoveryClient - Completed cache refresh task for discovery. All Apps hash code is Local region apps hashcode: UP_6_, is fetching remote regions? false 
2026-06-13 03:17:56.909 DEBUG [http-nio-8086-exec-10] c.c.c.service.ChatSessionService - Session 0fe739eca83141d9ac26d844ba8d226a found in cache
2026-06-13 03:17:56.925 DEBUG [http-nio-8086-exec-10] c.c.c.service.ChatSessionService - Extended session 0fe739eca83141d9ac26d844ba8d226a
2026-06-13 03:18:06.091 DEBUG [http-nio-8086-exec-1] c.c.c.service.ChatSessionService - Session 0fe739eca83141d9ac26d844ba8d226a found in cache
2026-06-13 03:18:06.092 DEBUG [http-nio-8086-exec-1] c.c.c.service.ChatSessionService - Extended session 0fe739eca83141d9ac26d844ba8d226a
2026-06-13 03:18:07.628 DEBUG [DiscoveryClient-HeartbeatExecutor-0] c.netflix.discovery.DiscoveryClient - DiscoveryClient_CHATBOT-MICROSERVICE/chatbot-microservice:f7ea7abaac0af316d677d10b7c409315 - Heartbeat status: 200
2026-06-13 03:18:20.126 DEBUG [DiscoveryClient-CacheRefreshExecutor-0] c.netflix.discovery.DiscoveryClient - Got delta update with apps hashcode UP_6_
2026-06-13 03:18:20.126 DEBUG [DiscoveryClient-CacheRefreshExecutor-0] c.netflix.discovery.DiscoveryClient - The total number of instances fetched by the delta processor : 0
2026-06-13 03:18:20.126 DEBUG [DiscoveryClient-CacheRefreshExecutor-0] c.netflix.discovery.DiscoveryClient - The total number of all instances in the client now is 6
2026-06-13 03:18:20.126 DEBUG [DiscoveryClient-CacheRefreshExecutor-0] c.netflix.discovery.DiscoveryClient - Completed cache refresh task for discovery. All Apps hash code is Local region apps hashcode: UP_6_, is fetching remote regions? false 
2026-06-13 03:18:21.912 DEBUG [http-nio-8086-exec-2] c.c.c.service.ChatSessionService - Session 0fe739eca83141d9ac26d844ba8d226a found in cache
2026-06-13 03:18:21.928 DEBUG [http-nio-8086-exec-2] c.c.c.service.ChatSessionService - Extended session 0fe739eca83141d9ac26d844ba8d226a
2026-06-13 03:18:22.204 DEBUG [http-nio-8086-exec-7] c.c.c.service.ChatSessionService - Session 0fe739eca83141d9ac26d844ba8d226a found in cache
2026-06-13 03:18:22.205 DEBUG [http-nio-8086-exec-7] c.c.c.service.ChatSessionService - Extended session 0fe739eca83141d9ac26d844ba8d226a
2026-06-13 03:18:37.678 DEBUG [DiscoveryClient-HeartbeatExecutor-0] c.netflix.discovery.DiscoveryClient - DiscoveryClient_CHATBOT-MICROSERVICE/chatbot-microservice:f7ea7abaac0af316d677d10b7c409315 - Heartbeat status: 200
2026-06-13 03:18:50.014 DEBUG [http-nio-8086-exec-5] c.c.c.service.ChatSessionService - Session 0fe739eca83141d9ac26d844ba8d226a found in cache
2026-06-13 03:18:50.021 DEBUG [http-nio-8086-exec-5] c.c.c.service.ChatSessionService - Extended session 0fe739eca83141d9ac26d844ba8d226a
2026-06-13 03:18:50.702 DEBUG [DiscoveryClient-CacheRefreshExecutor-0] c.netflix.discovery.DiscoveryClient - Got delta update with apps hashcode UP_6_
2026-06-13 03:18:50.702 DEBUG [DiscoveryClient-CacheRefreshExecutor-0] c.netflix.discovery.DiscoveryClient - The total number of instances fetched by the delta processor : 0
2026-06-13 03:18:50.704 DEBUG [DiscoveryClient-CacheRefreshExecutor-0] c.netflix.discovery.DiscoveryClient - The total number of all instances in the client now is 6
2026-06-13 03:18:50.704 DEBUG [DiscoveryClient-CacheRefreshExecutor-0] c.netflix.discovery.DiscoveryClient - Completed cache refresh task for discovery. All Apps hash code is Local region apps hashcode: UP_6_, is fetching remote regions? false 
2026-06-13 03:18:53.672 DEBUG [http-nio-8086-exec-3] c.c.c.service.ChatSessionService - Session 0fe739eca83141d9ac26d844ba8d226a found in cache
2026-06-13 03:18:53.676 DEBUG [http-nio-8086-exec-3] c.c.c.service.ChatSessionService - Extended session 0fe739eca83141d9ac26d844ba8d226a
2026-06-13 03:19:08.310 DEBUG [DiscoveryClient-HeartbeatExecutor-0] c.netflix.discovery.DiscoveryClient - DiscoveryClient_CHATBOT-MICROSERVICE/chatbot-microservice:f7ea7abaac0af316d677d10b7c409315 - Heartbeat status: 200
2026-06-13 03:19:11.911 DEBUG [http-nio-8086-exec-10] c.c.c.service.ChatSessionService - Session 0fe739eca83141d9ac26d844ba8d226a found in cache
2026-06-13 03:19:11.911 DEBUG [http-nio-8086-exec-10] c.c.c.service.ChatSessionService - Extended session 0fe739eca83141d9ac26d844ba8d226a
2026-06-13 03:19:12.241 DEBUG [http-nio-8086-exec-9] c.c.c.service.ChatSessionService - Session 0fe739eca83141d9ac26d844ba8d226a found in cache
2026-06-13 03:19:12.241 DEBUG [http-nio-8086-exec-9] c.c.c.service.ChatSessionService - Extended session 0fe739eca83141d9ac26d844ba8d226a
2026-06-13 03:19:20.736 DEBUG [DiscoveryClient-CacheRefreshExecutor-0] c.netflix.discovery.DiscoveryClient - Got delta update with apps hashcode UP_6_
2026-06-13 03:19:20.736 DEBUG [DiscoveryClient-CacheRefreshExecutor-0] c.netflix.discovery.DiscoveryClient - The total number of instances fetched by the delta processor : 0
2026-06-13 03:19:20.736 DEBUG [DiscoveryClient-CacheRefreshExecutor-0] c.netflix.discovery.DiscoveryClient - The total number of all instances in the client now is 6
2026-06-13 03:19:20.736 DEBUG [DiscoveryClient-CacheRefreshExecutor-0] c.netflix.discovery.DiscoveryClient - Completed cache refresh task for discovery. All Apps hash code is Local region apps hashcode: UP_6_, is fetching remote regions? false 
2026-06-13 03:19:36.923 DEBUG [http-nio-8086-exec-8] c.c.c.service.ChatSessionService - Session 0fe739eca83141d9ac26d844ba8d226a found in cache
2026-06-13 03:19:36.923 DEBUG [http-nio-8086-exec-8] c.c.c.service.ChatSessionService - Extended session 0fe739eca83141d9ac26d844ba8d226a
2026-06-13 03:19:37.211 DEBUG [http-nio-8086-exec-2] c.c.c.service.ChatSessionService - Session 0fe739eca83141d9ac26d844ba8d226a found in cache
2026-06-13 03:19:37.211 DEBUG [http-nio-8086-exec-2] c.c.c.service.ChatSessionService - Extended session 0fe739eca83141d9ac26d844ba8d226a
2026-06-13 03:19:38.340 DEBUG [DiscoveryClient-HeartbeatExecutor-0] c.netflix.discovery.DiscoveryClient - DiscoveryClient_CHATBOT-MICROSERVICE/chatbot-microservice:f7ea7abaac0af316d677d10b7c409315 - Heartbeat status: 200
2026-06-13 03:19:50.763 DEBUG [DiscoveryClient-CacheRefreshExecutor-0] c.netflix.discovery.DiscoveryClient - Got delta update with apps hashcode UP_6_
2026-06-13 03:19:50.763 DEBUG [DiscoveryClient-CacheRefreshExecutor-0] c.netflix.discovery.DiscoveryClient - The total number of instances fetched by the delta processor : 0
2026-06-13 03:19:50.763 DEBUG [DiscoveryClient-CacheRefreshExecutor-0] c.netflix.discovery.DiscoveryClient - The total number of all instances in the client now is 6
2026-06-13 03:19:50.763 DEBUG [DiscoveryClient-CacheRefreshExecutor-0] c.netflix.discovery.DiscoveryClient - Completed cache refresh task for discovery. All Apps hash code is Local region apps hashcode: UP_6_, is fetching remote regions? false 
2026-06-13 03:20:02.255 DEBUG [http-nio-8086-exec-6] c.c.c.service.ChatSessionService - Session 0fe739eca83141d9ac26d844ba8d226a found in cache
2026-06-13 03:20:02.255 DEBUG [http-nio-8086-exec-6] c.c.c.service.ChatSessionService - Extended session 0fe739eca83141d9ac26d844ba8d226a
2026-06-13 03:20:08.376 DEBUG [DiscoveryClient-HeartbeatExecutor-0] c.netflix.discovery.DiscoveryClient - DiscoveryClient_CHATBOT-MICROSERVICE/chatbot-microservice:f7ea7abaac0af316d677d10b7c409315 - Heartbeat status: 200
2026-06-13 03:20:20.800 DEBUG [DiscoveryClient-CacheRefreshExecutor-0] c.netflix.discovery.DiscoveryClient - Got delta update with apps hashcode UP_6_
2026-06-13 03:20:20.800 DEBUG [DiscoveryClient-CacheRefreshExecutor-0] c.netflix.discovery.DiscoveryClient - The total number of instances fetched by the delta processor : 0
2026-06-13 03:20:20.801 DEBUG [DiscoveryClient-CacheRefreshExecutor-0] c.netflix.discovery.DiscoveryClient - The total number of all instances in the client now is 6
2026-06-13 03:20:20.801 DEBUG [DiscoveryClient-CacheRefreshExecutor-0] c.netflix.discovery.DiscoveryClient - Completed cache refresh task for discovery. All Apps hash code is Local region apps hashcode: UP_6_, is fetching remote regions? false 
2026-06-13 03:20:23.267 DEBUG [http-nio-8086-exec-3] c.c.c.service.ChatSessionService - Session 0fe739eca83141d9ac26d844ba8d226a found in cache
2026-06-13 03:20:23.283 DEBUG [http-nio-8086-exec-3] c.c.c.service.ChatSessionService - Extended session 0fe739eca83141d9ac26d844ba8d226a
2026-06-13 03:20:26.939 DEBUG [http-nio-8086-exec-4] c.c.c.service.ChatSessionService - Session 0fe739eca83141d9ac26d844ba8d226a found in cache
2026-06-13 03:20:26.939 DEBUG [http-nio-8086-exec-4] c.c.c.service.ChatSessionService - Extended session 0fe739eca83141d9ac26d844ba8d226a
2026-06-13 03:20:38.412 DEBUG [DiscoveryClient-HeartbeatExecutor-0] c.netflix.discovery.DiscoveryClient - DiscoveryClient_CHATBOT-MICROSERVICE/chatbot-microservice:f7ea7abaac0af316d677d10b7c409315 - Heartbeat status: 200
2026-06-13 03:20:50.819 DEBUG [DiscoveryClient-CacheRefreshExecutor-0] c.netflix.discovery.DiscoveryClient - Got delta update with apps hashcode UP_6_
2026-06-13 03:20:50.819 DEBUG [DiscoveryClient-CacheRefreshExecutor-0] c.netflix.discovery.DiscoveryClient - The total number of instances fetched by the delta processor : 0
2026-06-13 03:20:50.819 DEBUG [DiscoveryClient-CacheRefreshExecutor-0] c.netflix.discovery.DiscoveryClient - The total number of all instances in the client now is 6
2026-06-13 03:20:50.819 DEBUG [DiscoveryClient-CacheRefreshExecutor-0] c.netflix.discovery.DiscoveryClient - Completed cache refresh task for discovery. All Apps hash code is Local region apps hashcode: UP_6_, is fetching remote regions? false 
2026-06-13 03:20:51.908 DEBUG [http-nio-8086-exec-9] c.c.c.service.ChatSessionService - Session 0fe739eca83141d9ac26d844ba8d226a found in cache
2026-06-13 03:20:51.922 DEBUG [http-nio-8086-exec-9] c.c.c.service.ChatSessionService - Extended session 0fe739eca83141d9ac26d844ba8d226a
2026-06-13 03:21:08.445 DEBUG [DiscoveryClient-HeartbeatExecutor-0] c.netflix.discovery.DiscoveryClient - DiscoveryClient_CHATBOT-MICROSERVICE/chatbot-microservice:f7ea7abaac0af316d677d10b7c409315 - Heartbeat status: 200
2026-06-13 03:21:16.956 DEBUG [http-nio-8086-exec-8] c.c.c.service.ChatSessionService - Session 0fe739eca83141d9ac26d844ba8d226a found in cache
2026-06-13 03:21:16.956 DEBUG [http-nio-8086-exec-8] c.c.c.service.ChatSessionService - Extended session 0fe739eca83141d9ac26d844ba8d226a
2026-06-13 03:21:20.845 DEBUG [DiscoveryClient-CacheRefreshExecutor-0] c.netflix.discovery.DiscoveryClient - Got delta update with apps hashcode UP_6_
2026-06-13 03:21:20.845 DEBUG [DiscoveryClient-CacheRefreshExecutor-0] c.netflix.discovery.DiscoveryClient - The total number of instances fetched by the delta processor : 0
2026-06-13 03:21:20.845 DEBUG [DiscoveryClient-CacheRefreshExecutor-0] c.netflix.discovery.DiscoveryClient - The total number of all instances in the client now is 6
2026-06-13 03:21:20.845 DEBUG [DiscoveryClient-CacheRefreshExecutor-0] c.netflix.discovery.DiscoveryClient - Completed cache refresh task for discovery. All Apps hash code is Local region apps hashcode: UP_6_, is fetching remote regions? false 
2026-06-13 03:21:23.293 DEBUG [http-nio-8086-exec-7] c.c.c.service.ChatSessionService - Session 0fe739eca83141d9ac26d844ba8d226a found in cache
2026-06-13 03:21:23.293 DEBUG [http-nio-8086-exec-7] c.c.c.service.ChatSessionService - Extended session 0fe739eca83141d9ac26d844ba8d226a
2026-06-13 03:21:25.145 INFO  [AsyncResolver-bootstrap-executor-0] c.n.d.s.r.aws.ConfigClusterResolver - Resolving eureka endpoints via configuration
2026-06-13 03:21:25.145 DEBUG [AsyncResolver-bootstrap-executor-0] c.n.discovery.endpoint.EndpointUtils - The availability zone for the given region us-east-1 are [defaultZone]
2026-06-13 03:21:25.145 DEBUG [AsyncResolver-bootstrap-executor-0] c.n.d.s.r.aws.ConfigClusterResolver - Config resolved to [AwsEndpoint{ serviceUrl='http://localhost:8761/eureka/', region='us-east-1', zone='defaultZone'}]
2026-06-13 03:21:25.145 DEBUG [AsyncResolver-bootstrap-executor-0] c.n.d.s.r.a.ZoneAffinityClusterResolver - Local zone=defaultZone; resolved to: [AwsEndpoint{ serviceUrl='http://localhost:8761/eureka/', region='us-east-1', zone='defaultZone'}]
2026-06-13 03:21:25.145 DEBUG [AsyncResolver-bootstrap-executor-0] c.n.d.shared.resolver.AsyncResolver - Resolved to [AwsEndpoint{ serviceUrl='http://localhost:8761/eureka/', region='us-east-1', zone='defaultZone'}]
2026-06-13 03:21:38.488 DEBUG [DiscoveryClient-HeartbeatExecutor-0] c.netflix.discovery.DiscoveryClient - DiscoveryClient_CHATBOT-MICROSERVICE/chatbot-microservice:f7ea7abaac0af316d677d10b7c409315 - Heartbeat status: 200
2026-06-13 03:21:41.932 DEBUG [http-nio-8086-exec-5] c.c.c.service.ChatSessionService - Session 0fe739eca83141d9ac26d844ba8d226a found in cache
2026-06-13 03:21:41.932 DEBUG [http-nio-8086-exec-5] c.c.c.service.ChatSessionService - Extended session 0fe739eca83141d9ac26d844ba8d226a
2026-06-13 03:21:50.880 DEBUG [DiscoveryClient-CacheRefreshExecutor-0] c.netflix.discovery.DiscoveryClient - Got delta update with apps hashcode UP_6_
2026-06-13 03:21:50.880 DEBUG [DiscoveryClient-CacheRefreshExecutor-0] c.netflix.discovery.DiscoveryClient - The total number of instances fetched by the delta processor : 0
2026-06-13 03:21:50.880 DEBUG [DiscoveryClient-CacheRefreshExecutor-0] c.netflix.discovery.DiscoveryClient - The total number of all instances in the client now is 6
2026-06-13 03:21:50.880 DEBUG [DiscoveryClient-CacheRefreshExecutor-0] c.netflix.discovery.DiscoveryClient - Completed cache refresh task for discovery. All Apps hash code is Local region apps hashcode: UP_6_, is fetching remote regions? false 
2026-06-13 03:22:06.927 DEBUG [http-nio-8086-exec-4] c.c.c.service.ChatSessionService - Session 0fe739eca83141d9ac26d844ba8d226a found in cache
2026-06-13 03:22:06.927 DEBUG [http-nio-8086-exec-4] c.c.c.service.ChatSessionService - Extended session 0fe739eca83141d9ac26d844ba8d226a
2026-06-13 03:22:08.525 DEBUG [DiscoveryClient-HeartbeatExecutor-0] c.netflix.discovery.DiscoveryClient - DiscoveryClient_CHATBOT-MICROSERVICE/chatbot-microservice:f7ea7abaac0af316d677d10b7c409315 - Heartbeat status: 200
2026-06-13 03:22:18.515 INFO  [MessageBroker-6] o.s.w.s.c.WebSocketMessageBrokerStats - WebSocketSession[0 current WS(0)-HttpStream(0)-HttpPoll(0), 0 total, 0 closed abnormally (0 connect failure, 0 send limit, 0 transport error)], stompSubProtocol[processed CONNECT(0)-CONNECTED(0)-DISCONNECT(0)], stompBrokerRelay[null], inboundChannel[pool size = 0, active threads = 0, queued tasks = 0, completed tasks = 0], outboundChannel[pool size = 0, active threads = 0, queued tasks = 0, completed tasks = 0], sockJsScheduler[pool size = 12, active threads = 1, queued tasks = 1, completed tasks = 45]
2026-06-13 03:22:20.907 DEBUG [DiscoveryClient-CacheRefreshExecutor-0] c.netflix.discovery.DiscoveryClient - Got delta update with apps hashcode UP_6_
2026-06-13 03:22:20.907 DEBUG [DiscoveryClient-CacheRefreshExecutor-0] c.netflix.discovery.DiscoveryClient - The total number of instances fetched by the delta processor : 0
2026-06-13 03:22:20.907 DEBUG [DiscoveryClient-CacheRefreshExecutor-0] c.netflix.discovery.DiscoveryClient - The total number of all instances in the client now is 6
2026-06-13 03:22:20.907 DEBUG [DiscoveryClient-CacheRefreshExecutor-0] c.netflix.discovery.DiscoveryClient - Completed cache refresh task for discovery. All Apps hash code is Local region apps hashcode: UP_6_, is fetching remote regions? false 
2026-06-13 03:22:23.277 DEBUG [http-nio-8086-exec-9] c.c.c.service.ChatSessionService - Session 0fe739eca83141d9ac26d844ba8d226a found in cache
2026-06-13 03:22:23.277 DEBUG [http-nio-8086-exec-9] c.c.c.service.ChatSessionService - Extended session 0fe739eca83141d9ac26d844ba8d226a
2026-06-13 03:22:33.532 DEBUG [http-nio-8086-exec-8] c.c.c.service.ChatSessionService - Session 0fe739eca83141d9ac26d844ba8d226a found in cache
2026-06-13 03:22:33.532 DEBUG [http-nio-8086-exec-8] c.c.c.service.ChatSessionService - Extended session 0fe739eca83141d9ac26d844ba8d226a
2026-06-13 03:22:38.561 DEBUG [DiscoveryClient-HeartbeatExecutor-0] c.netflix.discovery.DiscoveryClient - DiscoveryClient_CHATBOT-MICROSERVICE/chatbot-microservice:f7ea7abaac0af316d677d10b7c409315 - Heartbeat status: 200
2026-06-13 03:22:50.930 DEBUG [DiscoveryClient-CacheRefreshExecutor-0] c.netflix.discovery.DiscoveryClient - Got delta update with apps hashcode UP_6_
2026-06-13 03:22:50.930 DEBUG [DiscoveryClient-CacheRefreshExecutor-0] c.netflix.discovery.DiscoveryClient - The total number of instances fetched by the delta processor : 0
2026-06-13 03:22:50.930 DEBUG [DiscoveryClient-CacheRefreshExecutor-0] c.netflix.discovery.DiscoveryClient - The total number of all instances in the client now is 6
2026-06-13 03:22:50.930 DEBUG [DiscoveryClient-CacheRefreshExecutor-0] c.netflix.discovery.DiscoveryClient - Completed cache refresh task for discovery. All Apps hash code is Local region apps hashcode: UP_6_, is fetching remote regions? false 
2026-06-13 03:22:56.939 DEBUG [http-nio-8086-exec-7] c.c.c.service.ChatSessionService - Session 0fe739eca83141d9ac26d844ba8d226a found in cache
2026-06-13 03:22:56.940 DEBUG [http-nio-8086-exec-7] c.c.c.service.ChatSessionService - Extended session 0fe739eca83141d9ac26d844ba8d226a
2026-06-13 03:23:08.597 DEBUG [DiscoveryClient-HeartbeatExecutor-0] c.netflix.discovery.DiscoveryClient - DiscoveryClient_CHATBOT-MICROSERVICE/chatbot-microservice:f7ea7abaac0af316d677d10b7c409315 - Heartbeat status: 200
2026-06-13 03:23:20.967 DEBUG [DiscoveryClient-CacheRefreshExecutor-0] c.netflix.discovery.DiscoveryClient - Got delta update with apps hashcode UP_6_
2026-06-13 03:23:20.967 DEBUG [DiscoveryClient-CacheRefreshExecutor-0] c.netflix.discovery.DiscoveryClient - The total number of instances fetched by the delta processor : 0
2026-06-13 03:23:20.967 DEBUG [DiscoveryClient-CacheRefreshExecutor-0] c.netflix.discovery.DiscoveryClient - The total number of all instances in the client now is 6
2026-06-13 03:23:20.967 DEBUG [DiscoveryClient-CacheRefreshExecutor-0] c.netflix.discovery.DiscoveryClient - Completed cache refresh task for discovery. All Apps hash code is Local region apps hashcode: UP_6_, is fetching remote regions? false 
2026-06-13 03:23:21.958 DEBUG [http-nio-8086-exec-5] c.c.c.service.ChatSessionService - Session 0fe739eca83141d9ac26d844ba8d226a found in cache
2026-06-13 03:23:21.960 DEBUG [http-nio-8086-exec-5] c.c.c.service.ChatSessionService - Extended session 0fe739eca83141d9ac26d844ba8d226a
2026-06-13 03:23:23.374 DEBUG [http-nio-8086-exec-3] c.c.c.service.ChatSessionService - Session 0fe739eca83141d9ac26d844ba8d226a found in cache
2026-06-13 03:23:23.377 DEBUG [http-nio-8086-exec-3] c.c.c.service.ChatSessionService - Extended session 0fe739eca83141d9ac26d844ba8d226a
2026-06-13 03:23:38.631 DEBUG [DiscoveryClient-HeartbeatExecutor-0] c.netflix.discovery.DiscoveryClient - DiscoveryClient_CHATBOT-MICROSERVICE/chatbot-microservice:f7ea7abaac0af316d677d10b7c409315 - Heartbeat status: 200
2026-06-13 03:23:49.166 DEBUG [http-nio-8086-exec-10] c.c.c.service.ChatSessionService - Session 0fe739eca83141d9ac26d844ba8d226a found in cache
2026-06-13 03:23:49.167 DEBUG [http-nio-8086-exec-10] c.c.c.service.ChatSessionService - Extended session 0fe739eca83141d9ac26d844ba8d226a
2026-06-13 03:23:50.994 DEBUG [DiscoveryClient-CacheRefreshExecutor-0] c.netflix.discovery.DiscoveryClient - Got delta update with apps hashcode UP_6_
2026-06-13 03:23:50.994 DEBUG [DiscoveryClient-CacheRefreshExecutor-0] c.netflix.discovery.DiscoveryClient - The total number of instances fetched by the delta processor : 0
2026-06-13 03:23:50.994 DEBUG [DiscoveryClient-CacheRefreshExecutor-0] c.netflix.discovery.DiscoveryClient - The total number of all instances in the client now is 6
2026-06-13 03:23:50.996 DEBUG [DiscoveryClient-CacheRefreshExecutor-0] c.netflix.discovery.DiscoveryClient - Completed cache refresh task for discovery. All Apps hash code is Local region apps hashcode: UP_6_, is fetching remote regions? false 
2026-06-13 03:24:08.669 DEBUG [DiscoveryClient-HeartbeatExecutor-0] c.netflix.discovery.DiscoveryClient - DiscoveryClient_CHATBOT-MICROSERVICE/chatbot-microservice:f7ea7abaac0af316d677d10b7c409315 - Heartbeat status: 200
2026-06-13 03:24:12.220 DEBUG [http-nio-8086-exec-1] c.c.c.service.ChatSessionService - Session 0fe739eca83141d9ac26d844ba8d226a found in cache
2026-06-13 03:24:12.220 DEBUG [http-nio-8086-exec-1] c.c.c.service.ChatSessionService - Extended session 0fe739eca83141d9ac26d844ba8d226a
2026-06-13 03:24:21.014 DEBUG [DiscoveryClient-CacheRefreshExecutor-0] c.netflix.discovery.DiscoveryClient - Got delta update with apps hashcode UP_6_
2026-06-13 03:24:21.014 DEBUG [DiscoveryClient-CacheRefreshExecutor-0] c.netflix.discovery.DiscoveryClient - The total number of instances fetched by the delta processor : 0
2026-06-13 03:24:21.014 DEBUG [DiscoveryClient-CacheRefreshExecutor-0] c.netflix.discovery.DiscoveryClient - The total number of all instances in the client now is 6
2026-06-13 03:24:21.014 DEBUG [DiscoveryClient-CacheRefreshExecutor-0] c.netflix.discovery.DiscoveryClient - Completed cache refresh task for discovery. All Apps hash code is Local region apps hashcode: UP_6_, is fetching remote regions? false 
2026-06-13 03:24:23.478 DEBUG [http-nio-8086-exec-2] c.c.c.service.ChatSessionService - Session 0fe739eca83141d9ac26d844ba8d226a found in cache
2026-06-13 03:24:23.478 DEBUG [http-nio-8086-exec-2] c.c.c.service.ChatSessionService - Extended session 0fe739eca83141d9ac26d844ba8d226a
2026-06-13 03:24:37.238 DEBUG [http-nio-8086-exec-6] c.c.c.service.ChatSessionService - Session 0fe739eca83141d9ac26d844ba8d226a found in cache
2026-06-13 03:24:37.244 DEBUG [http-nio-8086-exec-6] c.c.c.service.ChatSessionService - Extended session 0fe739eca83141d9ac26d844ba8d226a
2026-06-13 03:24:38.703 DEBUG [DiscoveryClient-HeartbeatExecutor-0] c.netflix.discovery.DiscoveryClient - DiscoveryClient_CHATBOT-MICROSERVICE/chatbot-microservice:f7ea7abaac0af316d677d10b7c409315 - Heartbeat status: 200
2026-06-13 03:24:51.051 DEBUG [DiscoveryClient-CacheRefreshExecutor-0] c.netflix.discovery.DiscoveryClient - Got delta update with apps hashcode UP_6_
2026-06-13 03:24:51.051 DEBUG [DiscoveryClient-CacheRefreshExecutor-0] c.netflix.discovery.DiscoveryClient - The total number of instances fetched by the delta processor : 0
2026-06-13 03:24:51.051 DEBUG [DiscoveryClient-CacheRefreshExecutor-0] c.netflix.discovery.DiscoveryClient - The total number of all instances in the client now is 6
2026-06-13 03:24:51.051 DEBUG [DiscoveryClient-CacheRefreshExecutor-0] c.netflix.discovery.DiscoveryClient - Completed cache refresh task for discovery. All Apps hash code is Local region apps hashcode: UP_6_, is fetching remote regions? false 
2026-06-13 03:25:05.025 DEBUG [http-nio-8086-exec-3] c.c.c.service.ChatSessionService - Session 0fe739eca83141d9ac26d844ba8d226a found in cache
2026-06-13 03:25:05.027 DEBUG [http-nio-8086-exec-3] c.c.c.service.ChatSessionService - Extended session 0fe739eca83141d9ac26d844ba8d226a
2026-06-13 03:25:08.736 DEBUG [DiscoveryClient-HeartbeatExecutor-0] c.netflix.discovery.DiscoveryClient - DiscoveryClient_CHATBOT-MICROSERVICE/chatbot-microservice:f7ea7abaac0af316d677d10b7c409315 - Heartbeat status: 200
2026-06-13 03:25:21.080 DEBUG [DiscoveryClient-CacheRefreshExecutor-0] c.netflix.discovery.DiscoveryClient - Got delta update with apps hashcode UP_6_
2026-06-13 03:25:21.080 DEBUG [DiscoveryClient-CacheRefreshExecutor-0] c.netflix.discovery.DiscoveryClient - The total number of instances fetched by the delta processor : 0
2026-06-13 03:25:21.080 DEBUG [DiscoveryClient-CacheRefreshExecutor-0] c.netflix.discovery.DiscoveryClient - The total number of all instances in the client now is 6
2026-06-13 03:25:21.080 DEBUG [DiscoveryClient-CacheRefreshExecutor-0] c.netflix.discovery.DiscoveryClient - Completed cache refresh task for discovery. All Apps hash code is Local region apps hashcode: UP_6_, is fetching remote regions? false 
2026-06-13 03:25:23.391 DEBUG [http-nio-8086-exec-10] c.c.c.service.ChatSessionService - Session 0fe739eca83141d9ac26d844ba8d226a found in cache
2026-06-13 03:25:23.392 DEBUG [http-nio-8086-exec-10] c.c.c.service.ChatSessionService - Extended session 0fe739eca83141d9ac26d844ba8d226a
2026-06-13 03:25:27.236 DEBUG [http-nio-8086-exec-9] c.c.c.service.ChatSessionService - Session 0fe739eca83141d9ac26d844ba8d226a found in cache
2026-06-13 03:25:27.236 DEBUG [http-nio-8086-exec-9] c.c.c.service.ChatSessionService - Extended session 0fe739eca83141d9ac26d844ba8d226a
2026-06-13 03:25:38.768 DEBUG [DiscoveryClient-HeartbeatExecutor-0] c.netflix.discovery.DiscoveryClient - DiscoveryClient_CHATBOT-MICROSERVICE/chatbot-microservice:f7ea7abaac0af316d677d10b7c409315 - Heartbeat status: 200
2026-06-13 03:25:51.117 DEBUG [DiscoveryClient-CacheRefreshExecutor-0] c.netflix.discovery.DiscoveryClient - Got delta update with apps hashcode UP_6_
2026-06-13 03:25:51.118 DEBUG [DiscoveryClient-CacheRefreshExecutor-0] c.netflix.discovery.DiscoveryClient - The total number of instances fetched by the delta processor : 0
2026-06-13 03:25:51.119 DEBUG [DiscoveryClient-CacheRefreshExecutor-0] c.netflix.discovery.DiscoveryClient - The total number of all instances in the client now is 6
2026-06-13 03:25:51.119 DEBUG [DiscoveryClient-CacheRefreshExecutor-0] c.netflix.discovery.DiscoveryClient - Completed cache refresh task for discovery. All Apps hash code is Local region apps hashcode: UP_6_, is fetching remote regions? false 
2026-06-13 03:25:52.253 DEBUG [http-nio-8086-exec-8] c.c.c.service.ChatSessionService - Session 0fe739eca83141d9ac26d844ba8d226a found in cache
2026-06-13 03:25:52.253 DEBUG [http-nio-8086-exec-8] c.c.c.service.ChatSessionService - Extended session 0fe739eca83141d9ac26d844ba8d226a
2026-06-13 03:26:08.803 DEBUG [DiscoveryClient-HeartbeatExecutor-0] c.netflix.discovery.DiscoveryClient - DiscoveryClient_CHATBOT-MICROSERVICE/chatbot-microservice:f7ea7abaac0af316d677d10b7c409315 - Heartbeat status: 200
2026-06-13 03:26:19.573 DEBUG [http-nio-8086-exec-7] c.c.c.service.ChatSessionService - Session 0fe739eca83141d9ac26d844ba8d226a found in cache
2026-06-13 03:26:19.578 DEBUG [http-nio-8086-exec-7] c.c.c.service.ChatSessionService - Extended session 0fe739eca83141d9ac26d844ba8d226a
2026-06-13 03:26:21.130 DEBUG [DiscoveryClient-CacheRefreshExecutor-0] c.netflix.discovery.DiscoveryClient - Got delta update with apps hashcode UP_6_
2026-06-13 03:26:21.130 DEBUG [DiscoveryClient-CacheRefreshExecutor-0] c.netflix.discovery.DiscoveryClient - The total number of instances fetched by the delta processor : 0
2026-06-13 03:26:21.130 DEBUG [DiscoveryClient-CacheRefreshExecutor-0] c.netflix.discovery.DiscoveryClient - The total number of all instances in the client now is 6
2026-06-13 03:26:21.130 DEBUG [DiscoveryClient-CacheRefreshExecutor-0] c.netflix.discovery.DiscoveryClient - Completed cache refresh task for discovery. All Apps hash code is Local region apps hashcode: UP_6_, is fetching remote regions? false 
2026-06-13 03:26:23.351 DEBUG [http-nio-8086-exec-6] c.c.c.service.ChatSessionService - Session 0fe739eca83141d9ac26d844ba8d226a found in cache
2026-06-13 03:26:23.352 DEBUG [http-nio-8086-exec-6] c.c.c.service.ChatSessionService - Extended session 0fe739eca83141d9ac26d844ba8d226a
2026-06-13 03:26:25.182 INFO  [AsyncResolver-bootstrap-executor-0] c.n.d.s.r.aws.ConfigClusterResolver - Resolving eureka endpoints via configuration
2026-06-13 03:26:25.183 DEBUG [AsyncResolver-bootstrap-executor-0] c.n.discovery.endpoint.EndpointUtils - The availability zone for the given region us-east-1 are [defaultZone]
2026-06-13 03:26:25.183 DEBUG [AsyncResolver-bootstrap-executor-0] c.n.d.s.r.aws.ConfigClusterResolver - Config resolved to [AwsEndpoint{ serviceUrl='http://localhost:8761/eureka/', region='us-east-1', zone='defaultZone'}]
2026-06-13 03:26:25.183 DEBUG [AsyncResolver-bootstrap-executor-0] c.n.d.s.r.a.ZoneAffinityClusterResolver - Local zone=defaultZone; resolved to: [AwsEndpoint{ serviceUrl='http://localhost:8761/eureka/', region='us-east-1', zone='defaultZone'}]
2026-06-13 03:26:25.183 DEBUG [AsyncResolver-bootstrap-executor-0] c.n.d.shared.resolver.AsyncResolver - Resolved to [AwsEndpoint{ serviceUrl='http://localhost:8761/eureka/', region='us-east-1', zone='defaultZone'}]
2026-06-13 03:26:38.838 DEBUG [DiscoveryClient-HeartbeatExecutor-0] c.netflix.discovery.DiscoveryClient - DiscoveryClient_CHATBOT-MICROSERVICE/chatbot-microservice:f7ea7abaac0af316d677d10b7c409315 - Heartbeat status: 200
2026-06-13 03:26:42.236 DEBUG [http-nio-8086-exec-3] c.c.c.service.ChatSessionService - Session 0fe739eca83141d9ac26d844ba8d226a found in cache
2026-06-13 03:26:42.236 DEBUG [http-nio-8086-exec-3] c.c.c.service.ChatSessionService - Extended session 0fe739eca83141d9ac26d844ba8d226a
2026-06-13 03:26:51.169 DEBUG [DiscoveryClient-CacheRefreshExecutor-0] c.netflix.discovery.DiscoveryClient - Got delta update with apps hashcode UP_6_
2026-06-13 03:26:51.169 DEBUG [DiscoveryClient-CacheRefreshExecutor-0] c.netflix.discovery.DiscoveryClient - The total number of instances fetched by the delta processor : 0
2026-06-13 03:26:51.169 DEBUG [DiscoveryClient-CacheRefreshExecutor-0] c.netflix.discovery.DiscoveryClient - The total number of all instances in the client now is 6
2026-06-13 03:26:51.169 DEBUG [DiscoveryClient-CacheRefreshExecutor-0] c.netflix.discovery.DiscoveryClient - Completed cache refresh task for discovery. All Apps hash code is Local region apps hashcode: UP_6_, is fetching remote regions? false 
2026-06-13 03:26:53.383 DEBUG [http-nio-8086-exec-10] c.c.c.service.ChatSessionService - Session 0fe739eca83141d9ac26d844ba8d226a found in cache
2026-06-13 03:26:53.433 DEBUG [http-nio-8086-exec-9] c.c.c.service.ChatSessionService - Session 0fe739eca83141d9ac26d844ba8d226a found in cache
2026-06-13 03:26:53.608 DEBUG [http-nio-8086-exec-1] c.c.c.service.ChatSessionService - Session 0fe739eca83141d9ac26d844ba8d226a found in cache
2026-06-13 03:26:54.114 DEBUG [http-nio-8086-exec-8] c.c.c.service.ChatSessionService - Session 0fe739eca83141d9ac26d844ba8d226a found in cache
2026-06-13 03:26:55.228 DEBUG [http-nio-8086-exec-2] c.c.c.service.ChatSessionService - Session 0fe739eca83141d9ac26d844ba8d226a found in cache
2026-06-13 03:26:55.261 DEBUG [http-nio-8086-exec-2] c.c.c.service.ChatSessionService - Updated context for session 0fe739eca83141d9ac26d844ba8d226a
2026-06-13 03:27:08.870 DEBUG [DiscoveryClient-HeartbeatExecutor-0] c.netflix.discovery.DiscoveryClient - DiscoveryClient_CHATBOT-MICROSERVICE/chatbot-microservice:f7ea7abaac0af316d677d10b7c409315 - Heartbeat status: 200
2026-06-13 03:27:18.964 DEBUG [http-nio-8086-exec-6] c.c.c.service.ChatSessionService - Session 0fe739eca83141d9ac26d844ba8d226a found in cache
2026-06-13 03:27:18.964 DEBUG [http-nio-8086-exec-6] c.c.c.service.ChatSessionService - Extended session 0fe739eca83141d9ac26d844ba8d226a
2026-06-13 03:27:19.926 DEBUG [http-nio-8086-exec-5] c.c.c.service.ChatSessionService - Session 0fe739eca83141d9ac26d844ba8d226a found in cache
2026-06-13 03:27:19.926 DEBUG [http-nio-8086-exec-5] c.c.c.service.ChatSessionService - Extended session 0fe739eca83141d9ac26d844ba8d226a
2026-06-13 03:27:21.204 DEBUG [DiscoveryClient-CacheRefreshExecutor-0] c.netflix.discovery.DiscoveryClient - Got delta update with apps hashcode UP_6_
2026-06-13 03:27:21.204 DEBUG [DiscoveryClient-CacheRefreshExecutor-0] c.netflix.discovery.DiscoveryClient - The total number of instances fetched by the delta processor : 0
2026-06-13 03:27:21.204 DEBUG [DiscoveryClient-CacheRefreshExecutor-0] c.netflix.discovery.DiscoveryClient - The total number of all instances in the client now is 6
2026-06-13 03:27:21.204 DEBUG [DiscoveryClient-CacheRefreshExecutor-0] c.netflix.discovery.DiscoveryClient - Completed cache refresh task for discovery. All Apps hash code is Local region apps hashcode: UP_6_, is fetching remote regions? false 
2026-06-13 03:27:38.967 DEBUG [DiscoveryClient-HeartbeatExecutor-0] c.netflix.discovery.DiscoveryClient - DiscoveryClient_CHATBOT-MICROSERVICE/chatbot-microservice:f7ea7abaac0af316d677d10b7c409315 - Heartbeat status: 200
2026-06-13 03:27:43.535 DEBUG [http-nio-8086-exec-4] c.c.c.service.ChatSessionService - Session 0fe739eca83141d9ac26d844ba8d226a found in cache
2026-06-13 03:27:43.535 DEBUG [http-nio-8086-exec-4] c.c.c.service.ChatSessionService - Extended session 0fe739eca83141d9ac26d844ba8d226a
2026-06-13 03:27:51.236 DEBUG [DiscoveryClient-CacheRefreshExecutor-0] c.netflix.discovery.DiscoveryClient - Got delta update with apps hashcode UP_6_
2026-06-13 03:27:51.236 DEBUG [DiscoveryClient-CacheRefreshExecutor-0] c.netflix.discovery.DiscoveryClient - The total number of instances fetched by the delta processor : 0
2026-06-13 03:27:51.236 DEBUG [DiscoveryClient-CacheRefreshExecutor-0] c.netflix.discovery.DiscoveryClient - The total number of all instances in the client now is 6
2026-06-13 03:27:51.236 DEBUG [DiscoveryClient-CacheRefreshExecutor-0] c.netflix.discovery.DiscoveryClient - Completed cache refresh task for discovery. All Apps hash code is Local region apps hashcode: UP_6_, is fetching remote regions? false 
2026-06-13 03:28:08.205 DEBUG [http-nio-8086-exec-9] c.c.c.service.ChatSessionService - Session 0fe739eca83141d9ac26d844ba8d226a found in cache
2026-06-13 03:28:08.206 DEBUG [http-nio-8086-exec-9] c.c.c.service.ChatSessionService - Extended session 0fe739eca83141d9ac26d844ba8d226a
2026-06-13 03:28:08.528 DEBUG [http-nio-8086-exec-1] c.c.c.service.ChatSessionService - Session 0fe739eca83141d9ac26d844ba8d226a found in cache
2026-06-13 03:28:08.529 DEBUG [http-nio-8086-exec-1] c.c.c.service.ChatSessionService - Extended session 0fe739eca83141d9ac26d844ba8d226a
2026-06-13 03:28:09.004 DEBUG [DiscoveryClient-HeartbeatExecutor-0] c.netflix.discovery.DiscoveryClient - DiscoveryClient_CHATBOT-MICROSERVICE/chatbot-microservice:f7ea7abaac0af316d677d10b7c409315 - Heartbeat status: 200
2026-06-13 03:28:22.064 DEBUG [DiscoveryClient-CacheRefreshExecutor-0] c.netflix.discovery.DiscoveryClient - Got delta update with apps hashcode UP_6_
2026-06-13 03:28:22.064 DEBUG [DiscoveryClient-CacheRefreshExecutor-0] c.netflix.discovery.DiscoveryClient - The total number of instances fetched by the delta processor : 0
2026-06-13 03:28:22.064 DEBUG [DiscoveryClient-CacheRefreshExecutor-0] c.netflix.discovery.DiscoveryClient - The total number of all instances in the client now is 6
2026-06-13 03:28:22.064 DEBUG [DiscoveryClient-CacheRefreshExecutor-0] c.netflix.discovery.DiscoveryClient - Completed cache refresh task for discovery. All Apps hash code is Local region apps hashcode: UP_6_, is fetching remote regions? false 
2026-06-13 03:28:37.195 DEBUG [http-nio-8086-exec-2] c.c.c.service.ChatSessionService - Session 0fe739eca83141d9ac26d844ba8d226a found in cache
2026-06-13 03:28:37.199 DEBUG [http-nio-8086-exec-2] c.c.c.service.ChatSessionService - Extended session 0fe739eca83141d9ac26d844ba8d226a
2026-06-13 03:28:39.052 DEBUG [DiscoveryClient-HeartbeatExecutor-0] c.netflix.discovery.DiscoveryClient - DiscoveryClient_CHATBOT-MICROSERVICE/chatbot-microservice:f7ea7abaac0af316d677d10b7c409315 - Heartbeat status: 200
2026-06-13 03:28:40.112 DEBUG [http-nio-8086-exec-7] c.c.c.service.ChatSessionService - Session 0fe739eca83141d9ac26d844ba8d226a found in cache
2026-06-13 03:28:40.112 DEBUG [http-nio-8086-exec-7] c.c.c.service.ChatSessionService - Extended session 0fe739eca83141d9ac26d844ba8d226a
2026-06-13 03:28:52.503 DEBUG [DiscoveryClient-CacheRefreshExecutor-0] c.netflix.discovery.DiscoveryClient - Got delta update with apps hashcode UP_6_
2026-06-13 03:28:52.503 DEBUG [DiscoveryClient-CacheRefreshExecutor-0] c.netflix.discovery.DiscoveryClient - The total number of instances fetched by the delta processor : 0
2026-06-13 03:28:52.514 DEBUG [DiscoveryClient-CacheRefreshExecutor-0] c.netflix.discovery.DiscoveryClient - The total number of all instances in the client now is 6
2026-06-13 03:28:52.514 DEBUG [DiscoveryClient-CacheRefreshExecutor-0] c.netflix.discovery.DiscoveryClient - Completed cache refresh task for discovery. All Apps hash code is Local region apps hashcode: UP_6_, is fetching remote regions? false 
2026-06-13 03:28:59.441 DEBUG [http-nio-8086-exec-5] c.c.c.service.ChatSessionService - Session 0fe739eca83141d9ac26d844ba8d226a found in cache
2026-06-13 03:28:59.445 DEBUG [http-nio-8086-exec-5] c.c.c.service.ChatSessionService - Extended session 0fe739eca83141d9ac26d844ba8d226a
2026-06-13 03:28:59.797 DEBUG [http-nio-8086-exec-3] c.c.c.service.ChatSessionService - Session 0fe739eca83141d9ac26d844ba8d226a found in cache
2026-06-13 03:29:00.368 DEBUG [http-nio-8086-exec-4] c.c.c.service.ChatSessionService - Session 0fe739eca83141d9ac26d844ba8d226a found in cache
2026-06-13 03:29:09.241 DEBUG [DiscoveryClient-HeartbeatExecutor-0] c.netflix.discovery.DiscoveryClient - DiscoveryClient_CHATBOT-MICROSERVICE/chatbot-microservice:f7ea7abaac0af316d677d10b7c409315 - Heartbeat status: 200
2026-06-13 03:29:22.537 DEBUG [DiscoveryClient-CacheRefreshExecutor-0] c.netflix.discovery.DiscoveryClient - Got delta update with apps hashcode UP_6_
2026-06-13 03:29:22.539 DEBUG [DiscoveryClient-CacheRefreshExecutor-0] c.netflix.discovery.DiscoveryClient - The total number of instances fetched by the delta processor : 0
2026-06-13 03:29:22.539 DEBUG [DiscoveryClient-CacheRefreshExecutor-0] c.netflix.discovery.DiscoveryClient - The total number of all instances in the client now is 6
2026-06-13 03:29:22.539 DEBUG [DiscoveryClient-CacheRefreshExecutor-0] c.netflix.discovery.DiscoveryClient - Completed cache refresh task for discovery. All Apps hash code is Local region apps hashcode: UP_6_, is fetching remote regions? false 
2026-06-13 03:29:24.251 DEBUG [http-nio-8086-exec-9] c.c.c.service.ChatSessionService - Session 0fe739eca83141d9ac26d844ba8d226a found in cache
2026-06-13 03:29:24.252 DEBUG [http-nio-8086-exec-9] c.c.c.service.ChatSessionService - Extended session 0fe739eca83141d9ac26d844ba8d226a
2026-06-13 03:29:25.165 DEBUG [http-nio-8086-exec-1] c.c.c.service.ChatSessionService - Session 0fe739eca83141d9ac26d844ba8d226a found in cache
2026-06-13 03:29:25.167 DEBUG [http-nio-8086-exec-1] c.c.c.service.ChatSessionService - Extended session 0fe739eca83141d9ac26d844ba8d226a
2026-06-13 03:29:39.289 DEBUG [DiscoveryClient-HeartbeatExecutor-0] c.netflix.discovery.DiscoveryClient - DiscoveryClient_CHATBOT-MICROSERVICE/chatbot-microservice:f7ea7abaac0af316d677d10b7c409315 - Heartbeat status: 200
2026-06-13 03:29:50.768 DEBUG [http-nio-8086-exec-2] c.c.c.service.ChatSessionService - Session 0fe739eca83141d9ac26d844ba8d226a found in cache
2026-06-13 03:29:50.768 DEBUG [http-nio-8086-exec-2] c.c.c.service.ChatSessionService - Extended session 0fe739eca83141d9ac26d844ba8d226a
2026-06-13 03:29:51.568 DEBUG [http-nio-8086-exec-7] c.c.c.service.ChatSessionService - Session 0fe739eca83141d9ac26d844ba8d226a found in cache
2026-06-13 03:29:51.568 DEBUG [http-nio-8086-exec-7] c.c.c.service.ChatSessionService - Extended session 0fe739eca83141d9ac26d844ba8d226a
2026-06-13 03:29:52.621 DEBUG [DiscoveryClient-CacheRefreshExecutor-0] c.netflix.discovery.DiscoveryClient - Got delta update with apps hashcode UP_6_
2026-06-13 03:29:52.621 DEBUG [DiscoveryClient-CacheRefreshExecutor-0] c.netflix.discovery.DiscoveryClient - The total number of instances fetched by the delta processor : 0
2026-06-13 03:29:52.621 DEBUG [DiscoveryClient-CacheRefreshExecutor-0] c.netflix.discovery.DiscoveryClient - The total number of all instances in the client now is 6
2026-06-13 03:29:52.621 DEBUG [DiscoveryClient-CacheRefreshExecutor-0] c.netflix.discovery.DiscoveryClient - Completed cache refresh task for discovery. All Apps hash code is Local region apps hashcode: UP_6_, is fetching remote regions? false 
2026-06-13 03:30:09.323 DEBUG [DiscoveryClient-HeartbeatExecutor-0] c.netflix.discovery.DiscoveryClient - DiscoveryClient_CHATBOT-MICROSERVICE/chatbot-microservice:f7ea7abaac0af316d677d10b7c409315 - Heartbeat status: 200
2026-06-13 03:30:15.187 DEBUG [http-nio-8086-exec-5] c.c.c.service.ChatSessionService - Session 0fe739eca83141d9ac26d844ba8d226a found in cache
2026-06-13 03:30:15.187 DEBUG [http-nio-8086-exec-5] c.c.c.service.ChatSessionService - Extended session 0fe739eca83141d9ac26d844ba8d226a
2026-06-13 03:30:22.647 DEBUG [DiscoveryClient-CacheRefreshExecutor-0] c.n.d.s.t.d.SessionedEurekaHttpClient - Ending a session and starting anew
2026-06-13 03:30:23.840 DEBUG [DiscoveryClient-CacheRefreshExecutor-0] c.n.d.s.t.d.RedirectingEurekaHttpClient - Pinning to endpoint null
2026-06-13 03:30:23.840 DEBUG [DiscoveryClient-CacheRefreshExecutor-0] c.netflix.discovery.DiscoveryClient - Got delta update with apps hashcode UP_6_
2026-06-13 03:30:23.840 DEBUG [DiscoveryClient-CacheRefreshExecutor-0] c.netflix.discovery.DiscoveryClient - The total number of instances fetched by the delta processor : 0
2026-06-13 03:30:23.840 DEBUG [DiscoveryClient-CacheRefreshExecutor-0] c.netflix.discovery.DiscoveryClient - The total number of all instances in the client now is 6
2026-06-13 03:30:23.840 DEBUG [DiscoveryClient-CacheRefreshExecutor-0] c.netflix.discovery.DiscoveryClient - Completed cache refresh task for discovery. All Apps hash code is Local region apps hashcode: UP_6_, is fetching remote regions? false 
2026-06-13 03:30:39.339 DEBUG [DiscoveryClient-HeartbeatExecutor-0] c.n.d.s.t.d.SessionedEurekaHttpClient - Ending a session and starting anew
2026-06-13 03:30:39.404 DEBUG [DiscoveryClient-HeartbeatExecutor-0] c.n.d.s.t.d.RedirectingEurekaHttpClient - Pinning to endpoint null
2026-06-13 03:30:39.404 DEBUG [DiscoveryClient-HeartbeatExecutor-0] c.netflix.discovery.DiscoveryClient - DiscoveryClient_CHATBOT-MICROSERVICE/chatbot-microservice:f7ea7abaac0af316d677d10b7c409315 - Heartbeat status: 200
2026-06-13 03:30:40.170 DEBUG [http-nio-8086-exec-4] c.c.c.service.ChatSessionService - Session 0fe739eca83141d9ac26d844ba8d226a found in cache
2026-06-13 03:30:40.171 DEBUG [http-nio-8086-exec-4] c.c.c.service.ChatSessionService - Extended session 0fe739eca83141d9ac26d844ba8d226a
2026-06-13 03:30:44.417 DEBUG [http-nio-8086-exec-10] c.c.c.service.ChatSessionService - Session 0fe739eca83141d9ac26d844ba8d226a found in cache
2026-06-13 03:30:44.419 DEBUG [http-nio-8086-exec-10] c.c.c.service.ChatSessionService - Extended session 0fe739eca83141d9ac26d844ba8d226a
2026-06-13 03:30:53.882 DEBUG [DiscoveryClient-CacheRefreshExecutor-0] c.netflix.discovery.DiscoveryClient - Got delta update with apps hashcode UP_6_
2026-06-13 03:30:53.882 DEBUG [DiscoveryClient-CacheRefreshExecutor-0] c.netflix.discovery.DiscoveryClient - The total number of instances fetched by the delta processor : 0
2026-06-13 03:30:53.882 DEBUG [DiscoveryClient-CacheRefreshExecutor-0] c.netflix.discovery.DiscoveryClient - The total number of all instances in the client now is 6
2026-06-13 03:30:53.882 DEBUG [DiscoveryClient-CacheRefreshExecutor-0] c.netflix.discovery.DiscoveryClient - Completed cache refresh task for discovery. All Apps hash code is Local region apps hashcode: UP_6_, is fetching remote regions? false 
2026-06-13 03:31:06.493 DEBUG [http-nio-8086-exec-1] c.c.c.service.ChatSessionService - Session 0fe739eca83141d9ac26d844ba8d226a found in cache
2026-06-13 03:31:06.501 DEBUG [http-nio-8086-exec-1] c.c.c.service.ChatSessionService - Extended session 0fe739eca83141d9ac26d844ba8d226a
2026-06-13 03:31:09.629 DEBUG [DiscoveryClient-HeartbeatExecutor-0] c.netflix.discovery.DiscoveryClient - DiscoveryClient_CHATBOT-MICROSERVICE/chatbot-microservice:f7ea7abaac0af316d677d10b7c409315 - Heartbeat status: 200
2026-06-13 03:31:23.979 DEBUG [DiscoveryClient-CacheRefreshExecutor-0] c.netflix.discovery.DiscoveryClient - Got delta update with apps hashcode UP_6_
2026-06-13 03:31:23.979 DEBUG [DiscoveryClient-CacheRefreshExecutor-0] c.netflix.discovery.DiscoveryClient - The total number of instances fetched by the delta processor : 0
2026-06-13 03:31:23.983 DEBUG [DiscoveryClient-CacheRefreshExecutor-0] c.netflix.discovery.DiscoveryClient - The total number of all instances in the client now is 6
2026-06-13 03:31:23.983 DEBUG [DiscoveryClient-CacheRefreshExecutor-0] c.netflix.discovery.DiscoveryClient - Completed cache refresh task for discovery. All Apps hash code is Local region apps hashcode: UP_6_, is fetching remote regions? false 
2026-06-13 03:31:25.222 INFO  [AsyncResolver-bootstrap-executor-0] c.n.d.s.r.aws.ConfigClusterResolver - Resolving eureka endpoints via configuration
2026-06-13 03:31:25.226 DEBUG [AsyncResolver-bootstrap-executor-0] c.n.discovery.endpoint.EndpointUtils - The availability zone for the given region us-east-1 are [defaultZone]
2026-06-13 03:31:25.231 DEBUG [AsyncResolver-bootstrap-executor-0] c.n.d.s.r.aws.ConfigClusterResolver - Config resolved to [AwsEndpoint{ serviceUrl='http://localhost:8761/eureka/', region='us-east-1', zone='defaultZone'}]
2026-06-13 03:31:25.234 DEBUG [AsyncResolver-bootstrap-executor-0] c.n.d.s.r.a.ZoneAffinityClusterResolver - Local zone=defaultZone; resolved to: [AwsEndpoint{ serviceUrl='http://localhost:8761/eureka/', region='us-east-1', zone='defaultZone'}]
2026-06-13 03:31:25.234 DEBUG [AsyncResolver-bootstrap-executor-0] c.n.d.shared.resolver.AsyncResolver - Resolved to [AwsEndpoint{ serviceUrl='http://localhost:8761/eureka/', region='us-east-1', zone='defaultZone'}]
2026-06-13 03:31:26.171 DEBUG [http-nio-8086-exec-2] c.c.c.service.ChatSessionService - Session 0fe739eca83141d9ac26d844ba8d226a found in cache
2026-06-13 03:31:26.175 DEBUG [http-nio-8086-exec-2] c.c.c.service.ChatSessionService - Extended session 0fe739eca83141d9ac26d844ba8d226a
2026-06-13 03:31:30.171 DEBUG [http-nio-8086-exec-7] c.c.c.service.ChatSessionService - Session 0fe739eca83141d9ac26d844ba8d226a found in cache
2026-06-13 03:31:30.171 DEBUG [http-nio-8086-exec-7] c.c.c.service.ChatSessionService - Extended session 0fe739eca83141d9ac26d844ba8d226a
2026-06-13 03:31:39.963 DEBUG [DiscoveryClient-HeartbeatExecutor-0] c.netflix.discovery.DiscoveryClient - DiscoveryClient_CHATBOT-MICROSERVICE/chatbot-microservice:f7ea7abaac0af316d677d10b7c409315 - Heartbeat status: 200
2026-06-13 03:31:54.014 DEBUG [DiscoveryClient-CacheRefreshExecutor-0] c.netflix.discovery.DiscoveryClient - Got delta update with apps hashcode UP_6_
2026-06-13 03:31:54.014 DEBUG [DiscoveryClient-CacheRefreshExecutor-0] c.netflix.discovery.DiscoveryClient - The total number of instances fetched by the delta processor : 0
2026-06-13 03:31:54.014 DEBUG [DiscoveryClient-CacheRefreshExecutor-0] c.netflix.discovery.DiscoveryClient - The total number of all instances in the client now is 6
2026-06-13 03:31:54.014 DEBUG [DiscoveryClient-CacheRefreshExecutor-0] c.netflix.discovery.DiscoveryClient - Completed cache refresh task for discovery. All Apps hash code is Local region apps hashcode: UP_6_, is fetching remote regions? false 
2026-06-13 03:31:55.176 DEBUG [http-nio-8086-exec-5] c.c.c.service.ChatSessionService - Session 0fe739eca83141d9ac26d844ba8d226a found in cache
2026-06-13 03:31:55.176 DEBUG [http-nio-8086-exec-5] c.c.c.service.ChatSessionService - Extended session 0fe739eca83141d9ac26d844ba8d226a
2026-06-13 03:32:09.985 DEBUG [DiscoveryClient-HeartbeatExecutor-0] c.netflix.discovery.DiscoveryClient - DiscoveryClient_CHATBOT-MICROSERVICE/chatbot-microservice:f7ea7abaac0af316d677d10b7c409315 - Heartbeat status: 200
2026-06-13 03:32:21.322 DEBUG [http-nio-8086-exec-4] c.c.c.service.ChatSessionService - Session 0fe739eca83141d9ac26d844ba8d226a found in cache
2026-06-13 03:32:21.768 DEBUG [http-nio-8086-exec-4] c.c.c.service.ChatSessionService - Extended session 0fe739eca83141d9ac26d844ba8d226a
2026-06-13 03:32:23.353 DEBUG [http-nio-8086-exec-10] c.c.c.service.ChatSessionService - Session 0fe739eca83141d9ac26d844ba8d226a found in cache
2026-06-13 03:32:23.353 DEBUG [http-nio-8086-exec-10] c.c.c.service.ChatSessionService - Extended session 0fe739eca83141d9ac26d844ba8d226a
2026-06-13 03:32:24.041 DEBUG [DiscoveryClient-CacheRefreshExecutor-0] c.netflix.discovery.DiscoveryClient - Got delta update with apps hashcode UP_6_
2026-06-13 03:32:24.041 DEBUG [DiscoveryClient-CacheRefreshExecutor-0] c.netflix.discovery.DiscoveryClient - The total number of instances fetched by the delta processor : 0
2026-06-13 03:32:24.041 DEBUG [DiscoveryClient-CacheRefreshExecutor-0] c.netflix.discovery.DiscoveryClient - The total number of all instances in the client now is 6
2026-06-13 03:32:24.041 DEBUG [DiscoveryClient-CacheRefreshExecutor-0] c.netflix.discovery.DiscoveryClient - Completed cache refresh task for discovery. All Apps hash code is Local region apps hashcode: UP_6_, is fetching remote regions? false 
2026-06-13 03:32:40.015 DEBUG [DiscoveryClient-HeartbeatExecutor-0] c.netflix.discovery.DiscoveryClient - DiscoveryClient_CHATBOT-MICROSERVICE/chatbot-microservice:f7ea7abaac0af316d677d10b7c409315 - Heartbeat status: 200
2026-06-13 03:32:45.255 DEBUG [http-nio-8086-exec-1] c.c.c.service.ChatSessionService - Session 0fe739eca83141d9ac26d844ba8d226a found in cache
2026-06-13 03:32:45.255 DEBUG [http-nio-8086-exec-1] c.c.c.service.ChatSessionService - Extended session 0fe739eca83141d9ac26d844ba8d226a
2026-06-13 03:32:54.062 DEBUG [DiscoveryClient-CacheRefreshExecutor-0] c.netflix.discovery.DiscoveryClient - Got delta update with apps hashcode UP_6_
2026-06-13 03:32:54.063 DEBUG [DiscoveryClient-CacheRefreshExecutor-0] c.netflix.discovery.DiscoveryClient - The total number of instances fetched by the delta processor : 0
2026-06-13 03:32:54.063 DEBUG [DiscoveryClient-CacheRefreshExecutor-0] c.netflix.discovery.DiscoveryClient - The total number of all instances in the client now is 6
2026-06-13 03:32:54.063 DEBUG [DiscoveryClient-CacheRefreshExecutor-0] c.netflix.discovery.DiscoveryClient - Completed cache refresh task for discovery. All Apps hash code is Local region apps hashcode: UP_6_, is fetching remote regions? false 
2026-06-13 03:33:10.042 DEBUG [DiscoveryClient-HeartbeatExecutor-0] c.netflix.discovery.DiscoveryClient - DiscoveryClient_CHATBOT-MICROSERVICE/chatbot-microservice:f7ea7abaac0af316d677d10b7c409315 - Heartbeat status: 200
2026-06-13 03:33:10.249 DEBUG [http-nio-8086-exec-2] c.c.c.service.ChatSessionService - Session 0fe739eca83141d9ac26d844ba8d226a found in cache
2026-06-13 03:33:10.265 DEBUG [http-nio-8086-exec-2] c.c.c.service.ChatSessionService - Extended session 0fe739eca83141d9ac26d844ba8d226a
2026-06-13 03:33:23.490 DEBUG [http-nio-8086-exec-6] c.c.c.service.ChatSessionService - Session 0fe739eca83141d9ac26d844ba8d226a found in cache
2026-06-13 03:33:23.491 DEBUG [http-nio-8086-exec-6] c.c.c.service.ChatSessionService - Extended session 0fe739eca83141d9ac26d844ba8d226a
2026-06-13 03:33:24.096 DEBUG [DiscoveryClient-CacheRefreshExecutor-0] c.netflix.discovery.DiscoveryClient - Got delta update with apps hashcode UP_6_
2026-06-13 03:33:24.096 DEBUG [DiscoveryClient-CacheRefreshExecutor-0] c.netflix.discovery.DiscoveryClient - The total number of instances fetched by the delta processor : 0
2026-06-13 03:33:24.097 DEBUG [DiscoveryClient-CacheRefreshExecutor-0] c.netflix.discovery.DiscoveryClient - The total number of all instances in the client now is 6
2026-06-13 03:33:24.097 DEBUG [DiscoveryClient-CacheRefreshExecutor-0] c.netflix.discovery.DiscoveryClient - Completed cache refresh task for discovery. All Apps hash code is Local region apps hashcode: UP_6_, is fetching remote regions? false 
2026-06-13 03:33:38.059 DEBUG [http-nio-8086-exec-3] c.c.c.service.ChatSessionService - Session 0fe739eca83141d9ac26d844ba8d226a found in cache
2026-06-13 03:33:38.075 DEBUG [http-nio-8086-exec-3] c.c.c.service.ChatSessionService - Extended session 0fe739eca83141d9ac26d844ba8d226a
2026-06-13 03:33:40.065 DEBUG [DiscoveryClient-HeartbeatExecutor-0] c.netflix.discovery.DiscoveryClient - DiscoveryClient_CHATBOT-MICROSERVICE/chatbot-microservice:f7ea7abaac0af316d677d10b7c409315 - Heartbeat status: 200
2026-06-13 03:33:54.137 DEBUG [DiscoveryClient-CacheRefreshExecutor-0] c.netflix.discovery.DiscoveryClient - Got delta update with apps hashcode UP_6_
2026-06-13 03:33:54.137 DEBUG [DiscoveryClient-CacheRefreshExecutor-0] c.netflix.discovery.DiscoveryClient - The total number of instances fetched by the delta processor : 0
2026-06-13 03:33:54.137 DEBUG [DiscoveryClient-CacheRefreshExecutor-0] c.netflix.discovery.DiscoveryClient - The total number of all instances in the client now is 6
2026-06-13 03:33:54.137 DEBUG [DiscoveryClient-CacheRefreshExecutor-0] c.netflix.discovery.DiscoveryClient - Completed cache refresh task for discovery. All Apps hash code is Local region apps hashcode: UP_6_, is fetching remote regions? false 
2026-06-13 03:34:00.254 DEBUG [http-nio-8086-exec-10] c.c.c.service.ChatSessionService - Session 0fe739eca83141d9ac26d844ba8d226a found in cache
2026-06-13 03:34:00.268 DEBUG [http-nio-8086-exec-10] c.c.c.service.ChatSessionService - Extended session 0fe739eca83141d9ac26d844ba8d226a
2026-06-13 03:34:10.100 DEBUG [DiscoveryClient-HeartbeatExecutor-0] c.netflix.discovery.DiscoveryClient - DiscoveryClient_CHATBOT-MICROSERVICE/chatbot-microservice:f7ea7abaac0af316d677d10b7c409315 - Heartbeat status: 200
2026-06-13 03:34:23.490 DEBUG [http-nio-8086-exec-1] c.c.c.service.ChatSessionService - Session 0fe739eca83141d9ac26d844ba8d226a found in cache
2026-06-13 03:34:23.491 DEBUG [http-nio-8086-exec-1] c.c.c.service.ChatSessionService - Extended session 0fe739eca83141d9ac26d844ba8d226a
2026-06-13 03:34:24.171 DEBUG [DiscoveryClient-CacheRefreshExecutor-0] c.netflix.discovery.DiscoveryClient - Got delta update with apps hashcode UP_6_
2026-06-13 03:34:24.171 DEBUG [DiscoveryClient-CacheRefreshExecutor-0] c.netflix.discovery.DiscoveryClient - The total number of instances fetched by the delta processor : 0
2026-06-13 03:34:24.173 DEBUG [DiscoveryClient-CacheRefreshExecutor-0] c.netflix.discovery.DiscoveryClient - The total number of all instances in the client now is 6
2026-06-13 03:34:24.173 DEBUG [DiscoveryClient-CacheRefreshExecutor-0] c.netflix.discovery.DiscoveryClient - Completed cache refresh task for discovery. All Apps hash code is Local region apps hashcode: UP_6_, is fetching remote regions? false 
2026-06-13 03:34:25.260 DEBUG [http-nio-8086-exec-8] c.c.c.service.ChatSessionService - Session 0fe739eca83141d9ac26d844ba8d226a found in cache
2026-06-13 03:34:25.264 DEBUG [http-nio-8086-exec-8] c.c.c.service.ChatSessionService - Extended session 0fe739eca83141d9ac26d844ba8d226a
2026-06-13 03:34:34.453 DEBUG [http-nio-8086-exec-7] c.c.c.service.ChatSessionService - Session 0fe739eca83141d9ac26d844ba8d226a found in cache
2026-06-13 03:34:37.754 DEBUG [http-nio-8086-exec-6] c.c.c.service.ChatSessionService - Session 0fe739eca83141d9ac26d844ba8d226a found in cache
2026-06-13 03:34:40.123 DEBUG [DiscoveryClient-HeartbeatExecutor-0] c.netflix.discovery.DiscoveryClient - DiscoveryClient_CHATBOT-MICROSERVICE/chatbot-microservice:f7ea7abaac0af316d677d10b7c409315 - Heartbeat status: 200
2026-06-13 03:34:40.351 DEBUG [http-nio-8086-exec-5] c.c.c.service.ChatSessionService - Session 0fe739eca83141d9ac26d844ba8d226a found in cache
2026-06-13 03:34:40.451 DEBUG [http-nio-8086-exec-3] c.c.c.service.ChatSessionService - Session 0fe739eca83141d9ac26d844ba8d226a found in cache
2026-06-13 03:34:41.990 DEBUG [http-nio-8086-exec-4] c.c.c.service.ChatSessionService - Session 0fe739eca83141d9ac26d844ba8d226a found in cache
2026-06-13 03:34:42.023 DEBUG [http-nio-8086-exec-4] c.c.c.service.ChatSessionService - Updated context for session 0fe739eca83141d9ac26d844ba8d226a
2026-06-13 03:34:54.201 DEBUG [DiscoveryClient-CacheRefreshExecutor-0] c.netflix.discovery.DiscoveryClient - Got delta update with apps hashcode UP_6_
2026-06-13 03:34:54.203 DEBUG [DiscoveryClient-CacheRefreshExecutor-0] c.netflix.discovery.DiscoveryClient - The total number of instances fetched by the delta processor : 0
2026-06-13 03:34:54.203 DEBUG [DiscoveryClient-CacheRefreshExecutor-0] c.netflix.discovery.DiscoveryClient - The total number of all instances in the client now is 6
2026-06-13 03:34:54.203 DEBUG [DiscoveryClient-CacheRefreshExecutor-0] c.netflix.discovery.DiscoveryClient - Completed cache refresh task for discovery. All Apps hash code is Local region apps hashcode: UP_6_, is fetching remote regions? false 
2026-06-13 03:35:02.674 DEBUG [http-nio-8086-exec-9] c.c.c.service.ChatSessionService - Session 0fe739eca83141d9ac26d844ba8d226a found in cache
2026-06-13 03:35:02.676 DEBUG [http-nio-8086-exec-9] c.c.c.service.ChatSessionService - Extended session 0fe739eca83141d9ac26d844ba8d226a
2026-06-13 03:35:08.522 DEBUG [http-nio-8086-exec-8] c.c.c.service.ChatSessionService - Session 0fe739eca83141d9ac26d844ba8d226a found in cache
2026-06-13 03:35:08.524 DEBUG [http-nio-8086-exec-8] c.c.c.service.ChatSessionService - Extended session 0fe739eca83141d9ac26d844ba8d226a
2026-06-13 03:35:10.156 DEBUG [DiscoveryClient-HeartbeatExecutor-0] c.netflix.discovery.DiscoveryClient - DiscoveryClient_CHATBOT-MICROSERVICE/chatbot-microservice:f7ea7abaac0af316d677d10b7c409315 - Heartbeat status: 200
2026-06-13 03:35:24.226 DEBUG [DiscoveryClient-CacheRefreshExecutor-0] c.netflix.discovery.DiscoveryClient - Got delta update with apps hashcode UP_6_
2026-06-13 03:35:24.226 DEBUG [DiscoveryClient-CacheRefreshExecutor-0] c.netflix.discovery.DiscoveryClient - The total number of instances fetched by the delta processor : 0
2026-06-13 03:35:24.226 DEBUG [DiscoveryClient-CacheRefreshExecutor-0] c.netflix.discovery.DiscoveryClient - The total number of all instances in the client now is 6
2026-06-13 03:35:24.226 DEBUG [DiscoveryClient-CacheRefreshExecutor-0] c.netflix.discovery.DiscoveryClient - Completed cache refresh task for discovery. All Apps hash code is Local region apps hashcode: UP_6_, is fetching remote regions? false 
2026-06-13 03:35:27.674 DEBUG [http-nio-8086-exec-7] c.c.c.service.ChatSessionService - Session 0fe739eca83141d9ac26d844ba8d226a found in cache
2026-06-13 03:35:27.674 DEBUG [http-nio-8086-exec-7] c.c.c.service.ChatSessionService - Extended session 0fe739eca83141d9ac26d844ba8d226a
2026-06-13 03:35:34.344 DEBUG [http-nio-8086-exec-5] c.c.c.service.ChatSessionService - Session 0fe739eca83141d9ac26d844ba8d226a found in cache
2026-06-13 03:35:34.345 DEBUG [http-nio-8086-exec-5] c.c.c.service.ChatSessionService - Extended session 0fe739eca83141d9ac26d844ba8d226a
2026-06-13 03:35:40.190 DEBUG [DiscoveryClient-HeartbeatExecutor-0] c.netflix.discovery.DiscoveryClient - DiscoveryClient_CHATBOT-MICROSERVICE/chatbot-microservice:f7ea7abaac0af316d677d10b7c409315 - Heartbeat status: 200
2026-06-13 03:35:53.029 DEBUG [http-nio-8086-exec-4] c.c.c.service.ChatSessionService - Session 0fe739eca83141d9ac26d844ba8d226a found in cache
2026-06-13 03:35:53.032 DEBUG [http-nio-8086-exec-4] c.c.c.service.ChatSessionService - Extended session 0fe739eca83141d9ac26d844ba8d226a
2026-06-13 03:35:54.256 DEBUG [DiscoveryClient-CacheRefreshExecutor-0] c.netflix.discovery.DiscoveryClient - Got delta update with apps hashcode UP_6_
2026-06-13 03:35:54.256 DEBUG [DiscoveryClient-CacheRefreshExecutor-0] c.netflix.discovery.DiscoveryClient - The total number of instances fetched by the delta processor : 0
2026-06-13 03:35:54.256 DEBUG [DiscoveryClient-CacheRefreshExecutor-0] c.netflix.discovery.DiscoveryClient - The total number of all instances in the client now is 6
2026-06-13 03:35:54.256 DEBUG [DiscoveryClient-CacheRefreshExecutor-0] c.netflix.discovery.DiscoveryClient - Completed cache refresh task for discovery. All Apps hash code is Local region apps hashcode: UP_6_, is fetching remote regions? false 
2026-06-13 03:35:56.261 DEBUG [http-nio-8086-exec-10] c.c.c.service.ChatSessionService - Session 0fe739eca83141d9ac26d844ba8d226a found in cache
2026-06-13 03:35:56.263 DEBUG [http-nio-8086-exec-10] c.c.c.service.ChatSessionService - Extended session 0fe739eca83141d9ac26d844ba8d226a
2026-06-13 03:36:10.535 DEBUG [DiscoveryClient-HeartbeatExecutor-0] c.netflix.discovery.DiscoveryClient - DiscoveryClient_CHATBOT-MICROSERVICE/chatbot-microservice:f7ea7abaac0af316d677d10b7c409315 - Heartbeat status: 200
2026-06-13 03:36:17.683 DEBUG [http-nio-8086-exec-1] c.c.c.service.ChatSessionService - Session 0fe739eca83141d9ac26d844ba8d226a found in cache
2026-06-13 03:36:17.685 DEBUG [http-nio-8086-exec-1] c.c.c.service.ChatSessionService - Extended session 0fe739eca83141d9ac26d844ba8d226a
2026-06-13 03:36:25.461 DEBUG [DiscoveryClient-CacheRefreshExecutor-0] c.netflix.discovery.DiscoveryClient - Got delta update with apps hashcode UP_6_
2026-06-13 03:36:25.463 DEBUG [DiscoveryClient-CacheRefreshExecutor-0] c.netflix.discovery.DiscoveryClient - The total number of instances fetched by the delta processor : 0
2026-06-13 03:36:25.463 DEBUG [DiscoveryClient-CacheRefreshExecutor-0] c.netflix.discovery.DiscoveryClient - The total number of all instances in the client now is 6
2026-06-13 03:36:25.463 DEBUG [DiscoveryClient-CacheRefreshExecutor-0] c.netflix.discovery.DiscoveryClient - Completed cache refresh task for discovery. All Apps hash code is Local region apps hashcode: UP_6_, is fetching remote regions? false 
2026-06-13 03:36:26.363 INFO  [AsyncResolver-bootstrap-executor-0] c.n.d.s.r.aws.ConfigClusterResolver - Resolving eureka endpoints via configuration
2026-06-13 03:36:26.483 DEBUG [AsyncResolver-bootstrap-executor-0] c.n.discovery.endpoint.EndpointUtils - The availability zone for the given region us-east-1 are [defaultZone]
2026-06-13 03:36:26.542 DEBUG [AsyncResolver-bootstrap-executor-0] c.n.d.s.r.aws.ConfigClusterResolver - Config resolved to [AwsEndpoint{ serviceUrl='http://localhost:8761/eureka/', region='us-east-1', zone='defaultZone'}]
2026-06-13 03:36:26.583 DEBUG [AsyncResolver-bootstrap-executor-0] c.n.d.s.r.a.ZoneAffinityClusterResolver - Local zone=defaultZone; resolved to: [AwsEndpoint{ serviceUrl='http://localhost:8761/eureka/', region='us-east-1', zone='defaultZone'}]
2026-06-13 03:36:26.608 DEBUG [AsyncResolver-bootstrap-executor-0] c.n.d.shared.resolver.AsyncResolver - Resolved to [AwsEndpoint{ serviceUrl='http://localhost:8761/eureka/', region='us-east-1', zone='defaultZone'}]
2026-06-13 03:36:27.460 DEBUG [http-nio-8086-exec-2] c.c.c.service.ChatSessionService - Session 0fe739eca83141d9ac26d844ba8d226a found in cache
2026-06-13 03:36:27.462 DEBUG [http-nio-8086-exec-2] c.c.c.service.ChatSessionService - Extended session 0fe739eca83141d9ac26d844ba8d226a
2026-06-13 03:36:40.580 DEBUG [DiscoveryClient-HeartbeatExecutor-0] c.netflix.discovery.DiscoveryClient - DiscoveryClient_CHATBOT-MICROSERVICE/chatbot-microservice:f7ea7abaac0af316d677d10b7c409315 - Heartbeat status: 200
2026-06-13 03:36:42.690 DEBUG [http-nio-8086-exec-6] c.c.c.service.ChatSessionService - Session 0fe739eca83141d9ac26d844ba8d226a found in cache
2026-06-13 03:36:42.690 DEBUG [http-nio-8086-exec-6] c.c.c.service.ChatSessionService - Extended session 0fe739eca83141d9ac26d844ba8d226a
2026-06-13 03:36:46.268 DEBUG [http-nio-8086-exec-5] c.c.c.service.ChatSessionService - Session 0fe739eca83141d9ac26d844ba8d226a found in cache
2026-06-13 03:36:46.274 DEBUG [http-nio-8086-exec-5] c.c.c.service.ChatSessionService - Extended session 0fe739eca83141d9ac26d844ba8d226a
2026-06-13 03:36:56.517 DEBUG [DiscoveryClient-CacheRefreshExecutor-0] c.netflix.discovery.DiscoveryClient - Got delta update with apps hashcode UP_6_
2026-06-13 03:36:56.517 DEBUG [DiscoveryClient-CacheRefreshExecutor-0] c.netflix.discovery.DiscoveryClient - The total number of instances fetched by the delta processor : 0
2026-06-13 03:36:56.517 DEBUG [DiscoveryClient-CacheRefreshExecutor-0] c.netflix.discovery.DiscoveryClient - The total number of all instances in the client now is 6
2026-06-13 03:36:56.517 DEBUG [DiscoveryClient-CacheRefreshExecutor-0] c.netflix.discovery.DiscoveryClient - Completed cache refresh task for discovery. All Apps hash code is Local region apps hashcode: UP_6_, is fetching remote regions? false 
2026-06-13 03:37:00.496 DEBUG [http-nio-8086-exec-4] c.c.c.service.ChatSessionService - Session 0fe739eca83141d9ac26d844ba8d226a found in cache
2026-06-13 03:37:00.879 DEBUG [http-nio-8086-exec-10] c.c.c.service.ChatSessionService - Session 0fe739eca83141d9ac26d844ba8d226a found in cache
2026-06-13 03:37:10.607 DEBUG [DiscoveryClient-HeartbeatExecutor-0] c.netflix.discovery.DiscoveryClient - DiscoveryClient_CHATBOT-MICROSERVICE/chatbot-microservice:f7ea7abaac0af316d677d10b7c409315 - Heartbeat status: 200
2026-06-13 03:37:11.274 DEBUG [http-nio-8086-exec-1] c.c.c.service.ChatSessionService - Session 0fe739eca83141d9ac26d844ba8d226a found in cache
2026-06-13 03:37:11.274 DEBUG [http-nio-8086-exec-1] c.c.c.service.ChatSessionService - Extended session 0fe739eca83141d9ac26d844ba8d226a
2026-06-13 03:37:25.836 DEBUG [http-nio-8086-exec-2] c.c.c.service.ChatSessionService - Session 0fe739eca83141d9ac26d844ba8d226a found in cache
2026-06-13 03:37:25.836 DEBUG [http-nio-8086-exec-2] c.c.c.service.ChatSessionService - Extended session 0fe739eca83141d9ac26d844ba8d226a
2026-06-13 03:37:26.541 DEBUG [DiscoveryClient-CacheRefreshExecutor-0] c.netflix.discovery.DiscoveryClient - Got delta update with apps hashcode UP_6_
2026-06-13 03:37:26.541 DEBUG [DiscoveryClient-CacheRefreshExecutor-0] c.netflix.discovery.DiscoveryClient - The total number of instances fetched by the delta processor : 0
2026-06-13 03:37:26.541 DEBUG [DiscoveryClient-CacheRefreshExecutor-0] c.netflix.discovery.DiscoveryClient - The total number of all instances in the client now is 6
2026-06-13 03:37:26.541 DEBUG [DiscoveryClient-CacheRefreshExecutor-0] c.netflix.discovery.DiscoveryClient - Completed cache refresh task for discovery. All Apps hash code is Local region apps hashcode: UP_6_, is fetching remote regions? false 
2026-06-13 03:37:40.643 DEBUG [DiscoveryClient-HeartbeatExecutor-0] c.netflix.discovery.DiscoveryClient - DiscoveryClient_CHATBOT-MICROSERVICE/chatbot-microservice:f7ea7abaac0af316d677d10b7c409315 - Heartbeat status: 200
2026-06-13 03:37:52.124 DEBUG [http-nio-8086-exec-6] c.c.c.service.ChatSessionService - Session 0fe739eca83141d9ac26d844ba8d226a found in cache
2026-06-13 03:37:52.124 DEBUG [http-nio-8086-exec-6] c.c.c.service.ChatSessionService - Extended session 0fe739eca83141d9ac26d844ba8d226a
2026-06-13 03:37:56.579 DEBUG [DiscoveryClient-CacheRefreshExecutor-0] c.netflix.discovery.DiscoveryClient - Got delta update with apps hashcode UP_6_
2026-06-13 03:37:56.579 DEBUG [DiscoveryClient-CacheRefreshExecutor-0] c.netflix.discovery.DiscoveryClient - The total number of instances fetched by the delta processor : 0
2026-06-13 03:37:56.579 DEBUG [DiscoveryClient-CacheRefreshExecutor-0] c.netflix.discovery.DiscoveryClient - The total number of all instances in the client now is 6
2026-06-13 03:37:56.579 DEBUG [DiscoveryClient-CacheRefreshExecutor-0] c.netflix.discovery.DiscoveryClient - Completed cache refresh task for discovery. All Apps hash code is Local region apps hashcode: UP_6_, is fetching remote regions? false 
2026-06-13 03:38:10.676 DEBUG [DiscoveryClient-HeartbeatExecutor-0] c.netflix.discovery.DiscoveryClient - DiscoveryClient_CHATBOT-MICROSERVICE/chatbot-microservice:f7ea7abaac0af316d677d10b7c409315 - Heartbeat status: 200
2026-06-13 03:38:15.852 DEBUG [http-nio-8086-exec-3] c.c.c.service.ChatSessionService - Session 0fe739eca83141d9ac26d844ba8d226a found in cache
2026-06-13 03:38:15.854 DEBUG [http-nio-8086-exec-3] c.c.c.service.ChatSessionService - Extended session 0fe739eca83141d9ac26d844ba8d226a
2026-06-13 03:38:26.608 DEBUG [DiscoveryClient-CacheRefreshExecutor-0] c.netflix.discovery.DiscoveryClient - Got delta update with apps hashcode UP_6_
2026-06-13 03:38:26.608 DEBUG [DiscoveryClient-CacheRefreshExecutor-0] c.netflix.discovery.DiscoveryClient - The total number of instances fetched by the delta processor : 0
2026-06-13 03:38:26.609 DEBUG [DiscoveryClient-CacheRefreshExecutor-0] c.netflix.discovery.DiscoveryClient - The total number of all instances in the client now is 6
2026-06-13 03:38:26.609 DEBUG [DiscoveryClient-CacheRefreshExecutor-0] c.netflix.discovery.DiscoveryClient - Completed cache refresh task for discovery. All Apps hash code is Local region apps hashcode: UP_6_, is fetching remote regions? false 
2026-06-13 03:38:32.618 DEBUG [http-nio-8086-exec-10] c.c.c.service.ChatSessionService - Session 0fe739eca83141d9ac26d844ba8d226a found in cache
2026-06-13 03:38:32.619 DEBUG [http-nio-8086-exec-10] c.c.c.service.ChatSessionService - Extended session 0fe739eca83141d9ac26d844ba8d226a
2026-06-13 03:38:40.710 DEBUG [DiscoveryClient-HeartbeatExecutor-0] c.netflix.discovery.DiscoveryClient - DiscoveryClient_CHATBOT-MICROSERVICE/chatbot-microservice:f7ea7abaac0af316d677d10b7c409315 - Heartbeat status: 200
2026-06-13 03:38:40.844 DEBUG [http-nio-8086-exec-1] c.c.c.service.ChatSessionService - Session 0fe739eca83141d9ac26d844ba8d226a found in cache
2026-06-13 03:38:40.848 DEBUG [http-nio-8086-exec-1] c.c.c.service.ChatSessionService - Extended session 0fe739eca83141d9ac26d844ba8d226a
2026-06-13 03:38:56.641 DEBUG [DiscoveryClient-CacheRefreshExecutor-0] c.netflix.discovery.DiscoveryClient - Got delta update with apps hashcode UP_6_
2026-06-13 03:38:56.641 DEBUG [DiscoveryClient-CacheRefreshExecutor-0] c.netflix.discovery.DiscoveryClient - The total number of instances fetched by the delta processor : 0
2026-06-13 03:38:56.643 DEBUG [DiscoveryClient-CacheRefreshExecutor-0] c.netflix.discovery.DiscoveryClient - The total number of all instances in the client now is 6
2026-06-13 03:38:56.643 DEBUG [DiscoveryClient-CacheRefreshExecutor-0] c.netflix.discovery.DiscoveryClient - Completed cache refresh task for discovery. All Apps hash code is Local region apps hashcode: UP_6_, is fetching remote regions? false 
2026-06-13 03:39:07.386 DEBUG [http-nio-8086-exec-2] c.c.c.service.ChatSessionService - Session 0fe739eca83141d9ac26d844ba8d226a found in cache
2026-06-13 03:39:07.388 DEBUG [http-nio-8086-exec-2] c.c.c.service.ChatSessionService - Extended session 0fe739eca83141d9ac26d844ba8d226a
2026-06-13 03:39:10.775 DEBUG [DiscoveryClient-HeartbeatExecutor-0] c.netflix.discovery.DiscoveryClient - DiscoveryClient_CHATBOT-MICROSERVICE/chatbot-microservice:f7ea7abaac0af316d677d10b7c409315 - Heartbeat status: 200
2026-06-13 03:39:27.828 DEBUG [DiscoveryClient-CacheRefreshExecutor-0] c.netflix.discovery.DiscoveryClient - Got delta update with apps hashcode UP_6_
2026-06-13 03:39:27.828 DEBUG [DiscoveryClient-CacheRefreshExecutor-0] c.netflix.discovery.DiscoveryClient - The total number of instances fetched by the delta processor : 0
2026-06-13 03:39:27.828 DEBUG [DiscoveryClient-CacheRefreshExecutor-0] c.netflix.discovery.DiscoveryClient - The total number of all instances in the client now is 6
2026-06-13 03:39:27.828 DEBUG [DiscoveryClient-CacheRefreshExecutor-0] c.netflix.discovery.DiscoveryClient - Completed cache refresh task for discovery. All Apps hash code is Local region apps hashcode: UP_6_, is fetching remote regions? false 
2026-06-13 03:39:30.996 DEBUG [http-nio-8086-exec-6] c.c.c.service.ChatSessionService - Session 0fe739eca83141d9ac26d844ba8d226a found in cache
2026-06-13 03:39:31.000 DEBUG [http-nio-8086-exec-6] c.c.c.service.ChatSessionService - Extended session 0fe739eca83141d9ac26d844ba8d226a
2026-06-13 03:39:31.992 DEBUG [http-nio-8086-exec-5] c.c.c.service.ChatSessionService - Session 0fe739eca83141d9ac26d844ba8d226a found in cache
2026-06-13 03:39:31.994 DEBUG [http-nio-8086-exec-5] c.c.c.service.ChatSessionService - Extended session 0fe739eca83141d9ac26d844ba8d226a
2026-06-13 03:39:40.811 DEBUG [DiscoveryClient-HeartbeatExecutor-0] c.netflix.discovery.DiscoveryClient - DiscoveryClient_CHATBOT-MICROSERVICE/chatbot-microservice:f7ea7abaac0af316d677d10b7c409315 - Heartbeat status: 200
2026-06-13 03:39:55.850 DEBUG [http-nio-8086-exec-4] c.c.c.service.ChatSessionService - Session 0fe739eca83141d9ac26d844ba8d226a found in cache
2026-06-13 03:39:55.852 DEBUG [http-nio-8086-exec-4] c.c.c.service.ChatSessionService - Extended session 0fe739eca83141d9ac26d844ba8d226a
2026-06-13 03:39:57.855 DEBUG [DiscoveryClient-CacheRefreshExecutor-0] c.netflix.discovery.DiscoveryClient - Got delta update with apps hashcode UP_6_
2026-06-13 03:39:57.855 DEBUG [DiscoveryClient-CacheRefreshExecutor-0] c.netflix.discovery.DiscoveryClient - The total number of instances fetched by the delta processor : 0
2026-06-13 03:39:57.855 DEBUG [DiscoveryClient-CacheRefreshExecutor-0] c.netflix.discovery.DiscoveryClient - The total number of all instances in the client now is 6
2026-06-13 03:39:57.855 DEBUG [DiscoveryClient-CacheRefreshExecutor-0] c.netflix.discovery.DiscoveryClient - Completed cache refresh task for discovery. All Apps hash code is Local region apps hashcode: UP_6_, is fetching remote regions? false 
2026-06-13 03:40:10.837 DEBUG [DiscoveryClient-HeartbeatExecutor-0] c.netflix.discovery.DiscoveryClient - DiscoveryClient_CHATBOT-MICROSERVICE/chatbot-microservice:f7ea7abaac0af316d677d10b7c409315 - Heartbeat status: 200
2026-06-13 03:40:21.866 DEBUG [http-nio-8086-exec-9] c.c.c.service.ChatSessionService - Session 0fe739eca83141d9ac26d844ba8d226a found in cache
2026-06-13 03:40:21.870 DEBUG [http-nio-8086-exec-9] c.c.c.service.ChatSessionService - Extended session 0fe739eca83141d9ac26d844ba8d226a
2026-06-13 03:40:23.475 DEBUG [http-nio-8086-exec-1] c.c.c.service.ChatSessionService - Session 0fe739eca83141d9ac26d844ba8d226a found in cache
2026-06-13 03:40:23.476 DEBUG [http-nio-8086-exec-1] c.c.c.service.ChatSessionService - Extended session 0fe739eca83141d9ac26d844ba8d226a
2026-06-13 03:40:27.882 DEBUG [DiscoveryClient-CacheRefreshExecutor-0] c.netflix.discovery.DiscoveryClient - Got delta update with apps hashcode UP_6_
2026-06-13 03:40:27.882 DEBUG [DiscoveryClient-CacheRefreshExecutor-0] c.netflix.discovery.DiscoveryClient - The total number of instances fetched by the delta processor : 0
2026-06-13 03:40:27.883 DEBUG [DiscoveryClient-CacheRefreshExecutor-0] c.netflix.discovery.DiscoveryClient - The total number of all instances in the client now is 6
2026-06-13 03:40:27.883 DEBUG [DiscoveryClient-CacheRefreshExecutor-0] c.netflix.discovery.DiscoveryClient - Completed cache refresh task for discovery. All Apps hash code is Local region apps hashcode: UP_6_, is fetching remote regions? false 
2026-06-13 03:40:40.861 DEBUG [DiscoveryClient-HeartbeatExecutor-0] c.netflix.discovery.DiscoveryClient - DiscoveryClient_CHATBOT-MICROSERVICE/chatbot-microservice:f7ea7abaac0af316d677d10b7c409315 - Heartbeat status: 200
2026-06-13 03:40:46.281 DEBUG [http-nio-8086-exec-2] c.c.c.service.ChatSessionService - Session 0fe739eca83141d9ac26d844ba8d226a found in cache
2026-06-13 03:40:46.283 DEBUG [http-nio-8086-exec-2] c.c.c.service.ChatSessionService - Extended session 0fe739eca83141d9ac26d844ba8d226a
2026-06-13 03:40:57.915 DEBUG [DiscoveryClient-CacheRefreshExecutor-0] c.netflix.discovery.DiscoveryClient - Got delta update with apps hashcode UP_6_
2026-06-13 03:40:57.915 DEBUG [DiscoveryClient-CacheRefreshExecutor-0] c.netflix.discovery.DiscoveryClient - The total number of instances fetched by the delta processor : 0
2026-06-13 03:40:57.916 DEBUG [DiscoveryClient-CacheRefreshExecutor-0] c.netflix.discovery.DiscoveryClient - The total number of all instances in the client now is 6
2026-06-13 03:40:57.917 DEBUG [DiscoveryClient-CacheRefreshExecutor-0] c.netflix.discovery.DiscoveryClient - Completed cache refresh task for discovery. All Apps hash code is Local region apps hashcode: UP_6_, is fetching remote regions? false 
2026-06-13 03:41:10.886 DEBUG [DiscoveryClient-HeartbeatExecutor-0] c.netflix.discovery.DiscoveryClient - DiscoveryClient_CHATBOT-MICROSERVICE/chatbot-microservice:f7ea7abaac0af316d677d10b7c409315 - Heartbeat status: 200
2026-06-13 03:41:11.285 DEBUG [http-nio-8086-exec-6] c.c.c.service.ChatSessionService - Session 0fe739eca83141d9ac26d844ba8d226a found in cache
2026-06-13 03:41:11.285 DEBUG [http-nio-8086-exec-6] c.c.c.service.ChatSessionService - Extended session 0fe739eca83141d9ac26d844ba8d226a
2026-06-13 03:41:24.312 DEBUG [http-nio-8086-exec-3] c.c.c.service.ChatSessionService - Session 0fe739eca83141d9ac26d844ba8d226a found in cache
2026-06-13 03:41:24.312 DEBUG [http-nio-8086-exec-3] c.c.c.service.ChatSessionService - Extended session 0fe739eca83141d9ac26d844ba8d226a
2026-06-13 03:41:25.498 INFO  [MessageBroker-5] c.c.c.service.ChatSessionService - Session expired: 105f38b13d9e495785061e29600283e6 (user: 42bd402c-0154-40fd-86bc-55edea73f96a)
2026-06-13 03:41:25.499 INFO  [MessageBroker-5] c.c.c.service.ChatSessionService - Cleaned up 1 expired sessions
2026-06-13 03:41:26.641 INFO  [AsyncResolver-bootstrap-executor-0] c.n.d.s.r.aws.ConfigClusterResolver - Resolving eureka endpoints via configuration
2026-06-13 03:41:26.641 DEBUG [AsyncResolver-bootstrap-executor-0] c.n.discovery.endpoint.EndpointUtils - The availability zone for the given region us-east-1 are [defaultZone]
2026-06-13 03:41:26.641 DEBUG [AsyncResolver-bootstrap-executor-0] c.n.d.s.r.aws.ConfigClusterResolver - Config resolved to [AwsEndpoint{ serviceUrl='http://localhost:8761/eureka/', region='us-east-1', zone='defaultZone'}]
2026-06-13 03:41:26.641 DEBUG [AsyncResolver-bootstrap-executor-0] c.n.d.s.r.a.ZoneAffinityClusterResolver - Local zone=defaultZone; resolved to: [AwsEndpoint{ serviceUrl='http://localhost:8761/eureka/', region='us-east-1', zone='defaultZone'}]
2026-06-13 03:41:26.641 DEBUG [AsyncResolver-bootstrap-executor-0] c.n.d.shared.resolver.AsyncResolver - Resolved to [AwsEndpoint{ serviceUrl='http://localhost:8761/eureka/', region='us-east-1', zone='defaultZone'}]
2026-06-13 03:41:27.936 DEBUG [DiscoveryClient-CacheRefreshExecutor-0] c.netflix.discovery.DiscoveryClient - Got delta update with apps hashcode UP_6_
2026-06-13 03:41:27.936 DEBUG [DiscoveryClient-CacheRefreshExecutor-0] c.netflix.discovery.DiscoveryClient - The total number of instances fetched by the delta processor : 0
2026-06-13 03:41:27.936 DEBUG [DiscoveryClient-CacheRefreshExecutor-0] c.netflix.discovery.DiscoveryClient - The total number of all instances in the client now is 6
2026-06-13 03:41:27.936 DEBUG [DiscoveryClient-CacheRefreshExecutor-0] c.netflix.discovery.DiscoveryClient - Completed cache refresh task for discovery. All Apps hash code is Local region apps hashcode: UP_6_, is fetching remote regions? false 
2026-06-13 03:41:39.234 DEBUG [http-nio-8086-exec-10] c.c.c.service.ChatSessionService - Session 0fe739eca83141d9ac26d844ba8d226a found in cache
2026-06-13 03:41:39.234 DEBUG [http-nio-8086-exec-10] c.c.c.service.ChatSessionService - Extended session 0fe739eca83141d9ac26d844ba8d226a
2026-06-13 03:41:40.911 DEBUG [DiscoveryClient-HeartbeatExecutor-0] c.netflix.discovery.DiscoveryClient - DiscoveryClient_CHATBOT-MICROSERVICE/chatbot-microservice:f7ea7abaac0af316d677d10b7c409315 - Heartbeat status: 200
2026-06-13 03:41:57.969 DEBUG [DiscoveryClient-CacheRefreshExecutor-0] c.netflix.discovery.DiscoveryClient - Got delta update with apps hashcode UP_6_
2026-06-13 03:41:57.969 DEBUG [DiscoveryClient-CacheRefreshExecutor-0] c.netflix.discovery.DiscoveryClient - The total number of instances fetched by the delta processor : 0
2026-06-13 03:41:57.969 DEBUG [DiscoveryClient-CacheRefreshExecutor-0] c.netflix.discovery.DiscoveryClient - The total number of all instances in the client now is 6
2026-06-13 03:41:57.969 DEBUG [DiscoveryClient-CacheRefreshExecutor-0] c.netflix.discovery.DiscoveryClient - Completed cache refresh task for discovery. All Apps hash code is Local region apps hashcode: UP_6_, is fetching remote regions? false 
2026-06-13 03:42:01.277 DEBUG [http-nio-8086-exec-1] c.c.c.service.ChatSessionService - Session 0fe739eca83141d9ac26d844ba8d226a found in cache
2026-06-13 03:42:01.277 DEBUG [http-nio-8086-exec-1] c.c.c.service.ChatSessionService - Extended session 0fe739eca83141d9ac26d844ba8d226a
2026-06-13 03:42:10.926 DEBUG [DiscoveryClient-HeartbeatExecutor-0] c.netflix.discovery.DiscoveryClient - DiscoveryClient_CHATBOT-MICROSERVICE/chatbot-microservice:f7ea7abaac0af316d677d10b7c409315 - Heartbeat status: 200
2026-06-13 03:42:24.573 DEBUG [http-nio-8086-exec-2] c.c.c.service.ChatSessionService - Session 0fe739eca83141d9ac26d844ba8d226a found in cache
2026-06-13 03:42:24.574 DEBUG [http-nio-8086-exec-2] c.c.c.service.ChatSessionService - Extended session 0fe739eca83141d9ac26d844ba8d226a
2026-06-13 03:42:26.275 DEBUG [http-nio-8086-exec-7] c.c.c.service.ChatSessionService - Session 0fe739eca83141d9ac26d844ba8d226a found in cache
2026-06-13 03:42:26.276 DEBUG [http-nio-8086-exec-7] c.c.c.service.ChatSessionService - Extended session 0fe739eca83141d9ac26d844ba8d226a
2026-06-13 03:42:28.003 DEBUG [DiscoveryClient-CacheRefreshExecutor-0] c.netflix.discovery.DiscoveryClient - Got delta update with apps hashcode UP_6_
2026-06-13 03:42:28.003 DEBUG [DiscoveryClient-CacheRefreshExecutor-0] c.netflix.discovery.DiscoveryClient - The total number of instances fetched by the delta processor : 0
2026-06-13 03:42:28.003 DEBUG [DiscoveryClient-CacheRefreshExecutor-0] c.netflix.discovery.DiscoveryClient - The total number of all instances in the client now is 6
2026-06-13 03:42:28.003 DEBUG [DiscoveryClient-CacheRefreshExecutor-0] c.netflix.discovery.DiscoveryClient - Completed cache refresh task for discovery. All Apps hash code is Local region apps hashcode: UP_6_, is fetching remote regions? false 
2026-06-13 03:42:40.948 DEBUG [DiscoveryClient-HeartbeatExecutor-0] c.netflix.discovery.DiscoveryClient - DiscoveryClient_CHATBOT-MICROSERVICE/chatbot-microservice:f7ea7abaac0af316d677d10b7c409315 - Heartbeat status: 200
2026-06-13 03:42:42.460 DEBUG [http-nio-8086-exec-5] c.c.c.service.ChatSessionService - Session 0fe739eca83141d9ac26d844ba8d226a found in cache
2026-06-13 03:42:42.579 DEBUG [http-nio-8086-exec-3] c.c.c.service.ChatSessionService - Session 0fe739eca83141d9ac26d844ba8d226a found in cache
2026-06-13 03:42:42.686 DEBUG [http-nio-8086-exec-4] c.c.c.service.ChatSessionService - Session 0fe739eca83141d9ac26d844ba8d226a found in cache
2026-06-13 03:42:42.990 DEBUG [http-nio-8086-exec-10] c.c.c.service.ChatSessionService - Session 0fe739eca83141d9ac26d844ba8d226a found in cache
2026-06-13 03:42:45.543 DEBUG [http-nio-8086-exec-9] c.c.c.service.ChatSessionService - Session 0fe739eca83141d9ac26d844ba8d226a found in cache
2026-06-13 03:42:45.575 DEBUG [http-nio-8086-exec-9] c.c.c.service.ChatSessionService - Updated context for session 0fe739eca83141d9ac26d844ba8d226a
2026-06-13 03:42:55.959 INFO  [http-nio-8086-exec-2] c.c.c.c.HybridChatbotController - 📱 Creating session for user: 42bd402c-0154-40fd-86bc-55edea73f96a (role: MANAGER)
2026-06-13 03:42:56.075 INFO  [http-nio-8086-exec-2] c.c.c.service.ChatSessionService - ✅ Created new session: d7b30b3042dd499283df0851c76a0e20 for user: 42bd402c-0154-40fd-86bc-55edea73f96a
2026-06-13 03:42:56.187 DEBUG [http-nio-8086-exec-7] c.c.c.service.ChatSessionService - Session d7b30b3042dd499283df0851c76a0e20 found in cache
2026-06-13 03:42:58.025 DEBUG [DiscoveryClient-CacheRefreshExecutor-0] c.netflix.discovery.DiscoveryClient - Got delta update with apps hashcode UP_6_
2026-06-13 03:42:58.025 DEBUG [DiscoveryClient-CacheRefreshExecutor-0] c.netflix.discovery.DiscoveryClient - The total number of instances fetched by the delta processor : 0
2026-06-13 03:42:58.025 DEBUG [DiscoveryClient-CacheRefreshExecutor-0] c.netflix.discovery.DiscoveryClient - The total number of all instances in the client now is 6
2026-06-13 03:42:58.025 DEBUG [DiscoveryClient-CacheRefreshExecutor-0] c.netflix.discovery.DiscoveryClient - Completed cache refresh task for discovery. All Apps hash code is Local region apps hashcode: UP_6_, is fetching remote regions? false 
2026-06-13 03:43:08.025 DEBUG [http-nio-8086-exec-5] c.c.c.service.ChatSessionService - Session 0fe739eca83141d9ac26d844ba8d226a found in cache
2026-06-13 03:43:08.025 DEBUG [http-nio-8086-exec-5] c.c.c.service.ChatSessionService - Extended session 0fe739eca83141d9ac26d844ba8d226a
2026-06-13 03:43:08.775 DEBUG [http-nio-8086-exec-3] c.c.c.service.ChatSessionService - Session 0fe739eca83141d9ac26d844ba8d226a found in cache
2026-06-13 03:43:08.775 DEBUG [http-nio-8086-exec-3] c.c.c.service.ChatSessionService - Extended session 0fe739eca83141d9ac26d844ba8d226a
2026-06-13 03:43:10.975 DEBUG [DiscoveryClient-HeartbeatExecutor-0] c.netflix.discovery.DiscoveryClient - DiscoveryClient_CHATBOT-MICROSERVICE/chatbot-microservice:f7ea7abaac0af316d677d10b7c409315 - Heartbeat status: 200
2026-06-13 03:43:28.056 DEBUG [DiscoveryClient-CacheRefreshExecutor-0] c.netflix.discovery.DiscoveryClient - Got delta update with apps hashcode UP_6_
2026-06-13 03:43:28.056 DEBUG [DiscoveryClient-CacheRefreshExecutor-0] c.netflix.discovery.DiscoveryClient - The total number of instances fetched by the delta processor : 0
2026-06-13 03:43:28.056 DEBUG [DiscoveryClient-CacheRefreshExecutor-0] c.netflix.discovery.DiscoveryClient - The total number of all instances in the client now is 6
2026-06-13 03:43:28.056 DEBUG [DiscoveryClient-CacheRefreshExecutor-0] c.netflix.discovery.DiscoveryClient - Completed cache refresh task for discovery. All Apps hash code is Local region apps hashcode: UP_6_, is fetching remote regions? false 
2026-06-13 03:43:32.941 DEBUG [http-nio-8086-exec-10] c.c.c.service.ChatSessionService - Session 0fe739eca83141d9ac26d844ba8d226a found in cache
2026-06-13 03:43:32.942 DEBUG [http-nio-8086-exec-10] c.c.c.service.ChatSessionService - Extended session 0fe739eca83141d9ac26d844ba8d226a
2026-06-13 03:43:33.455 DEBUG [http-nio-8086-exec-9] c.c.c.service.ChatSessionService - Session 0fe739eca83141d9ac26d844ba8d226a found in cache
2026-06-13 03:43:33.457 DEBUG [http-nio-8086-exec-9] c.c.c.service.ChatSessionService - Extended session 0fe739eca83141d9ac26d844ba8d226a
2026-06-13 03:43:41.423 DEBUG [DiscoveryClient-HeartbeatExecutor-0] c.netflix.discovery.DiscoveryClient - DiscoveryClient_CHATBOT-MICROSERVICE/chatbot-microservice:f7ea7abaac0af316d677d10b7c409315 - Heartbeat status: 200
2026-06-13 03:43:57.942 DEBUG [http-nio-8086-exec-8] c.c.c.service.ChatSessionService - Session 0fe739eca83141d9ac26d844ba8d226a found in cache
2026-06-13 03:43:57.944 DEBUG [http-nio-8086-exec-8] c.c.c.service.ChatSessionService - Extended session 0fe739eca83141d9ac26d844ba8d226a
2026-06-13 03:43:58.077 DEBUG [DiscoveryClient-CacheRefreshExecutor-0] c.netflix.discovery.DiscoveryClient - Got delta update with apps hashcode UP_6_
2026-06-13 03:43:58.077 DEBUG [DiscoveryClient-CacheRefreshExecutor-0] c.netflix.discovery.DiscoveryClient - The total number of instances fetched by the delta processor : 0
2026-06-13 03:43:58.077 DEBUG [DiscoveryClient-CacheRefreshExecutor-0] c.netflix.discovery.DiscoveryClient - The total number of all instances in the client now is 6
2026-06-13 03:43:58.077 DEBUG [DiscoveryClient-CacheRefreshExecutor-0] c.netflix.discovery.DiscoveryClient - Completed cache refresh task for discovery. All Apps hash code is Local region apps hashcode: UP_6_, is fetching remote regions? false 
2026-06-13 03:43:58.287 DEBUG [http-nio-8086-exec-2] c.c.c.service.ChatSessionService - Session 0fe739eca83141d9ac26d844ba8d226a found in cache
2026-06-13 03:43:58.289 DEBUG [http-nio-8086-exec-2] c.c.c.service.ChatSessionService - Extended session 0fe739eca83141d9ac26d844ba8d226a
2026-06-13 03:44:11.443 DEBUG [DiscoveryClient-HeartbeatExecutor-0] c.netflix.discovery.DiscoveryClient - DiscoveryClient_CHATBOT-MICROSERVICE/chatbot-microservice:f7ea7abaac0af316d677d10b7c409315 - Heartbeat status: 200
2026-06-13 03:44:28.088 DEBUG [http-nio-8086-exec-6] c.c.c.service.ChatSessionService - Session 0fe739eca83141d9ac26d844ba8d226a found in cache
2026-06-13 03:44:28.091 DEBUG [http-nio-8086-exec-6] c.c.c.service.ChatSessionService - Extended session 0fe739eca83141d9ac26d844ba8d226a
2026-06-13 03:44:28.099 DEBUG [DiscoveryClient-CacheRefreshExecutor-0] c.netflix.discovery.DiscoveryClient - Got delta update with apps hashcode UP_6_
2026-06-13 03:44:28.099 DEBUG [DiscoveryClient-CacheRefreshExecutor-0] c.netflix.discovery.DiscoveryClient - The total number of instances fetched by the delta processor : 0
2026-06-13 03:44:28.099 DEBUG [DiscoveryClient-CacheRefreshExecutor-0] c.netflix.discovery.DiscoveryClient - The total number of all instances in the client now is 6
2026-06-13 03:44:28.099 DEBUG [DiscoveryClient-CacheRefreshExecutor-0] c.netflix.discovery.DiscoveryClient - Completed cache refresh task for discovery. All Apps hash code is Local region apps hashcode: UP_6_, is fetching remote regions? false 
2026-06-13 03:44:32.674 DEBUG [http-nio-8086-exec-5] c.c.c.service.ChatSessionService - Session 0fe739eca83141d9ac26d844ba8d226a found in cache
2026-06-13 03:44:32.678 DEBUG [http-nio-8086-exec-5] c.c.c.service.ChatSessionService - Extended session 0fe739eca83141d9ac26d844ba8d226a
2026-06-13 03:44:42.133 DEBUG [DiscoveryClient-HeartbeatExecutor-0] c.netflix.discovery.DiscoveryClient - DiscoveryClient_CHATBOT-MICROSERVICE/chatbot-microservice:f7ea7abaac0af316d677d10b7c409315 - Heartbeat status: 200
2026-06-13 03:44:47.940 DEBUG [http-nio-8086-exec-4] c.c.c.service.ChatSessionService - Session 0fe739eca83141d9ac26d844ba8d226a found in cache
2026-06-13 03:44:47.940 DEBUG [http-nio-8086-exec-4] c.c.c.service.ChatSessionService - Extended session 0fe739eca83141d9ac26d844ba8d226a
2026-06-13 03:44:48.291 DEBUG [http-nio-8086-exec-10] c.c.c.service.ChatSessionService - Session 0fe739eca83141d9ac26d844ba8d226a found in cache
2026-06-13 03:44:48.291 DEBUG [http-nio-8086-exec-10] c.c.c.service.ChatSessionService - Extended session 0fe739eca83141d9ac26d844ba8d226a
2026-06-13 03:44:58.127 DEBUG [DiscoveryClient-CacheRefreshExecutor-0] c.netflix.discovery.DiscoveryClient - Got delta update with apps hashcode UP_6_
2026-06-13 03:44:58.127 DEBUG [DiscoveryClient-CacheRefreshExecutor-0] c.netflix.discovery.DiscoveryClient - The total number of instances fetched by the delta processor : 0
2026-06-13 03:44:58.129 DEBUG [DiscoveryClient-CacheRefreshExecutor-0] c.netflix.discovery.DiscoveryClient - The total number of all instances in the client now is 6
2026-06-13 03:44:58.129 DEBUG [DiscoveryClient-CacheRefreshExecutor-0] c.netflix.discovery.DiscoveryClient - Completed cache refresh task for discovery. All Apps hash code is Local region apps hashcode: UP_6_, is fetching remote regions? false 
2026-06-13 03:45:12.160 DEBUG [DiscoveryClient-HeartbeatExecutor-0] c.netflix.discovery.DiscoveryClient - DiscoveryClient_CHATBOT-MICROSERVICE/chatbot-microservice:f7ea7abaac0af316d677d10b7c409315 - Heartbeat status: 200
2026-06-13 03:45:12.952 DEBUG [http-nio-8086-exec-1] c.c.c.service.ChatSessionService - Session 0fe739eca83141d9ac26d844ba8d226a found in cache
2026-06-13 03:45:12.953 DEBUG [http-nio-8086-exec-1] c.c.c.service.ChatSessionService - Extended session 0fe739eca83141d9ac26d844ba8d226a
2026-06-13 03:45:13.296 DEBUG [http-nio-8086-exec-8] c.c.c.service.ChatSessionService - Session 0fe739eca83141d9ac26d844ba8d226a found in cache
2026-06-13 03:45:13.297 DEBUG [http-nio-8086-exec-8] c.c.c.service.ChatSessionService - Extended session 0fe739eca83141d9ac26d844ba8d226a
2026-06-13 03:45:14.817 DEBUG [http-nio-8086-exec-2] c.c.c.service.ChatSessionService - Session 0fe739eca83141d9ac26d844ba8d226a found in cache
2026-06-13 03:45:14.987 DEBUG [http-nio-8086-exec-7] c.c.c.service.ChatSessionService - Session 0fe739eca83141d9ac26d844ba8d226a found in cache
2026-06-13 03:45:28.164 DEBUG [DiscoveryClient-CacheRefreshExecutor-0] c.netflix.discovery.DiscoveryClient - Got delta update with apps hashcode UP_6_
2026-06-13 03:45:28.164 DEBUG [DiscoveryClient-CacheRefreshExecutor-0] c.netflix.discovery.DiscoveryClient - The total number of instances fetched by the delta processor : 0
2026-06-13 03:45:28.164 DEBUG [DiscoveryClient-CacheRefreshExecutor-0] c.netflix.discovery.DiscoveryClient - The total number of all instances in the client now is 6
2026-06-13 03:45:28.164 DEBUG [DiscoveryClient-CacheRefreshExecutor-0] c.netflix.discovery.DiscoveryClient - Completed cache refresh task for discovery. All Apps hash code is Local region apps hashcode: UP_6_, is fetching remote regions? false 
2026-06-13 03:45:40.308 DEBUG [http-nio-8086-exec-5] c.c.c.service.ChatSessionService - Session 0fe739eca83141d9ac26d844ba8d226a found in cache
2026-06-13 03:45:40.308 DEBUG [http-nio-8086-exec-5] c.c.c.service.ChatSessionService - Extended session 0fe739eca83141d9ac26d844ba8d226a
2026-06-13 03:45:42.187 DEBUG [DiscoveryClient-HeartbeatExecutor-0] c.netflix.discovery.DiscoveryClient - DiscoveryClient_CHATBOT-MICROSERVICE/chatbot-microservice:f7ea7abaac0af316d677d10b7c409315 - Heartbeat status: 200
2026-06-13 03:45:58.192 DEBUG [DiscoveryClient-CacheRefreshExecutor-0] c.netflix.discovery.DiscoveryClient - Got delta update with apps hashcode UP_6_
2026-06-13 03:45:58.192 DEBUG [DiscoveryClient-CacheRefreshExecutor-0] c.netflix.discovery.DiscoveryClient - The total number of instances fetched by the delta processor : 0
2026-06-13 03:45:58.192 DEBUG [DiscoveryClient-CacheRefreshExecutor-0] c.netflix.discovery.DiscoveryClient - The total number of all instances in the client now is 6
2026-06-13 03:45:58.192 DEBUG [DiscoveryClient-CacheRefreshExecutor-0] c.netflix.discovery.DiscoveryClient - Completed cache refresh task for discovery. All Apps hash code is Local region apps hashcode: UP_6_, is fetching remote regions? false 
2026-06-13 03:46:05.297 DEBUG [http-nio-8086-exec-4] c.c.c.service.ChatSessionService - Session 0fe739eca83141d9ac26d844ba8d226a found in cache
2026-06-13 03:46:05.301 DEBUG [http-nio-8086-exec-4] c.c.c.service.ChatSessionService - Extended session 0fe739eca83141d9ac26d844ba8d226a
2026-06-13 03:46:12.220 DEBUG [DiscoveryClient-HeartbeatExecutor-0] c.netflix.discovery.DiscoveryClient - DiscoveryClient_CHATBOT-MICROSERVICE/chatbot-microservice:f7ea7abaac0af316d677d10b7c409315 - Heartbeat status: 200
2026-06-13 03:46:25.383 DEBUG [http-nio-8086-exec-9] c.c.c.service.ChatSessionService - Session 0fe739eca83141d9ac26d844ba8d226a found in cache
2026-06-13 03:46:25.383 DEBUG [http-nio-8086-exec-9] c.c.c.service.ChatSessionService - Extended session 0fe739eca83141d9ac26d844ba8d226a
2026-06-13 03:46:26.667 INFO  [AsyncResolver-bootstrap-executor-0] c.n.d.s.r.aws.ConfigClusterResolver - Resolving eureka endpoints via configuration
2026-06-13 03:46:26.673 DEBUG [AsyncResolver-bootstrap-executor-0] c.n.discovery.endpoint.EndpointUtils - The availability zone for the given region us-east-1 are [defaultZone]
2026-06-13 03:46:26.678 DEBUG [AsyncResolver-bootstrap-executor-0] c.n.d.s.r.aws.ConfigClusterResolver - Config resolved to [AwsEndpoint{ serviceUrl='http://localhost:8761/eureka/', region='us-east-1', zone='defaultZone'}]
2026-06-13 03:46:26.678 DEBUG [AsyncResolver-bootstrap-executor-0] c.n.d.s.r.a.ZoneAffinityClusterResolver - Local zone=defaultZone; resolved to: [AwsEndpoint{ serviceUrl='http://localhost:8761/eureka/', region='us-east-1', zone='defaultZone'}]
2026-06-13 03:46:26.678 DEBUG [AsyncResolver-bootstrap-executor-0] c.n.d.shared.resolver.AsyncResolver - Resolved to [AwsEndpoint{ serviceUrl='http://localhost:8761/eureka/', region='us-east-1', zone='defaultZone'}]
2026-06-13 03:46:28.208 DEBUG [DiscoveryClient-CacheRefreshExecutor-0] c.n.d.s.t.d.SessionedEurekaHttpClient - Ending a session and starting anew
2026-06-13 03:46:28.675 DEBUG [DiscoveryClient-CacheRefreshExecutor-0] c.n.d.s.t.d.RedirectingEurekaHttpClient - Pinning to endpoint null
2026-06-13 03:46:28.675 DEBUG [DiscoveryClient-CacheRefreshExecutor-0] c.netflix.discovery.DiscoveryClient - Got delta update with apps hashcode UP_6_
2026-06-13 03:46:28.675 DEBUG [DiscoveryClient-CacheRefreshExecutor-0] c.netflix.discovery.DiscoveryClient - The total number of instances fetched by the delta processor : 0
2026-06-13 03:46:28.675 DEBUG [DiscoveryClient-CacheRefreshExecutor-0] c.netflix.discovery.DiscoveryClient - The total number of all instances in the client now is 6
2026-06-13 03:46:28.675 DEBUG [DiscoveryClient-CacheRefreshExecutor-0] c.netflix.discovery.DiscoveryClient - Completed cache refresh task for discovery. All Apps hash code is Local region apps hashcode: UP_6_, is fetching remote regions? false 
2026-06-13 03:46:29.941 DEBUG [http-nio-8086-exec-1] c.c.c.service.ChatSessionService - Session 0fe739eca83141d9ac26d844ba8d226a found in cache
2026-06-13 03:46:29.957 DEBUG [http-nio-8086-exec-1] c.c.c.service.ChatSessionService - Extended session 0fe739eca83141d9ac26d844ba8d226a
2026-06-13 03:46:42.241 DEBUG [DiscoveryClient-HeartbeatExecutor-0] c.netflix.discovery.DiscoveryClient - DiscoveryClient_CHATBOT-MICROSERVICE/chatbot-microservice:f7ea7abaac0af316d677d10b7c409315 - Heartbeat status: 200
2026-06-13 03:46:56.861 DEBUG [http-nio-8086-exec-2] c.c.c.service.ChatSessionService - Session 0fe739eca83141d9ac26d844ba8d226a found in cache
2026-06-13 03:46:56.868 DEBUG [http-nio-8086-exec-2] c.c.c.service.ChatSessionService - Extended session 0fe739eca83141d9ac26d844ba8d226a
2026-06-13 03:46:58.708 DEBUG [DiscoveryClient-CacheRefreshExecutor-0] c.netflix.discovery.DiscoveryClient - Got delta update with apps hashcode UP_6_
2026-06-13 03:46:58.708 DEBUG [DiscoveryClient-CacheRefreshExecutor-0] c.netflix.discovery.DiscoveryClient - The total number of instances fetched by the delta processor : 0
2026-06-13 03:46:58.708 DEBUG [DiscoveryClient-CacheRefreshExecutor-0] c.netflix.discovery.DiscoveryClient - The total number of all instances in the client now is 6
2026-06-13 03:46:58.708 DEBUG [DiscoveryClient-CacheRefreshExecutor-0] c.netflix.discovery.DiscoveryClient - Completed cache refresh task for discovery. All Apps hash code is Local region apps hashcode: UP_6_, is fetching remote regions? false 
2026-06-13 03:47:12.262 DEBUG [DiscoveryClient-HeartbeatExecutor-0] c.netflix.discovery.DiscoveryClient - DiscoveryClient_CHATBOT-MICROSERVICE/chatbot-microservice:f7ea7abaac0af316d677d10b7c409315 - Heartbeat status: 200
2026-06-13 03:47:20.306 DEBUG [http-nio-8086-exec-6] c.c.c.service.ChatSessionService - Session 0fe739eca83141d9ac26d844ba8d226a found in cache
2026-06-13 03:47:20.322 DEBUG [http-nio-8086-exec-6] c.c.c.service.ChatSessionService - Extended session 0fe739eca83141d9ac26d844ba8d226a
2026-06-13 03:47:28.250 DEBUG [http-nio-8086-exec-3] c.c.c.service.ChatSessionService - Session 0fe739eca83141d9ac26d844ba8d226a found in cache
2026-06-13 03:47:28.254 DEBUG [http-nio-8086-exec-3] c.c.c.service.ChatSessionService - Extended session 0fe739eca83141d9ac26d844ba8d226a
2026-06-13 03:47:28.743 DEBUG [DiscoveryClient-CacheRefreshExecutor-0] c.netflix.discovery.DiscoveryClient - Got delta update with apps hashcode UP_6_
2026-06-13 03:47:28.743 DEBUG [DiscoveryClient-CacheRefreshExecutor-0] c.netflix.discovery.DiscoveryClient - The total number of instances fetched by the delta processor : 0
2026-06-13 03:47:28.744 DEBUG [DiscoveryClient-CacheRefreshExecutor-0] c.netflix.discovery.DiscoveryClient - The total number of all instances in the client now is 6
2026-06-13 03:47:28.744 DEBUG [DiscoveryClient-CacheRefreshExecutor-0] c.netflix.discovery.DiscoveryClient - Completed cache refresh task for discovery. All Apps hash code is Local region apps hashcode: UP_6_, is fetching remote regions? false 
2026-06-13 03:47:42.476 DEBUG [DiscoveryClient-HeartbeatExecutor-0] c.netflix.discovery.DiscoveryClient - DiscoveryClient_CHATBOT-MICROSERVICE/chatbot-microservice:f7ea7abaac0af316d677d10b7c409315 - Heartbeat status: 200
2026-06-13 03:47:47.450 DEBUG [http-nio-8086-exec-10] c.c.c.service.ChatSessionService - Session 0fe739eca83141d9ac26d844ba8d226a found in cache
2026-06-13 03:47:47.470 DEBUG [http-nio-8086-exec-10] c.c.c.service.ChatSessionService - Extended session 0fe739eca83141d9ac26d844ba8d226a
2026-06-13 03:47:58.774 DEBUG [DiscoveryClient-CacheRefreshExecutor-0] c.netflix.discovery.DiscoveryClient - Got delta update with apps hashcode UP_6_
2026-06-13 03:47:58.774 DEBUG [DiscoveryClient-CacheRefreshExecutor-0] c.netflix.discovery.DiscoveryClient - The total number of instances fetched by the delta processor : 0
2026-06-13 03:47:58.791 DEBUG [DiscoveryClient-CacheRefreshExecutor-0] c.netflix.discovery.DiscoveryClient - The total number of all instances in the client now is 6
2026-06-13 03:47:58.791 DEBUG [DiscoveryClient-CacheRefreshExecutor-0] c.netflix.discovery.DiscoveryClient - Completed cache refresh task for discovery. All Apps hash code is Local region apps hashcode: UP_6_, is fetching remote regions? false 
2026-06-13 03:48:13.741 DEBUG [DiscoveryClient-HeartbeatExecutor-0] c.netflix.discovery.DiscoveryClient - DiscoveryClient_CHATBOT-MICROSERVICE/chatbot-microservice:f7ea7abaac0af316d677d10b7c409315 - Heartbeat status: 200
2026-06-13 03:48:14.610 DEBUG [http-nio-8086-exec-1] c.c.c.service.ChatSessionService - Session 0fe739eca83141d9ac26d844ba8d226a found in cache
2026-06-13 03:48:14.614 DEBUG [http-nio-8086-exec-1] c.c.c.service.ChatSessionService - Extended session 0fe739eca83141d9ac26d844ba8d226a
2026-06-13 03:48:26.495 DEBUG [http-nio-8086-exec-2] c.c.c.service.ChatSessionService - Session 0fe739eca83141d9ac26d844ba8d226a found in cache
2026-06-13 03:48:26.498 DEBUG [http-nio-8086-exec-2] c.c.c.service.ChatSessionService - Extended session 0fe739eca83141d9ac26d844ba8d226a
2026-06-13 03:48:28.817 DEBUG [DiscoveryClient-CacheRefreshExecutor-0] c.netflix.discovery.DiscoveryClient - Got delta update with apps hashcode UP_6_
2026-06-13 03:48:28.817 DEBUG [DiscoveryClient-CacheRefreshExecutor-0] c.netflix.discovery.DiscoveryClient - The total number of instances fetched by the delta processor : 0
2026-06-13 03:48:28.817 DEBUG [DiscoveryClient-CacheRefreshExecutor-0] c.netflix.discovery.DiscoveryClient - The total number of all instances in the client now is 6
2026-06-13 03:48:28.817 DEBUG [DiscoveryClient-CacheRefreshExecutor-0] c.netflix.discovery.DiscoveryClient - Completed cache refresh task for discovery. All Apps hash code is Local region apps hashcode: UP_6_, is fetching remote regions? false 
2026-06-13 03:48:35.223 INFO  [SpringApplicationShutdownHook] o.s.c.n.e.s.EurekaServiceRegistry - Unregistering application CHATBOT-MICROSERVICE with eureka with status DOWN
2026-06-13 03:48:35.225 INFO  [SpringApplicationShutdownHook] c.netflix.discovery.DiscoveryClient - Saw local status change event StatusChangeEvent [timestamp=1781315315224, current=DOWN, previous=UP]
2026-06-13 03:48:35.225 DEBUG [DiscoveryClient-InstanceInfoReplicator-0] c.n.discovery.InstanceInfoReplicator - Executing on-demand update of local InstanceInfo
2026-06-13 03:48:35.225 DEBUG [DiscoveryClient-InstanceInfoReplicator-0] c.n.discovery.InstanceInfoReplicator - Canceling the latest scheduled update, it will be rescheduled at the end of on demand update
2026-06-13 03:48:35.227 INFO  [DiscoveryClient-InstanceInfoReplicator-0] c.netflix.discovery.DiscoveryClient - DiscoveryClient_CHATBOT-MICROSERVICE/chatbot-microservice:f7ea7abaac0af316d677d10b7c409315: registering service...
2026-06-13 03:48:35.572 INFO  [DiscoveryClient-InstanceInfoReplicator-0] c.netflix.discovery.DiscoveryClient - DiscoveryClient_CHATBOT-MICROSERVICE/chatbot-microservice:f7ea7abaac0af316d677d10b7c409315 - registration status: 204
2026-06-13 03:48:35.702 INFO  [SpringApplicationShutdownHook] o.s.m.s.b.SimpleBrokerMessageHandler - Stopping...
2026-06-13 03:48:35.703 INFO  [SpringApplicationShutdownHook] o.s.m.s.b.SimpleBrokerMessageHandler - BrokerAvailabilityEvent[available=false, SimpleBrokerMessageHandler [org.springframework.messaging.simp.broker.DefaultSubscriptionRegistry@4c1b3e17]]
2026-06-13 03:48:35.704 INFO  [SpringApplicationShutdownHook] o.s.m.s.b.SimpleBrokerMessageHandler - Stopped.
2026-06-13 03:48:35.937 INFO  [SpringApplicationShutdownHook] o.s.o.j.LocalContainerEntityManagerFactoryBean - Closing JPA EntityManagerFactory for persistence unit 'default'
2026-06-13 03:48:36.009 INFO  [SpringApplicationShutdownHook] com.zaxxer.hikari.HikariDataSource - HikariPool-1 - Shutdown initiated...
2026-06-13 03:48:36.028 INFO  [SpringApplicationShutdownHook] com.zaxxer.hikari.HikariDataSource - HikariPool-1 - Shutdown completed.
2026-06-13 03:48:36.035 INFO  [SpringApplicationShutdownHook] c.netflix.discovery.DiscoveryClient - Shutting down DiscoveryClient ...
2026-06-13 03:48:39.051 INFO  [SpringApplicationShutdownHook] c.netflix.discovery.DiscoveryClient - Unregistering ...
2026-06-13 03:48:39.156 INFO  [SpringApplicationShutdownHook] c.n.d.s.t.d.RedirectingEurekaHttpClient - Request execution error. endpoint=DefaultEndpoint{ serviceUrl='http://localhost:8761/eureka/} exception=Connection pool shut down stacktrace=java.lang.IllegalStateException: Connection pool shut down
	at org.apache.hc.core5.util.Asserts.check(Asserts.java:38)
	at org.apache.hc.core5.pool.StrictConnPool.lease(StrictConnPool.java:176)
	at org.apache.hc.client5.http.impl.io.PoolingHttpClientConnectionManager.lease(PoolingHttpClientConnectionManager.java:298)
	at org.apache.hc.client5.http.impl.classic.InternalExecRuntime.acquireEndpoint(InternalExecRuntime.java:103)
	at org.apache.hc.client5.http.impl.classic.ConnectExec.execute(ConnectExec.java:125)
	at org.apache.hc.client5.http.impl.classic.ExecChainElement.execute(ExecChainElement.java:51)
	at org.apache.hc.client5.http.impl.classic.ProtocolExec.execute(ProtocolExec.java:192)
	at org.apache.hc.client5.http.impl.classic.ExecChainElement.execute(ExecChainElement.java:51)
	at org.apache.hc.client5.http.impl.classic.HttpRequestRetryExec.execute(HttpRequestRetryExec.java:96)
	at org.apache.hc.client5.http.impl.classic.ExecChainElement.execute(ExecChainElement.java:51)
	at org.apache.hc.client5.http.impl.classic.ContentCompressionExec.execute(ContentCompressionExec.java:152)
	at org.apache.hc.client5.http.impl.classic.ExecChainElement.execute(ExecChainElement.java:51)
	at org.apache.hc.client5.http.impl.classic.RedirectExec.execute(RedirectExec.java:115)
	at org.apache.hc.client5.http.impl.classic.ExecChainElement.execute(ExecChainElement.java:51)
	at org.apache.hc.client5.http.impl.classic.InternalHttpClient.doExecute(InternalHttpClient.java:170)
	at org.apache.hc.client5.http.impl.classic.CloseableHttpClient.execute(CloseableHttpClient.java:87)
	at org.apache.hc.client5.http.impl.classic.CloseableHttpClient.execute(CloseableHttpClient.java:55)
	at org.apache.hc.client5.http.classic.HttpClient.executeOpen(HttpClient.java:183)
	at org.springframework.http.client.HttpComponentsClientHttpRequest.executeInternal(HttpComponentsClientHttpRequest.java:95)
	at org.springframework.http.client.AbstractStreamingClientHttpRequest.executeInternal(AbstractStreamingClientHttpRequest.java:70)
	at org.springframework.http.client.AbstractClientHttpRequest.execute(AbstractClientHttpRequest.java:66)
	at org.springframework.http.client.InterceptingClientHttpRequest$InterceptingRequestExecution.execute(InterceptingClientHttpRequest.java:112)
	at org.springframework.cloud.netflix.eureka.http.RestTemplateTransportClientFactory.lambda$restTemplate$0(RestTemplateTransportClientFactory.java:143)
	at org.springframework.http.client.InterceptingClientHttpRequest$InterceptingRequestExecution.execute(InterceptingClientHttpRequest.java:88)
	at org.springframework.http.client.InterceptingClientHttpRequest.executeInternal(InterceptingClientHttpRequest.java:72)
	at org.springframework.http.client.AbstractBufferingClientHttpRequest.executeInternal(AbstractBufferingClientHttpRequest.java:48)
	at org.springframework.http.client.AbstractClientHttpRequest.execute(AbstractClientHttpRequest.java:66)
	at org.springframework.web.client.RestTemplate.doExecute(RestTemplate.java:889)
	at org.springframework.web.client.RestTemplate.execute(RestTemplate.java:790)
	at org.springframework.web.client.RestTemplate.exchange(RestTemplate.java:672)
	at org.springframework.cloud.netflix.eureka.http.RestTemplateEurekaHttpClient.cancel(RestTemplateEurekaHttpClient.java:87)
	at com.netflix.discovery.shared.transport.decorator.EurekaHttpClientDecorator$2.execute(EurekaHttpClientDecorator.java:74)
	at com.netflix.discovery.shared.transport.decorator.RedirectingEurekaHttpClient.execute(RedirectingEurekaHttpClient.java:91)
	at com.netflix.discovery.shared.transport.decorator.EurekaHttpClientDecorator.cancel(EurekaHttpClientDecorator.java:71)
	at com.netflix.discovery.shared.transport.decorator.EurekaHttpClientDecorator$2.execute(EurekaHttpClientDecorator.java:74)
	at com.netflix.discovery.shared.transport.decorator.RetryableEurekaHttpClient.execute(RetryableEurekaHttpClient.java:120)
	at com.netflix.discovery.shared.transport.decorator.EurekaHttpClientDecorator.cancel(EurekaHttpClientDecorator.java:71)
	at com.netflix.discovery.shared.transport.decorator.EurekaHttpClientDecorator$2.execute(EurekaHttpClientDecorator.java:74)
	at com.netflix.discovery.shared.transport.decorator.SessionedEurekaHttpClient.execute(SessionedEurekaHttpClient.java:77)
	at com.netflix.discovery.shared.transport.decorator.EurekaHttpClientDecorator.cancel(EurekaHttpClientDecorator.java:71)
	at com.netflix.discovery.DiscoveryClient.unregister(DiscoveryClient.java:916)
	at com.netflix.discovery.DiscoveryClient.shutdown(DiscoveryClient.java:892)
	at java.base/jdk.internal.reflect.DirectMethodHandleAccessor.invoke(DirectMethodHandleAccessor.java:103)
	at java.base/java.lang.reflect.Method.invoke(Method.java:580)
	at org.springframework.beans.factory.annotation.InitDestroyAnnotationBeanPostProcessor$LifecycleMethod.invoke(InitDestroyAnnotationBeanPostProcessor.java:457)
	at org.springframework.beans.factory.annotation.InitDestroyAnnotationBeanPostProcessor$LifecycleMetadata.invokeDestroyMethods(InitDestroyAnnotationBeanPostProcessor.java:415)
	at org.springframework.beans.factory.annotation.InitDestroyAnnotationBeanPostProcessor.postProcessBeforeDestruction(InitDestroyAnnotationBeanPostProcessor.java:239)
	at org.springframework.beans.factory.support.DisposableBeanAdapter.destroy(DisposableBeanAdapter.java:202)
	at org.springframework.beans.factory.support.DisposableBeanAdapter.run(DisposableBeanAdapter.java:195)
	at org.springframework.cloud.context.scope.GenericScope$BeanLifecycleWrapper.destroy(GenericScope.java:389)
	at org.springframework.cloud.context.scope.GenericScope.destroy(GenericScope.java:136)
	at org.springframework.beans.factory.support.DisposableBeanAdapter.destroy(DisposableBeanAdapter.java:211)
	at org.springframework.beans.factory.support.DefaultSingletonBeanRegistry.destroyBean(DefaultSingletonBeanRegistry.java:587)
	at org.springframework.beans.factory.support.DefaultSingletonBeanRegistry.destroySingleton(DefaultSingletonBeanRegistry.java:559)
	at org.springframework.beans.factory.support.DefaultListableBeanFactory.destroySingleton(DefaultListableBeanFactory.java:1202)
	at org.springframework.beans.factory.support.DefaultSingletonBeanRegistry.destroySingletons(DefaultSingletonBeanRegistry.java:520)
	at org.springframework.beans.factory.support.DefaultListableBeanFactory.destroySingletons(DefaultListableBeanFactory.java:1195)
	at org.springframework.context.support.AbstractApplicationContext.destroyBeans(AbstractApplicationContext.java:1186)
	at org.springframework.context.support.AbstractApplicationContext.doClose(AbstractApplicationContext.java:1147)
	at org.springframework.boot.web.servlet.context.ServletWebServerApplicationContext.doClose(ServletWebServerApplicationContext.java:174)
	at org.springframework.context.support.AbstractApplicationContext.close(AbstractApplicationContext.java:1093)
	at org.springframework.boot.SpringApplicationShutdownHook.closeAndWait(SpringApplicationShutdownHook.java:145)
	at java.base/java.lang.Iterable.forEach(Iterable.java:75)
	at org.springframework.boot.SpringApplicationShutdownHook.run(SpringApplicationShutdownHook.java:114)
	at java.base/java.lang.Thread.run(Thread.java:1575)

2026-06-13 03:48:39.158 WARN  [SpringApplicationShutdownHook] c.n.d.s.t.d.RetryableEurekaHttpClient - Request execution failed with message: Connection pool shut down
2026-06-13 03:48:39.165 INFO  [SpringApplicationShutdownHook] c.n.d.s.t.d.RedirectingEurekaHttpClient - Request execution error. endpoint=DefaultEndpoint{ serviceUrl='http://localhost:8761/eureka/}, exception=Connection pool shut down stacktrace=java.lang.IllegalStateException: Connection pool shut down
	at org.apache.hc.core5.util.Asserts.check(Asserts.java:38)
	at org.apache.hc.core5.pool.StrictConnPool.lease(StrictConnPool.java:176)
	at org.apache.hc.client5.http.impl.io.PoolingHttpClientConnectionManager.lease(PoolingHttpClientConnectionManager.java:298)
	at org.apache.hc.client5.http.impl.classic.InternalExecRuntime.acquireEndpoint(InternalExecRuntime.java:103)
	at org.apache.hc.client5.http.impl.classic.ConnectExec.execute(ConnectExec.java:125)
	at org.apache.hc.client5.http.impl.classic.ExecChainElement.execute(ExecChainElement.java:51)
	at org.apache.hc.client5.http.impl.classic.ProtocolExec.execute(ProtocolExec.java:192)
	at org.apache.hc.client5.http.impl.classic.ExecChainElement.execute(ExecChainElement.java:51)
	at org.apache.hc.client5.http.impl.classic.HttpRequestRetryExec.execute(HttpRequestRetryExec.java:96)
	at org.apache.hc.client5.http.impl.classic.ExecChainElement.execute(ExecChainElement.java:51)
	at org.apache.hc.client5.http.impl.classic.ContentCompressionExec.execute(ContentCompressionExec.java:152)
	at org.apache.hc.client5.http.impl.classic.ExecChainElement.execute(ExecChainElement.java:51)
	at org.apache.hc.client5.http.impl.classic.RedirectExec.execute(RedirectExec.java:115)
	at org.apache.hc.client5.http.impl.classic.ExecChainElement.execute(ExecChainElement.java:51)
	at org.apache.hc.client5.http.impl.classic.InternalHttpClient.doExecute(InternalHttpClient.java:170)
	at org.apache.hc.client5.http.impl.classic.CloseableHttpClient.execute(CloseableHttpClient.java:87)
	at org.apache.hc.client5.http.impl.classic.CloseableHttpClient.execute(CloseableHttpClient.java:55)
	at org.apache.hc.client5.http.classic.HttpClient.executeOpen(HttpClient.java:183)
	at org.springframework.http.client.HttpComponentsClientHttpRequest.executeInternal(HttpComponentsClientHttpRequest.java:95)
	at org.springframework.http.client.AbstractStreamingClientHttpRequest.executeInternal(AbstractStreamingClientHttpRequest.java:70)
	at org.springframework.http.client.AbstractClientHttpRequest.execute(AbstractClientHttpRequest.java:66)
	at org.springframework.http.client.InterceptingClientHttpRequest$InterceptingRequestExecution.execute(InterceptingClientHttpRequest.java:112)
	at org.springframework.cloud.netflix.eureka.http.RestTemplateTransportClientFactory.lambda$restTemplate$0(RestTemplateTransportClientFactory.java:143)
	at org.springframework.http.client.InterceptingClientHttpRequest$InterceptingRequestExecution.execute(InterceptingClientHttpRequest.java:88)
	at org.springframework.http.client.InterceptingClientHttpRequest.executeInternal(InterceptingClientHttpRequest.java:72)
	at org.springframework.http.client.AbstractBufferingClientHttpRequest.executeInternal(AbstractBufferingClientHttpRequest.java:48)
	at org.springframework.http.client.AbstractClientHttpRequest.execute(AbstractClientHttpRequest.java:66)
	at org.springframework.web.client.RestTemplate.doExecute(RestTemplate.java:889)
	at org.springframework.web.client.RestTemplate.execute(RestTemplate.java:790)
	at org.springframework.web.client.RestTemplate.exchange(RestTemplate.java:672)
	at org.springframework.cloud.netflix.eureka.http.RestTemplateEurekaHttpClient.cancel(RestTemplateEurekaHttpClient.java:87)
	at com.netflix.discovery.shared.transport.decorator.EurekaHttpClientDecorator$2.execute(EurekaHttpClientDecorator.java:74)
	at com.netflix.discovery.shared.transport.decorator.RedirectingEurekaHttpClient.executeOnNewServer(RedirectingEurekaHttpClient.java:121)
	at com.netflix.discovery.shared.transport.decorator.RedirectingEurekaHttpClient.execute(RedirectingEurekaHttpClient.java:80)
	at com.netflix.discovery.shared.transport.decorator.EurekaHttpClientDecorator.cancel(EurekaHttpClientDecorator.java:71)
	at com.netflix.discovery.shared.transport.decorator.EurekaHttpClientDecorator$2.execute(EurekaHttpClientDecorator.java:74)
	at com.netflix.discovery.shared.transport.decorator.RetryableEurekaHttpClient.execute(RetryableEurekaHttpClient.java:120)
	at com.netflix.discovery.shared.transport.decorator.EurekaHttpClientDecorator.cancel(EurekaHttpClientDecorator.java:71)
	at com.netflix.discovery.shared.transport.decorator.EurekaHttpClientDecorator$2.execute(EurekaHttpClientDecorator.java:74)
	at com.netflix.discovery.shared.transport.decorator.SessionedEurekaHttpClient.execute(SessionedEurekaHttpClient.java:77)
	at com.netflix.discovery.shared.transport.decorator.EurekaHttpClientDecorator.cancel(EurekaHttpClientDecorator.java:71)
	at com.netflix.discovery.DiscoveryClient.unregister(DiscoveryClient.java:916)
	at com.netflix.discovery.DiscoveryClient.shutdown(DiscoveryClient.java:892)
	at java.base/jdk.internal.reflect.DirectMethodHandleAccessor.invoke(DirectMethodHandleAccessor.java:103)
	at java.base/java.lang.reflect.Method.invoke(Method.java:580)
	at org.springframework.beans.factory.annotation.InitDestroyAnnotationBeanPostProcessor$LifecycleMethod.invoke(InitDestroyAnnotationBeanPostProcessor.java:457)
	at org.springframework.beans.factory.annotation.InitDestroyAnnotationBeanPostProcessor$LifecycleMetadata.invokeDestroyMethods(InitDestroyAnnotationBeanPostProcessor.java:415)
	at org.springframework.beans.factory.annotation.InitDestroyAnnotationBeanPostProcessor.postProcessBeforeDestruction(InitDestroyAnnotationBeanPostProcessor.java:239)
	at org.springframework.beans.factory.support.DisposableBeanAdapter.destroy(DisposableBeanAdapter.java:202)
	at org.springframework.beans.factory.support.DisposableBeanAdapter.run(DisposableBeanAdapter.java:195)
	at org.springframework.cloud.context.scope.GenericScope$BeanLifecycleWrapper.destroy(GenericScope.java:389)
	at org.springframework.cloud.context.scope.GenericScope.destroy(GenericScope.java:136)
	at org.springframework.beans.factory.support.DisposableBeanAdapter.destroy(DisposableBeanAdapter.java:211)
	at org.springframework.beans.factory.support.DefaultSingletonBeanRegistry.destroyBean(DefaultSingletonBeanRegistry.java:587)
	at org.springframework.beans.factory.support.DefaultSingletonBeanRegistry.destroySingleton(DefaultSingletonBeanRegistry.java:559)
	at org.springframework.beans.factory.support.DefaultListableBeanFactory.destroySingleton(DefaultListableBeanFactory.java:1202)
	at org.springframework.beans.factory.support.DefaultSingletonBeanRegistry.destroySingletons(DefaultSingletonBeanRegistry.java:520)
	at org.springframework.beans.factory.support.DefaultListableBeanFactory.destroySingletons(DefaultListableBeanFactory.java:1195)
	at org.springframework.context.support.AbstractApplicationContext.destroyBeans(AbstractApplicationContext.java:1186)
	at org.springframework.context.support.AbstractApplicationContext.doClose(AbstractApplicationContext.java:1147)
	at org.springframework.boot.web.servlet.context.ServletWebServerApplicationContext.doClose(ServletWebServerApplicationContext.java:174)
	at org.springframework.context.support.AbstractApplicationContext.close(AbstractApplicationContext.java:1093)
	at org.springframework.boot.SpringApplicationShutdownHook.closeAndWait(SpringApplicationShutdownHook.java:145)
	at java.base/java.lang.Iterable.forEach(Iterable.java:75)
	at org.springframework.boot.SpringApplicationShutdownHook.run(SpringApplicationShutdownHook.java:114)
	at java.base/java.lang.Thread.run(Thread.java:1575)

2026-06-13 03:48:39.166 WARN  [SpringApplicationShutdownHook] c.n.d.s.t.d.RetryableEurekaHttpClient - Request execution failed with message: Connection pool shut down
2026-06-13 03:48:39.167 ERROR [SpringApplicationShutdownHook] c.netflix.discovery.DiscoveryClient - DiscoveryClient_CHATBOT-MICROSERVICE/chatbot-microservice:f7ea7abaac0af316d677d10b7c409315 - de-registration failedCannot execute request on any known server
com.netflix.discovery.shared.transport.TransportException: Cannot execute request on any known server
	at com.netflix.discovery.shared.transport.decorator.RetryableEurekaHttpClient.execute(RetryableEurekaHttpClient.java:112)
	at com.netflix.discovery.shared.transport.decorator.EurekaHttpClientDecorator.cancel(EurekaHttpClientDecorator.java:71)
	at com.netflix.discovery.shared.transport.decorator.EurekaHttpClientDecorator$2.execute(EurekaHttpClientDecorator.java:74)
	at com.netflix.discovery.shared.transport.decorator.SessionedEurekaHttpClient.execute(SessionedEurekaHttpClient.java:77)
	at com.netflix.discovery.shared.transport.decorator.EurekaHttpClientDecorator.cancel(EurekaHttpClientDecorator.java:71)
	at com.netflix.discovery.DiscoveryClient.unregister(DiscoveryClient.java:916)
	at com.netflix.discovery.DiscoveryClient.shutdown(DiscoveryClient.java:892)
	at java.base/jdk.internal.reflect.DirectMethodHandleAccessor.invoke(DirectMethodHandleAccessor.java:103)
	at java.base/java.lang.reflect.Method.invoke(Method.java:580)
	at org.springframework.beans.factory.annotation.InitDestroyAnnotationBeanPostProcessor$LifecycleMethod.invoke(InitDestroyAnnotationBeanPostProcessor.java:457)
	at org.springframework.beans.factory.annotation.InitDestroyAnnotationBeanPostProcessor$LifecycleMetadata.invokeDestroyMethods(InitDestroyAnnotationBeanPostProcessor.java:415)
	at org.springframework.beans.factory.annotation.InitDestroyAnnotationBeanPostProcessor.postProcessBeforeDestruction(InitDestroyAnnotationBeanPostProcessor.java:239)
	at org.springframework.beans.factory.support.DisposableBeanAdapter.destroy(DisposableBeanAdapter.java:202)
	at org.springframework.beans.factory.support.DisposableBeanAdapter.run(DisposableBeanAdapter.java:195)
	at org.springframework.cloud.context.scope.GenericScope$BeanLifecycleWrapper.destroy(GenericScope.java:389)
	at org.springframework.cloud.context.scope.GenericScope.destroy(GenericScope.java:136)
	at org.springframework.beans.factory.support.DisposableBeanAdapter.destroy(DisposableBeanAdapter.java:211)
	at org.springframework.beans.factory.support.DefaultSingletonBeanRegistry.destroyBean(DefaultSingletonBeanRegistry.java:587)
	at org.springframework.beans.factory.support.DefaultSingletonBeanRegistry.destroySingleton(DefaultSingletonBeanRegistry.java:559)
	at org.springframework.beans.factory.support.DefaultListableBeanFactory.destroySingleton(DefaultListableBeanFactory.java:1202)
	at org.springframework.beans.factory.support.DefaultSingletonBeanRegistry.destroySingletons(DefaultSingletonBeanRegistry.java:520)
	at org.springframework.beans.factory.support.DefaultListableBeanFactory.destroySingletons(DefaultListableBeanFactory.java:1195)
	at org.springframework.context.support.AbstractApplicationContext.destroyBeans(AbstractApplicationContext.java:1186)
	at org.springframework.context.support.AbstractApplicationContext.doClose(AbstractApplicationContext.java:1147)
	at org.springframework.boot.web.servlet.context.ServletWebServerApplicationContext.doClose(ServletWebServerApplicationContext.java:174)
	at org.springframework.context.support.AbstractApplicationContext.close(AbstractApplicationContext.java:1093)
	at org.springframework.boot.SpringApplicationShutdownHook.closeAndWait(SpringApplicationShutdownHook.java:145)
	at java.base/java.lang.Iterable.forEach(Iterable.java:75)
	at org.springframework.boot.SpringApplicationShutdownHook.run(SpringApplicationShutdownHook.java:114)
	at java.base/java.lang.Thread.run(Thread.java:1575)
2026-06-13 03:48:39.447 INFO  [SpringApplicationShutdownHook] c.netflix.discovery.DiscoveryClient - Completed shut down of DiscoveryClient
